snp	trait_neg_log10_p	sqtl_neg_log10_p	r2_to_rs7080009	comparison	ld_bin
"rs1001527"	0.602581457648652	0.494157060818106	1.42225767148056e-05	"AD"	"<0.2"
"rs1007521"	0.357832365595055	0.0413448719678353	0.0111327836122536	"AD"	"<0.2"
"rs1010245"	3.07007043991541	4.63793807459034	0.187326724545825	"AD"	"<0.2"
"rs1010246"	1.85325198636936	1.81576581249045	0.0725163115184642	"AD"	"<0.2"
"rs10160056"	3.02118061326716	2.89771726018474	0.112517397525422	"AD"	"<0.2"
"rs10400045"	7.44105155402196	9.31247638946903	0.370970591322728	"AD"	"0.2-0.4"
"rs10444009"	1.33951398421503	1.03332101356642	0.00769902234636871	"AD"	"<0.2"
"rs10458743"	0.622329560665677	1.41189307612839	0.00704037464375467	"AD"	"<0.2"
"rs10466235"	5.79832982035342	9.02402118719944	0.396839641591914	"AD"	"0.2-0.4"
"rs10466236"	3.24856691818065	4.89507267171459	0.229625504908745	"AD"	"0.2-0.4"
"rs1047951"	1.01795502092851	0.0674039803706177	0.00626536247232623	"AD"	"<0.2"
"rs10509415"	0.399244850360382	0.0350924766469924	0.000892143451171604	"AD"	"<0.2"
"rs1052631"	1.0189973100586	0.798389877796844	0.0158050356101063	"AD"	"<0.2"
"rs1063161"	2.07211658966929	0.0425095620135659	0.027591277575724	"AD"	"<0.2"
"rs10736340"	9.53850147321698	9.76630095252618	0.420217767903894	"AD"	"0.4-0.6"
"rs10736342"	8.96337110463784	10.3313830181126	0.451595993767578	"AD"	"0.4-0.6"
"rs10736343"	5.27107835362714	3.61537781154846	0.177093258088484	"AD"	"<0.2"
"rs10736344"	6.82304101941309	9.18326832365478	0.396413200783626	"AD"	"0.2-0.4"
"rs10736345"	6.79182747333288	9.18326832365478	0.396413200783626	"AD"	"0.2-0.4"
"rs10736346"	6.78357016912375	9.18326832365478	0.396413200783626	"AD"	"0.2-0.4"
"rs10736347"	6.78172714642855	9.18326832365478	0.396413200783626	"AD"	"0.2-0.4"
"rs10736348"	6.61996975203217	9.30834837322808	0.401261576828224	"AD"	"0.4-0.6"
"rs10736349"	6.56976364658849	9.30834837322808	0.401261576828224	"AD"	"0.4-0.6"
"rs10736356"	6.36602684421033	9.30834837322808	0.393186055408957	"AD"	"0.2-0.4"
"rs10736365"	4.16152872092807	4.04175442935887	0.17320086442336	"AD"	"<0.2"
"rs10736366"	5.52622116535328	5.93686187345518	0.366446860113705	"AD"	"0.2-0.4"
"rs10748526"	12.2168113089247	13.3799285211888	0.93210418807888	"AD"	"0.8-0.95"
"rs10748557"	0.436400271118469	0.264860385954381	0.000302444563716874	"AD"	"<0.2"
"rs10749549"	2.99869906697958	3.55979800854091	0.171041198957812	"AD"	"<0.2"
"rs10749550"	7.45593195564972	8.38756053761708	0.376657279918274	"AD"	"0.2-0.4"
"rs10749551"	8.1673633724033	8.88090254489974	0.385876300433001	"AD"	"0.2-0.4"
"rs10749559"	3.32817943981675	3.35020285405655	0.118087464218371	"AD"	"<0.2"
"rs10749560"	7.31569335392837	9.31247638946903	0.370970591322728	"AD"	"0.2-0.4"
"rs10749562"	9.2003837955185	9.76630095252618	0.422453445616957	"AD"	"0.4-0.6"
"rs10749569"	6.91542372206567	9.58863454855172	0.396413200783626	"AD"	"0.2-0.4"
"rs10749572"	4.22482661457521	4.6958327282756	0.232225116380786	"AD"	"0.2-0.4"
"rs10749574"	8.93367407463796	9.69561719751093	0.451595993767578	"AD"	"0.4-0.6"
"rs10749575"	4.25243283726238	4.6958327282756	0.232225116380786	"AD"	"0.2-0.4"
"rs10749578"	8.81587664576033	10.447213798334	0.456673145334336	"AD"	"0.4-0.6"
"rs10749579"	6.63469925136201	9.30834837322808	0.401261576828224	"AD"	"0.4-0.6"
"rs10749581"	6.63469925136201	9.30834837322808	0.401261576828224	"AD"	"0.4-0.6"
"rs10749584"	2.68613277963085	3.00426655190753	0.111518048785414	"AD"	"<0.2"
"rs10749592"	3.24063437834407	4.69839060786383	0.229625504908745	"AD"	"0.2-0.4"
"rs10749595"	7.62488531530778	9.80347839659941	0.480201982218575	"AD"	"0.4-0.6"
"rs10749603"	3.78994915012486	3.37238633849435	0.20067030975559	"AD"	"0.2-0.4"
"rs10749604"	2.08560394787021	1.4160908344045	0.0864478290803583	"AD"	"<0.2"
"rs10749608"	5.86870220340238	7.92092010115579	0.467090884948568	"AD"	"0.4-0.6"
"rs10749609"	13.0295136511524	18.2437207530632	0.974688577276089	"AD"	">=0.95"
"rs10749610"	3.22621355501881	4.21652664243157	0.289116916627788	"AD"	"0.2-0.4"
"rs10785884"	4.76170293212461	3.14627563402157	0.218351854391412	"AD"	"0.2-0.4"
"rs10785897"	3.10985853993542	4.47881482667623	0.292410093590186	"AD"	"0.2-0.4"
"rs10785965"	0.936666641048251	0.28972181485972	0.0235400320791192	"AD"	"<0.2"
"rs10785982"	0.0178192544035974	0.771450795176077	0.000671132330614084	"AD"	"<0.2"
"rs10786002"	0.351835221425999	0.0677033377535229	0.00173768711281599	"AD"	"<0.2"
"rs10786020"	0.289797985344615	0.0797681136582413	9.74082953647788e-05	"AD"	"<0.2"
"rs10788541"	7.25845448322379	8.37276424638169	0.375759301425193	"AD"	"0.2-0.4"
"rs10788544"	1.87127771566157	1.81576581249045	0.0725163115184642	"AD"	"<0.2"
"rs10788545"	7.51399481363776	8.38756053761708	0.376657279918274	"AD"	"0.2-0.4"
"rs10788546"	6.9734667354767	6.88943048991387	0.338698415685062	"AD"	"0.2-0.4"
"rs10788549"	4.87745647593125	2.61337620387492	0.136291791487081	"AD"	"<0.2"
"rs10788554"	3.42481215507234	3.16369867585535	0.121258038969414	"AD"	"<0.2"
"rs10788562"	7.39837452044606	9.31247638946903	0.363090376680328	"AD"	"0.2-0.4"
"rs10788563"	3.30277065724028	3.35020285405655	0.118087464218371	"AD"	"<0.2"
"rs10788570"	3.40660315769979	3.05077495899086	0.117644229655627	"AD"	"<0.2"
"rs10788571"	3.2991232916231	3.35020285405655	0.115733813031399	"AD"	"<0.2"
"rs10788576"	7.37892762885637	9.31247638946903	0.37286748901672	"AD"	"0.2-0.4"
"rs10788579"	3.26090255388253	3.35020285405655	0.115733813031399	"AD"	"<0.2"
"rs10788586"	6.7867479478036	9.18326832365478	0.396413200783626	"AD"	"0.2-0.4"
"rs10788588"	2.99353395775077	2.89771726018474	0.112517397525422	"AD"	"<0.2"
"rs10788603"	3.33611070137734	4.72341872383242	0.229625504908745	"AD"	"0.2-0.4"
"rs10788619"	4.11952940719622	4.04175442935887	0.173030716856869	"AD"	"<0.2"
"rs10788620"	2.86012091359876	2.99877701316314	0.145660776239712	"AD"	"<0.2"
"rs10788622"	2.82973828460504	2.69467658109766	0.1469784098276	"AD"	"<0.2"
"rs10788623"	4.29756946355448	2.07341731707927	0.198145279485821	"AD"	"<0.2"
"rs10788625"	2.87289520163519	2.69467658109766	0.1469784098276	"AD"	"<0.2"
"rs10788626"	5.00458420145759	2.88044720233288	0.213912544612076	"AD"	"0.2-0.4"
"rs10788627"	4.96617430604669	3.12358469272143	0.213912544612076	"AD"	"0.2-0.4"
"rs10788630"	5.34746358140697	2.94220081397066	0.234095211025029	"AD"	"0.2-0.4"
"rs10788640"	3.07257830494958	2.09655295261766	0.144144111202481	"AD"	"<0.2"
"rs10881600"	3.04682039893437	4.21652664243157	0.287758108085505	"AD"	"0.2-0.4"
"rs10881776"	3.06373765809652	3.85364246931395	0.302366918053475	"AD"	"0.2-0.4"
"rs10881799"	0.165197945951301	0.420962201282934	2.50808840229876e-07	"AD"	"<0.2"
"rs10881806"	5.12038809293415	2.33383502714047	0.0238753128855341	"AD"	"<0.2"
"rs10881815"	3.35017853677544	3.36403497584204	0.036348809071621	"AD"	"<0.2"
"rs10881816"	2.75080164260889	2.45895021906863	0.0330668755625594	"AD"	"<0.2"
"rs10881857"	1.39061905574929	0.0495309663947341	0.0139035448403502	"AD"	"<0.2"
"rs10881906"	0.00392634551472468	0.417259574787052	0.00265236431727307	"AD"	"<0.2"
"rs10881912"	0.589054141312226	0.145601035195598	0.00115101297611995	"AD"	"<0.2"
"rs10881916"	0.546375926408549	0.325359276023088	0.000321106436360573	"AD"	"<0.2"
"rs10881952"	1.10023419805561	0.075789999774844	0.000171939541998546	"AD"	"<0.2"
"rs10881953"	0.203633845022479	0.0797681136582413	9.74082953647788e-05	"AD"	"<0.2"
"rs10881984"	0.304781081094849	0.0797681136582413	9.74082953647788e-05	"AD"	"<0.2"
"rs10882008"	1.15366288787019	0.0369983904244862	0.000667972674324001	"AD"	"<0.2"
"rs10882011"	1.040481623027	0.310666274010612	0.00207669415209219	"AD"	"<0.2"
"rs10887701"	3.62105730138656	3.49958375019749	0.14537415169423	"AD"	"<0.2"
"rs10887705"	3.94195376960472	3.40823218282447	0.143551755020569	"AD"	"<0.2"
"rs10887706"	2.36957212497498	1.16968148618986	0.0199977799158712	"AD"	"<0.2"
"rs10887708"	1.87745647593125	1.81576581249045	0.0725163115184642	"AD"	"<0.2"
"rs10887710"	0.842241113953136	1.6490855410261	0.0568150635758904	"AD"	"<0.2"
"rs10887711"	6.93516778026143	6.88943048991387	0.338698415685062	"AD"	"0.2-0.4"
"rs10887718"	5.93033190308841	4.11345569634589	0.229480717084185	"AD"	"0.2-0.4"
"rs10887736"	9.71489297043319	9.76630095252618	0.420217767903894	"AD"	"0.4-0.6"
"rs10887739"	7.35664603802314	9.31247638946903	0.370970591322728	"AD"	"0.2-0.4"
"rs10887761"	5.14044142737395	3.61537781154846	0.171783949575164	"AD"	"<0.2"
"rs10887798"	6.94043658209873	9.18326832365478	0.399227748355551	"AD"	"0.2-0.4"
"rs10887808"	6.92628164965388	9.18326832365478	0.397264421378555	"AD"	"0.2-0.4"
"rs10887825"	6.36663255488299	9.30834837322808	0.401261576828224	"AD"	"0.4-0.6"
"rs10887826"	3.32294082260784	4.79658360115356	0.229625504908745	"AD"	"0.2-0.4"
"rs10887828"	3.23687162320086	4.87726655456901	0.242021643331153	"AD"	"0.2-0.4"
"rs10887838"	7.81360878430451	10.4486427264773	0.469393624865787	"AD"	"0.4-0.6"
"rs10887847"	2.62911698322239	3.70254371096075	0.139474062428119	"AD"	"<0.2"
"rs10887865"	2.74884865682465	3.1670404213428	0.148202844484406	"AD"	"<0.2"
"rs10887868"	2.76980662113095	3.07757870651929	0.148202844484406	"AD"	"<0.2"
"rs10887869"	4.46737299877111	5.37132504073736	0.307960102398409	"AD"	"0.2-0.4"
"rs10887871"	2.83803338363593	3.2530787012421	0.145660776239712	"AD"	"<0.2"
"rs10887872"	2.87712907713556	3.92064868858259	0.171241678039859	"AD"	"<0.2"
"rs10887873"	2.81815641205523	3.2530787012421	0.148920230511854	"AD"	"<0.2"
"rs10887880"	5.57170318601712	3.20708117289253	0.234095211025029	"AD"	"0.2-0.4"
"rs10887884"	5.56035157043653	3.20708117289253	0.234095211025029	"AD"	"0.2-0.4"
"rs10887894"	6.83893161452883	3.231259071177	0.276222273296138	"AD"	"0.2-0.4"
"rs10887895"	6.84345084866822	3.231259071177	0.276222273296138	"AD"	"0.2-0.4"
"rs10887896"	6.84588047448415	3.231259071177	0.271950652745491	"AD"	"0.2-0.4"
"rs10887898"	5.06128018521762	2.90453075755126	0.237285982900882	"AD"	"0.2-0.4"
"rs10887899"	6.85542579239038	3.231259071177	0.271950652745491	"AD"	"0.2-0.4"
"rs10887900"	6.83983170704149	3.231259071177	0.276222273296138	"AD"	"0.2-0.4"
"rs10887901"	6.85047298624565	3.231259071177	0.275007022016137	"AD"	"0.2-0.4"
"rs10887902"	6.84375380960266	3.231259071177	0.275007022016137	"AD"	"0.2-0.4"
"rs10887903"	6.83416237530987	3.231259071177	0.275007022016137	"AD"	"0.2-0.4"
"rs10887914"	6.77469071827414	3.57425715959529	0.286476842256746	"AD"	"0.2-0.4"
"rs10887933"	4.05202742075422	3.08551139710121	0.202278598882496	"AD"	"0.2-0.4"
"rs10887949"	0.422048872270245	1.04582650061097	0.0922720878352723	"AD"	"<0.2"
"rs111391217"	1.47703440450801	0.497313473379138	0.00738768345650718	"AD"	"<0.2"
"rs111397159"	0.0193150256366853	0.0226262569416014	0.00255611631685548	"AD"	"<0.2"
"rs111442768"	1.02383349986802	0.163134935933756	2.26230807774861e-05	"AD"	"<0.2"
"rs111457648"	1.18217030025439	0.0380699169064382	0.000834153865432407	"AD"	"<0.2"
"rs111638833"	0.38132446111486	0.214000017704385	0.00255611631685548	"AD"	"<0.2"
"rs111712776"	1.49825627037201	0.180668657570622	0.0193560912257174	"AD"	"<0.2"
"rs111715594"	0.837435593476981	0.105536058634459	0.00255611631685548	"AD"	"<0.2"
"rs111791162"	0.228265574613231	0.959338334090889	0.00013873886066511	"AD"	"<0.2"
"rs111791542"	0.740167300936516	0.230779284522305	0.00339704130116269	"AD"	"<0.2"
"rs11185829"	1.95742448755981	1.37240988412128	0.0700037174728361	"AD"	"<0.2"
"rs11185835"	3.97305837204097	6.34014652532576	0.204290377943996	"AD"	"0.2-0.4"
"rs11185932"	4.94005811193805	1.60283024379531	0.124387067681062	"AD"	"<0.2"
"rs11185939"	4.33395026151948	1.3740458438393	0.0244424727505111	"AD"	"<0.2"
"rs11185982"	7.15378663612061	11.2879221591141	0.610032689426398	"AD"	"0.6-0.8"
"rs11186024"	2.75300930075845	4.30695844061248	0.260724498165299	"AD"	"0.2-0.4"
"rs11186029"	5.18475440808344	1.14731449707267	0.0866672925324146	"AD"	"<0.2"
"rs11186034"	0.451119437362485	0.428158455036695	0.000645825505429471	"AD"	"<0.2"
"rs11186045"	0.186485728458117	1.62013452191694	0.018944762935447	"AD"	"<0.2"
"rs11186047"	4.56735133998689	0.887083463726355	0.082536897002486	"AD"	"<0.2"
"rs11186065"	0.0819172153578128	0.0285817297389937	0.0200498298132634	"AD"	"<0.2"
"rs11186102"	3.0769114845576	4.20095459531847	0.302366918053475	"AD"	"0.2-0.4"
"rs11186124"	3.32084475871665	0.431198893842858	0.0410163986623974	"AD"	"<0.2"
"rs11186128"	3.2401056259745	4.20095459531847	0.295450981079297	"AD"	"0.2-0.4"
"rs11186141"	3.05998184499234	4.20095459531847	0.290904614999058	"AD"	"0.2-0.4"
"rs11186149"	0.484921324924077	1.00296722454644	0.0159643406732183	"AD"	"<0.2"
"rs11186151"	0.792634962530928	0.0613492057162855	0.0233297680626217	"AD"	"<0.2"
"rs11186192"	0.318306607995436	0.678515490991412	0.0391141669567985	"AD"	"<0.2"
"rs11186196"	0.614393726401688	0.863260413063794	0.0418146896264026	"AD"	"<0.2"
"rs11186197"	0.643209539648284	0.863260413063794	0.0418146896264026	"AD"	"<0.2"
"rs11186200"	0.628932137728264	0.863260413063794	0.0418146896264026	"AD"	"<0.2"
"rs11186203"	0.224535190654261	0.745401173579604	0.010843572880277	"AD"	"<0.2"
"rs11186207"	0.553773598221837	0.702478033487252	0.0419679367096179	"AD"	"<0.2"
"rs11186209"	0.553773598221837	0.702478033487252	0.0419679367096179	"AD"	"<0.2"
"rs11186210"	0.535361440904967	0.702478033487252	0.0422177744248802	"AD"	"<0.2"
"rs11186212"	0.544089759617257	0.702478033487252	0.0419679367096179	"AD"	"<0.2"
"rs11186218"	0.238673677578543	0.745401173579604	0.010843572880277	"AD"	"<0.2"
"rs11186220"	0.527828853307637	0.682847968536039	0.0419679367096179	"AD"	"<0.2"
"rs11186223"	0.541211118289155	0.682847968536039	0.0419679367096179	"AD"	"<0.2"
"rs11186224"	0.549750891680639	0.682847968536039	0.0419679367096179	"AD"	"<0.2"
"rs11186234"	0.548060130634897	0.937387935810479	0.0397762689460615	"AD"	"<0.2"
"rs11186236"	0.544393887418133	0.864161597284022	0.040856776653485	"AD"	"<0.2"
"rs11186244"	3.36101184065632	3.37490475058419	0.0480683412477497	"AD"	"<0.2"
"rs11186259"	2.84618513565547	4.53214485335162	0.0532323025750314	"AD"	"<0.2"
"rs11186273"	4.53895190832934	2.58309167712666	0.0448396720992497	"AD"	"<0.2"
"rs11186280"	1.0389112802321	3.01578963473346	0.148517549883646	"AD"	"<0.2"
"rs11186296"	0.0504636266238574	1.42499122295375	0.00300061480472801	"AD"	"<0.2"
"rs11186301"	0.107071017644794	0.986497086438944	0.00520776672831329	"AD"	"<0.2"
"rs11186348"	1.41016205685254	0.139868107575506	0.0127093803734185	"AD"	"<0.2"
"rs11186357"	0.336487529584844	1.10344347113614	0.0115542819185175	"AD"	"<0.2"
"rs11186370"	1.48122293107323	0.0120317998602587	0.0145410360546966	"AD"	"<0.2"
"rs11186409"	1.47378999615834	0.0120317998602587	0.0134923893546904	"AD"	"<0.2"
"rs11186419"	0.576426480267265	0.450067802165963	0.00148142418395312	"AD"	"<0.2"
"rs11186429"	1.00187149287173	0.0446389350428569	0.00624386202812471	"AD"	"<0.2"
"rs11186456"	0.13697470377053	0.264104221011358	0.000517551339927428	"AD"	"<0.2"
"rs11186460"	0.138167002342055	0.150084533057333	0.00041112576980422	"AD"	"<0.2"
"rs11186481"	0.517984423549288	0.314275275329261	0.000136923101652747	"AD"	"<0.2"
"rs11186530"	1.02937422331171	0.0748132633583677	1.25046284477228e-05	"AD"	"<0.2"
"rs11186564"	0.0159680197288195	0.17619137547262	0.000290155440690247	"AD"	"<0.2"
"rs11186568"	0.025672564576383	0.151908225162443	0.000290155440690247	"AD"	"<0.2"
"rs11186576"	0.138943755423127	0.211591913547175	1.34747654864913e-05	"AD"	"<0.2"
"rs11186592"	0.315873074386925	0.097814286301	0.00173768711281599	"AD"	"<0.2"
"rs11186609"	0.283579266153445	0.34619531942911	0.00345031700635258	"AD"	"<0.2"
"rs11186615"	0.187153463032929	0.3954175827688	0.00394413378452253	"AD"	"<0.2"
"rs11186617"	0.675511766692344	0.0164093418177633	0.00194578028468366	"AD"	"<0.2"
"rs11186663"	0.327348077159998	0.00837703647371167	0.000644923582413123	"AD"	"<0.2"
"rs11186671"	0.288614620901548	0.0518140221779264	8.16409491145678e-08	"AD"	"<0.2"
"rs11186675"	0.230992129056226	0.0797681136582413	9.74082953647788e-05	"AD"	"<0.2"
"rs11186713"	0.311847244408434	0.0518140221779264	8.16409491145678e-08	"AD"	"<0.2"
"rs11186715"	0.112101511903128	0.223131085821406	0.000745310043263885	"AD"	"<0.2"
"rs11186730"	0.378719832449585	0.0518140221779264	8.16409491145678e-08	"AD"	"<0.2"
"rs11186741"	0.122859110215179	0.0797681136582413	0.00074667059766642	"AD"	"<0.2"
"rs11186772"	1.67039875164348	0.0579641530202421	0.000661839025338974	"AD"	"<0.2"
"rs11186776"	1.76929568638743	0.0417214401928415	0.000290028304169563	"AD"	"<0.2"
"rs11186779"	0.599807511407424	0.0091844822753943	3.43203989908375e-07	"AD"	"<0.2"
"rs11186787"	0.680061560019691	0.167231865319019	0.000154866600397328	"AD"	"<0.2"
"rs11186793"	1.03517488211661	0.310666274010612	0.00189133459531375	"AD"	"<0.2"
"rs111953546"	0.474178047843337	0.373302487601351	0.00426170364690466	"AD"	"<0.2"
"rs11202342"	3.0692037370167	4.23916904968093	0.187854296035515	"AD"	"<0.2"
"rs11202356"	0.686765708305276	0.0723961252941651	0.0197615758202352	"AD"	"<0.2"
"rs11202358"	0.676747899828313	0.0723961252941651	0.0197615758202352	"AD"	"<0.2"
"rs11202363"	0.787279845582158	1.69849688115606	0.0578793416726342	"AD"	"<0.2"
"rs11202373"	2.30644891440409	6.1751617784791	0.131256930818317	"AD"	"<0.2"
"rs11202393"	0.707743928643524	0.0723961252941651	0.0197615758202352	"AD"	"<0.2"
"rs11202403"	0.805763251276171	1.6490855410261	0.0568150635758904	"AD"	"<0.2"
"rs11202404"	0.751046384504292	0.0723961252941651	0.0167842486034082	"AD"	"<0.2"
"rs11202421"	0.667763584508557	0.0723961252941651	0.0194589687016165	"AD"	"<0.2"
"rs11202532"	0.146484303243071	0.160197138887366	0.0123471949528617	"AD"	"<0.2"
"rs11202540"	0.14923127307112	0.160197138887366	0.0123471949528617	"AD"	"<0.2"
"rs11202551"	1.23106605781322	1.58774110610186	0.0728151515630057	"AD"	"<0.2"
"rs11202665"	0.261457259071215	0.325713095074929	0.011170655915732	"AD"	"<0.2"
"rs11202666"	1.03072390451107	1.30214756918035	0.0689096854626479	"AD"	"<0.2"
"rs11202699"	8.86138156610051	10.3313830181126	0.451595993767578	"AD"	"0.4-0.6"
"rs11202720"	6.79102148272375	9.18326832365478	0.396413200783626	"AD"	"0.2-0.4"
"rs11202721"	6.79452496325911	9.18326832365478	0.396413200783626	"AD"	"0.2-0.4"
"rs11202724"	6.83893161452883	9.18326832365478	0.396413200783626	"AD"	"0.2-0.4"
"rs11202725"	6.83654044823001	9.18326832365478	0.396413200783626	"AD"	"0.2-0.4"
"rs11202737"	2.05958313531833	1.5695250356426	0.0223611013019879	"AD"	"<0.2"
"rs11202751"	6.37778597703371	9.30834837322808	0.401261576828224	"AD"	"0.4-0.6"
"rs11202815"	2.86075078242839	3.83567689143171	0.139333644013008	"AD"	"<0.2"
"rs11202832"	2.42852409631806	3.25548249381422	0.137595828932441	"AD"	"<0.2"
"rs11202934"	5.61493022366807	3.20708117289253	0.234095211025029	"AD"	"0.2-0.4"
"rs11202935"	5.60712725459792	3.20708117289253	0.234095211025029	"AD"	"0.2-0.4"
"rs11202936"	5.16857818293498	2.4548191071093	0.233079546052193	"AD"	"0.2-0.4"
"rs11202957"	6.83654044823001	3.231259071177	0.271950652745491	"AD"	"0.2-0.4"
"rs11202959"	6.83091364251298	3.231259071177	0.276222273296138	"AD"	"0.2-0.4"
"rs11202960"	6.84496777120903	3.231259071177	0.276222273296138	"AD"	"0.2-0.4"
"rs11202963"	6.83475567387469	3.231259071177	0.276222273296138	"AD"	"0.2-0.4"
"rs11203026"	0.332920794535783	0.0796736676133015	0.0104142917197222	"AD"	"<0.2"
"rs11203034"	3.97224279530945	3.08551139710121	0.201472770455365	"AD"	"0.2-0.4"
"rs11203116"	3.02058821736556	4.60434167766587	0.289116916627788	"AD"	"0.2-0.4"
"rs112234136"	0.543937775545049	0.682847968536039	0.0419679367096179	"AD"	"<0.2"
"rs112618690"	0.460798400705872	0.0382705002578627	4.82709920774147e-05	"AD"	"<0.2"
"rs112659149"	0.370488465799547	0.713583952509895	0.017237175856887	"AD"	"<0.2"
"rs112699374"	0.434624497285926	0.848942880792422	4.18963309571718e-05	"AD"	"<0.2"
"rs112718695"	0.546375926408549	1.3075346874989	0.01674598633925	"AD"	"<0.2"
"rs112834316"	0.170889289844705	0.378259917113024	0.00029784733630008	"AD"	"<0.2"
"rs113022090"	1.4780777551165	0.497313473379138	0.00738768345650718	"AD"	"<0.2"
"rs113077154"	0.0543837207732682	0.194638491846184	2.58581857529659e-05	"AD"	"<0.2"
"rs113339529"	0.501965276312973	0.815104243381454	0.000910490048908443	"AD"	"<0.2"
"rs1133838"	1.27099729072781	0.0803660526114613	0.0202280193364451	"AD"	"<0.2"
"rs113471512"	0.0289562081639713	0.152118386097317	0.00559762741190039	"AD"	"<0.2"
"rs113558021"	0.247644195846499	0.864355405705437	0.00255611631685548	"AD"	"<0.2"
"rs113582501"	0.525346746637937	0.0382705002578627	4.82709920774147e-05	"AD"	"<0.2"
"rs113659868"	1.2951633937886	0.000688467869952259	0.00626536247232623	"AD"	"<0.2"
"rs113801934"	0.46864883541694	0.446515056835815	6.4546878484508e-05	"AD"	"<0.2"
"rs113900355"	0.0188612173593396	0.0949092738976085	0.00222398640103085	"AD"	"<0.2"
"rs113927442"	0.305394801066431	0.0266014897277192	8.16409491145678e-08	"AD"	"<0.2"
"rs114113383"	0.358327626775314	0.0955652414063802	0.00255611631685548	"AD"	"<0.2"
"rs114240672"	0.899974269892137	0.0674039803706177	0.00626536247232623	"AD"	"<0.2"
"rs1143694"	7.73329803311591	8.38756053761708	0.376657279918274	"AD"	"0.2-0.4"
"rs114419517"	0.277448337999042	0.125923674402527	0.00255611631685548	"AD"	"<0.2"
"rs114437786"	1.04648191855501	0.436072983172712	0.00199793107920486	"AD"	"<0.2"
"rs114457204"	0.282246306789284	0.417921857684629	0.0141511931407551	"AD"	"<0.2"
"rs114665833"	0.514562518923699	0.32003365775686	0.0117193913699997	"AD"	"<0.2"
"rs114784526"	1.10419084983087	0.0674039803706177	0.00626536247232623	"AD"	"<0.2"
"rs114804917"	1.49417196614516	0.274205120447635	0.0200282803182381	"AD"	"<0.2"
"rs114898062"	1.24941447265899	0.229672402595408	0.0234390064678591	"AD"	"<0.2"
"rs11492703"	0.352421445787545	0.183548565585098	0.000807761254612771	"AD"	"<0.2"
"rs114958515"	1.38764005203223	0.15769412367114	0.00734786317905254	"AD"	"<0.2"
"rs115141600"	0.519418213170831	0.0413448719678353	0.0111327836122536	"AD"	"<0.2"
"rs11516914"	0.622693748931801	0.863260413063794	0.0418146896264026	"AD"	"<0.2"
"rs115209327"	0.831207979685818	0.681166892524023	0.000910490048908443	"AD"	"<0.2"
"rs115254492"	0.319573829141855	0.125923674402527	0.00255611631685548	"AD"	"<0.2"
"rs11528011"	3.35892268667463	3.16369867585535	0.121258038969414	"AD"	"<0.2"
"rs11528056"	0.42388910587916	0.0518140221779264	8.16409491145678e-08	"AD"	"<0.2"
"rs11528422"	1.19260028724051	1.62196567754267	0.0467744568454127	"AD"	"<0.2"
"rs115292843"	0.688246138944246	0.892535635451621	0.0172863655679977	"AD"	"<0.2"
"rs115481333"	0.620875853929608	0.0295736188888087	0.00255611631685548	"AD"	"<0.2"
"rs11553840"	1.73992861201493	1.31963819397847	0.0222656567886166	"AD"	"<0.2"
"rs1157794"	0.337998120610083	0.331492013391707	0.000389647831047522	"AD"	"<0.2"
"rs115830718"	0.497982785172853	0.0623281763673679	0.0134233501373405	"AD"	"<0.2"
"rs11592611"	4.8523236757589	4.19463441267422	0.136493892279046	"AD"	"<0.2"
"rs11593669"	0.474307475494989	0.373302487601351	0.00426170364690466	"AD"	"<0.2"
"rs11593762"	2.73565449294991	1.99397917727282	0.116896870572419	"AD"	"<0.2"
"rs115954250"	0.680477550934546	0.32003365775686	0.0139145307039969	"AD"	"<0.2"
"rs11595587"	0.123897678622206	0.805280353350868	0.0198461310336818	"AD"	"<0.2"
"rs11598179"	1.72010501998836	1.53811147365603	0.091021684526168	"AD"	"<0.2"
"rs11599251"	1.18462151503408	0.554140587515197	0.0186392158847207	"AD"	"<0.2"
"rs116031102"	0.355462942221593	0.461218970218154	0.0180127523921373	"AD"	"<0.2"
"rs116101469"	1.87484417041947	0.117203472839726	0.0171028826944395	"AD"	"<0.2"
"rs116240977"	0.275396484603283	0.417921857684629	0.0141511931407551	"AD"	"<0.2"
"rs116264537"	0.239577516576788	0.0228802550862252	0.000142912823177862	"AD"	"<0.2"
"rs116281073"	1.43557067300202	0.543858764842309	0.00243306265076783	"AD"	"<0.2"
"rs116396157"	1.7788466780453	0.274205120447635	0.0191647763711868	"AD"	"<0.2"
"rs116698876"	1.82856609905699	0.360272524245284	0.0171028826944395	"AD"	"<0.2"
"rs116700065"	0.258060922270801	0.417921857684629	0.0157993940458804	"AD"	"<0.2"
"rs116848392"	1.01768353030793	0.0413448719678353	0.00771179708528108	"AD"	"<0.2"
"rs116865673"	1.41668784801692	0.15769412367114	0.00734786317905254	"AD"	"<0.2"
"rs116895782"	0.259874263034269	0.466940066715886	0.00238224179563534	"AD"	"<0.2"
"rs116924979"	0.509199047989145	0.0601469182355772	0.000726122185947846	"AD"	"<0.2"
"rs116928756"	1.01623843971384	0.0674039803706177	0.00626536247232623	"AD"	"<0.2"
"rs116932392"	1.38007228970853	0.2972981142911	0.014152501878062	"AD"	"<0.2"
"rs116946838"	0.112664069600833	0.778298935615403	0.00614345431234083	"AD"	"<0.2"
"rs116971035"	0.313900228004084	0.439817093646502	0.00598498016662126	"AD"	"<0.2"
"rs117006677"	0.938170692705301	0.0413448719678353	0.00697866208114276	"AD"	"<0.2"
"rs117011686"	0.513994813637758	2.05899321846304	0.00585058525153391	"AD"	"<0.2"
"rs117042179"	0.00983880710152098	0.468521082957745	0.00141854275051639	"AD"	"<0.2"
"rs117134471"	0.316142794599654	0.677817932102845	0.00150426006872209	"AD"	"<0.2"
"rs117150063"	0.480828536178341	0.854002272213494	0.000462216768082689	"AD"	"<0.2"
"rs117183232"	1.03682628362475	0.0674039803706177	0.00626536247232623	"AD"	"<0.2"
"rs117210248"	1.52753610339301	0.401156987254484	0.00243306265076783	"AD"	"<0.2"
"rs117230638"	1.12004441487725	0.153684541268776	0.00846336297721061	"AD"	"<0.2"
"rs117293224"	1.0226422704547	0.0674039803706177	0.00626536247232623	"AD"	"<0.2"
"rs117311251"	0.566070234391536	0.32003365775686	0.012437813861543	"AD"	"<0.2"
"rs117321518"	1.18508681872493	0.805960450184778	0.000725892409979144	"AD"	"<0.2"
"rs117373597"	0.597222930389653	0.466983340505744	0.00158063629744753	"AD"	"<0.2"
"rs117374375"	1.17431429197824	0.0166633390828672	0.00734786317905254	"AD"	"<0.2"
"rs117386603"	0.803547458296611	0.772612120977061	0.00409042988186378	"AD"	"<0.2"
"rs117403636"	0.988006885340743	0.0172418159365918	0.0020750320004935	"AD"	"<0.2"
"rs117405726"	0.0224135619961489	0.714523706845486	0.00303638980472368	"AD"	"<0.2"
"rs117417712"	1.5151309672796	0.107361199942385	0.00182527968825391	"AD"	"<0.2"
"rs117445391"	0.38111551500455	0.0413448719678353	0.0111327836122536	"AD"	"<0.2"
"rs117471097"	1.10187842445889	0.153684541268776	0.00846336297721061	"AD"	"<0.2"
"rs117485833"	1.54393777554505	0.661706895601329	0.0155710577532889	"AD"	"<0.2"
"rs117537719"	0.390085589914002	0.0709475690508571	0.0157086069821558	"AD"	"<0.2"
"rs117572636"	0.320208829019646	0.923687312023142	0.00190231193327412	"AD"	"<0.2"
"rs117590505"	1.00682839496924	0.0674039803706177	0.00626536247232623	"AD"	"<0.2"
"rs117598755"	0.963371104637839	0.0674039803706177	0.00734786317905254	"AD"	"<0.2"
"rs117641451"	0.594141600682363	3.4041126484131	0.0288345481259277	"AD"	"<0.2"
"rs117685683"	0.488383979430862	0.940016500348839	0.00372109994774863	"AD"	"<0.2"
"rs117707674"	0.0653500770992891	0.486115484239392	0.000991806040632631	"AD"	"<0.2"
"rs117738726"	0.329661358872558	0.439817093646502	0.00445459470748065	"AD"	"<0.2"
"rs117819764"	0.0705299838225105	0.677301178099954	0.00225643824416713	"AD"	"<0.2"
"rs117880525"	0.491470281028713	0.592075691458736	0.00321115666786058	"AD"	"<0.2"
"rs117895943"	0.911863911299449	0.0674039803706177	0.00626536247232623	"AD"	"<0.2"
"rs117910813"	0.660151216962363	0.0930290693829786	0.0060019554806888	"AD"	"<0.2"
"rs117912407"	0.881074247174223	0.0674039803706177	0.00626536247232623	"AD"	"<0.2"
"rs117945051"	0.2699448476245	0.497571514311797	0.00303638980472368	"AD"	"<0.2"
"rs117976013"	0.287687091318635	0.923687312023142	0.00234486340884178	"AD"	"<0.2"
"rs118003587"	0.193006486317893	0.412721300098328	0.00180427189798247	"AD"	"<0.2"
"rs118004410"	0.679230771661314	0.456791467851992	6.7123298470868e-06	"AD"	"<0.2"
"rs118019862"	1.0795114353417	0.480793058199324	0.00760012070615584	"AD"	"<0.2"
"rs118032778"	0.299988937677888	0.385261984178316	0.00674472607423309	"AD"	"<0.2"
"rs118059818"	0.0705299838225105	0.677301178099954	0.00225643824416713	"AD"	"<0.2"
"rs118067046"	0.928486194904911	0.0674039803706177	0.00626536247232623	"AD"	"<0.2"
"rs118068989"	1.47573373123302	0.497313473379138	0.0076518922318608	"AD"	"<0.2"
"rs118086784"	0.86518562967954	0.690325128090126	0.0172902633571258	"AD"	"<0.2"
"rs118102244"	0.814174640387038	0.808375749448127	0.0270881586553464	"AD"	"<0.2"
"rs118111066"	0.321572677566133	2.08357026733267	0.00683116037196973	"AD"	"<0.2"
"rs118121805"	1.22870655737094	0.113380133723061	0.00626536247232623	"AD"	"<0.2"
"rs11812910"	0.0319375399235508	0.125963722058373	0.012860463036221	"AD"	"<0.2"
"rs11813417"	1.61708286491247	0.0724946467736827	0.00187931831284148	"AD"	"<0.2"
"rs11814452"	0.56304266933055	0.316622411083757	0.010843572880277	"AD"	"<0.2"
"rs118149092"	0.909741947068684	0.0413448719678353	0.00846336297721061	"AD"	"<0.2"
"rs11815361"	0.736363931411892	1.77098662036078	0.113523239550626	"AD"	"<0.2"
"rs118153632"	0.0566539016434093	0.673066371454906	0.00110500129334594	"AD"	"<0.2"
"rs11815743"	2.95781840548423	3.56159848355002	0.171041198957812	"AD"	"<0.2"
"rs11816070"	0.780415473785745	1.77098662036078	0.113523239550626	"AD"	"<0.2"
"rs11816639"	0.0671712330991534	0.409904169883338	6.44599291247846e-06	"AD"	"<0.2"
"rs11817629"	3.27539648460328	4.23916904968093	0.190251977672437	"AD"	"<0.2"
"rs11817631"	3.21056031543282	4.23916904968093	0.190251977672437	"AD"	"<0.2"
"rs12217242"	0.150273555803672	0.474565151331591	0.00238499941712232	"AD"	"<0.2"
"rs12219619"	0.524764777395872	1.41189307612839	0.00585064121426451	"AD"	"<0.2"
"rs12220111"	2.62433638603911	0.0827781610878869	0.0119261436637332	"AD"	"<0.2"
"rs12220642"	3.74714696902011	4.18963707878354	0.327514800094779	"AD"	"0.2-0.4"
"rs12220655"	3.75547548842992	4.50685017739572	0.327514800094779	"AD"	"0.2-0.4"
"rs12240624"	0.3658251282374	0.74937022069246	0.0235241035894223	"AD"	"<0.2"
"rs12240821"	2.2653601610123	1.50574797904592	0.0323193017148385	"AD"	"<0.2"
"rs12240965"	0.468521082957745	1.00296722454644	0.0159643406732183	"AD"	"<0.2"
"rs12241017"	0.469800301796918	1.00296722454644	0.0159643406732183	"AD"	"<0.2"
"rs12242580"	0.479254528480518	1.00296722454644	0.0159643406732183	"AD"	"<0.2"
"rs12242871"	5.94923368876696	4.11345569634589	0.22732913444191	"AD"	"0.2-0.4"
"rs12243395"	0.409604052815987	0.718741585554188	0.00298270647333694	"AD"	"<0.2"
"rs12243537"	0.0775340547015867	0.0199125062192902	0.00535453635885584	"AD"	"<0.2"
"rs12246025"	0.360912128916263	0.0228802550862252	3.82372103036386e-05	"AD"	"<0.2"
"rs12246043"	0.211831628858832	0.745401173579604	0.010843572880277	"AD"	"<0.2"
"rs12246432"	1.995248844409	1.52557538285375	0.0700037174728361	"AD"	"<0.2"
"rs12246441"	2.03277974021703	1.52557538285375	0.0700037174728361	"AD"	"<0.2"
"rs12247537"	2.08066036321259	2.28486778879187	0.197079887941066	"AD"	"<0.2"
"rs12248524"	0.215097550113345	0.745401173579604	0.010843572880277	"AD"	"<0.2"
"rs12248820"	1.78489141894691	0.133459248696619	0.0303322831518891	"AD"	"<0.2"
"rs12252644"	1.18402399902801	0.0640526169149326	1.25046284477228e-05	"AD"	"<0.2"
"rs12253992"	5.28408018256642	8.63840058307473	0.408568158315282	"AD"	"0.4-0.6"
"rs12255425"	1.14910881586408	0.0453412499398475	2.13451751224345e-07	"AD"	"<0.2"
"rs12256937"	0.193684330191887	1.18528572192307	0.0268855203241386	"AD"	"<0.2"
"rs12257181"	0.232695682546727	0.0228802550862252	3.82372103036386e-05	"AD"	"<0.2"
"rs12257612"	2.97592501269257	3.55979800854091	0.170237314566979	"AD"	"<0.2"
"rs12258799"	0.590404980603184	1.3075346874989	0.01674598633925	"AD"	"<0.2"
"rs12260841"	0.499351936628088	0.428158455036695	0.000645825505429471	"AD"	"<0.2"
"rs12260866"	2.93442028527155	4.72403941720609	0.237382965875212	"AD"	"0.2-0.4"
"rs12260962"	0.671620396561262	2.0449591229871	0.0959264818759207	"AD"	"<0.2"
"rs12261331"	6.63339028960757	12.1112040546078	0.647449086223928	"AD"	"0.6-0.8"
"rs12261924"	1.48825028865502	0.178870497390907	0.0149760361564353	"AD"	"<0.2"
"rs12262106"	0.218603694803209	0.0228802550862252	0.00222398640103085	"AD"	"<0.2"
"rs12262228"	2.95428594105913	4.72403941720609	0.237382965875212	"AD"	"0.2-0.4"
"rs12262272"	0.695078838099108	0.0659289836009527	0.0060019554806888	"AD"	"<0.2"
"rs12264252"	1.72746222262476	1.24652265527478	0.0769025772952831	"AD"	"<0.2"
"rs12265331"	0.468904453129972	1.00296722454644	0.0159643406732183	"AD"	"<0.2"
"rs12265354"	0.602059991327962	1.3075346874989	0.01674598633925	"AD"	"<0.2"
"rs12266667"	0.228780098050466	0.0228802550862252	0.000142912823177862	"AD"	"<0.2"
"rs12266780"	0.222065951162221	0.745401173579604	0.010843572880277	"AD"	"<0.2"
"rs12266869"	0.468776625466973	1.00296722454644	0.0159643406732183	"AD"	"<0.2"
"rs12266971"	0.413637776692134	1.00296722454644	0.0183440273289667	"AD"	"<0.2"
"rs12267227"	4.54136215097435	0.856744685960434	0.0837978392013595	"AD"	"<0.2"
"rs12267815"	0.286845598162702	0.0797681136582413	9.74082953647788e-05	"AD"	"<0.2"
"rs12268126"	0.438302467346007	0.293965339285649	0.000910490048908443	"AD"	"<0.2"
"rs12268524"	0.778846678045295	0.0613492057162855	0.0233297680626217	"AD"	"<0.2"
"rs12269333"	1.93854752091281	1.52557538285375	0.0700037174728361	"AD"	"<0.2"
"rs12269629"	2.00841954282566	1.54819361501071	0.0696449025804691	"AD"	"<0.2"
"rs12354540"	0.520136886976902	0.0723961252941651	0.0206075032425781	"AD"	"<0.2"
"rs12354594"	0.622875957653544	0.0723961252941651	0.0197615758202352	"AD"	"<0.2"
"rs12355084"	1.71130373940974	1.44228712836295	0.069926800164244	"AD"	"<0.2"
"rs12355510"	0.585862637815523	0.843220739621824	0.0418146896264026	"AD"	"<0.2"
"rs12355937"	4.13141433344123	6.32586941865307	0.282603091914842	"AD"	"0.2-0.4"
"rs12356882"	0.595166283380062	0.843220739621824	0.0418146896264026	"AD"	"<0.2"
"rs12356883"	0.593630164530732	0.843220739621824	0.0427815028248045	"AD"	"<0.2"
"rs12359973"	0.583692412940117	0.843220739621824	0.0418146896264026	"AD"	"<0.2"
"rs12359987"	0.581201709409647	0.843220739621824	0.0418146896264026	"AD"	"<0.2"
"rs12360005"	0.57413985492216	0.843220739621824	0.0418146896264026	"AD"	"<0.2"
"rs12411484"	4.31596296251348	1.11976222947394	0.0211235506586862	"AD"	"<0.2"
"rs12411742"	5.95039438740503	4.11345569634589	0.229480717084185	"AD"	"0.2-0.4"
"rs12411782"	1.20169471797802	1.60632128028266	0.082176699035513	"AD"	"<0.2"
"rs12411806"	1.17730898922395	1.60632128028266	0.0766611621400514	"AD"	"<0.2"
"rs12411833"	0.831502516476967	0.956779234636922	0.0322825479629367	"AD"	"<0.2"
"rs12411888"	0.173406946065952	0.42326140024207	0.000787547620546976	"AD"	"<0.2"
"rs12412193"	1.13733204977141	0.457036466957697	0.0036363979974709	"AD"	"<0.2"
"rs12412927"	4.74714696902011	1.09387569063157	0.0834360332369739	"AD"	"<0.2"
"rs12412959"	1.05833952161161	1.06459955755569	0.0373727046151965	"AD"	"<0.2"
"rs12412999"	0.0796679284604107	0.0848783500873839	0.0266901871315258	"AD"	"<0.2"
"rs12413174"	0.576590272266907	1.06459955755569	0.0326898848322948	"AD"	"<0.2"
"rs12414465"	2.06661395809695	0.0857494246534289	0.00316643658456891	"AD"	"<0.2"
"rs12414727"	0.564633493387339	0.753506343205831	0.0297845924584305	"AD"	"<0.2"
"rs12414728"	0.0977250795254983	1.29110681716246	2.86883116821057e-06	"AD"	"<0.2"
"rs12414791"	1.14363367634075	0.537610987597072	3.25945065322744e-05	"AD"	"<0.2"
"rs12415730"	0.833569886156717	0.956779234636922	0.0322825479629367	"AD"	"<0.2"
"rs12569542"	3.32339783041798	3.25555288925163	0.251483937100818	"AD"	"0.2-0.4"
"rs12569832"	2.51741223047323	0.938076536719696	0.00690089918968798	"AD"	"<0.2"
"rs12570038"	2.18488734181019	1.5695250356426	0.023929447475772	"AD"	"<0.2"
"rs12572336"	1.20197120659593	1.03315082638194	0.0908646477419352	"AD"	"<0.2"
"rs12762463"	1.50696041168235	0.155152682302129	0.0135929625149547	"AD"	"<0.2"
"rs12764048"	0.995678626217357	1.06459955755569	0.0352920642716285	"AD"	"<0.2"
"rs12766852"	2.31857784427899	3.03024777946539	0.201851824181441	"AD"	"0.2-0.4"
"rs12767261"	1.04851676924771	1.06459955755569	0.03554511475766	"AD"	"<0.2"
"rs12767460"	1.4721124340473	0.810119642157295	0.0928128444948158	"AD"	"<0.2"
"rs12768926"	0.140381421227819	0.160197138887366	0.0123471949528617	"AD"	"<0.2"
"rs12768957"	0.961379838050297	0.904150960442425	0.0344627908942105	"AD"	"<0.2"
"rs12769131"	0.0947439512515487	0.166334085447516	0.00013873886066511	"AD"	"<0.2"
"rs12770270"	2.36001575195841	3.03024777946539	0.201851824181441	"AD"	"0.2-0.4"
"rs12770472"	0.998266287190999	1.06459955755569	0.03554511475766	"AD"	"<0.2"
"rs12770500"	0.996970529446382	1.06459955755569	0.03554511475766	"AD"	"<0.2"
"rs12772279"	1.57659027226691	0.0502626966697237	0.00267265501866931	"AD"	"<0.2"
"rs12772739"	3.25869079110043	4.23916904968093	0.190251977672437	"AD"	"<0.2"
"rs12772895"	1.72862312810593	0.0889953537971017	0.0281737343497254	"AD"	"<0.2"
"rs12772945"	0.997402019280091	1.06459955755569	0.03554511475766	"AD"	"<0.2"
"rs12773027"	0.33856594960608	0.619665725613994	0.0615299057316515	"AD"	"<0.2"
"rs12773636"	2.28625752159092	1.23804511293851	0.0702823628576323	"AD"	"<0.2"
"rs12773664"	1.76624263703449	2.5189617545695	0.154798390396456	"AD"	"<0.2"
"rs12774388"	0.0388637826127747	0.132525440917942	0.000446785151393898	"AD"	"<0.2"
"rs12777577"	1.18963304631837	0.810119642157295	0.090470730732721	"AD"	"<0.2"
"rs12777799"	1.60818307638675	0.812214271194764	0.0217390801098669	"AD"	"<0.2"
"rs12779649"	1.91399629438162	0.410023604982661	0.0194819936594137	"AD"	"<0.2"
"rs12782241"	1.48280410205003	0.139868107575506	0.0141111487121888	"AD"	"<0.2"
"rs12783229"	1.56847541581255	0.812214271194764	0.0217390801098669	"AD"	"<0.2"
"rs12783431"	3.23433144524099	4.23916904968093	0.190251977672437	"AD"	"<0.2"
"rs12783710"	1.46281077375636	0.0120317998602587	0.0129825205549407	"AD"	"<0.2"
"rs12784122"	0.276790689594889	0.0174972049811236	0.00152749244928016	"AD"	"<0.2"
"rs12784607"	7.10391491457671	10.1418280761515	0.616516663940342	"AD"	"0.6-0.8"
"rs12784738"	0.161465729488131	0.0174972049811236	0.00152749244928016	"AD"	"<0.2"
"rs1290317"	7.40307318565703	9.31247638946903	0.370970591322728	"AD"	"0.2-0.4"
"rs1298908"	3.30094314545233	2.63567230629153	0.123878769147778	"AD"	"<0.2"
"rs1340373"	6.82915179635669	9.18326832365478	0.396413200783626	"AD"	"0.2-0.4"
"rs1340374"	6.94385773794095	9.18326832365478	0.388363351762863	"AD"	"0.2-0.4"
"rs1340375"	6.84740592207253	9.18326832365478	0.396413200783626	"AD"	"0.2-0.4"
"rs1340376"	6.79805693659835	9.18326832365478	0.396413200783626	"AD"	"0.2-0.4"
"rs1340379"	6.76070052087311	9.18326832365478	0.396413200783626	"AD"	"0.2-0.4"
"rs1340380"	6.92118081690115	9.11172612892053	0.398454212452636	"AD"	"0.2-0.4"
"rs1340381"	5.19661117501639	3.61537781154846	0.174082706231484	"AD"	"<0.2"
"rs1340383"	7.32615002265705	9.31247638946903	0.37286748901672	"AD"	"0.2-0.4"
"rs1340385"	8.07909439583598	8.3058249216585	0.385876300433001	"AD"	"0.2-0.4"
"rs138014093"	1.22775166002815	0.134782282355224	0.00734786317905254	"AD"	"<0.2"
"rs138082829"	0.229958445680331	0.336645894985152	0.00327217250614985	"AD"	"<0.2"
"rs138103092"	1.35704112059021	0.0788136411023258	0.0203777511754683	"AD"	"<0.2"
"rs138226757"	0.239050048589103	0.417921857684629	0.0157993940458804	"AD"	"<0.2"
"rs138247348"	0.656000930942839	0.0413448719678353	0.00889981276684971	"AD"	"<0.2"
"rs138773069"	0.883392256011751	0.0674039803706177	0.00626536247232623	"AD"	"<0.2"
"rs139392262"	0.38142897187987	0.619665725613994	0.0636887728301825	"AD"	"<0.2"
"rs139430542"	0.294392836595395	0.619665725613994	0.0636887728301825	"AD"	"<0.2"
"rs139497227"	0.361111575294924	0.132448254221456	0.00551320942382395	"AD"	"<0.2"
"rs139590698"	0.405717971188194	0.550983139222236	0.0101635608403734	"AD"	"<0.2"
"rs139803256"	0.36713795989977	0.261641260651445	0.00252607413150745	"AD"	"<0.2"
"rs140424965"	0.835944708106548	0.0674039803706177	0.00626536247232623	"AD"	"<0.2"
"rs140644655"	1.34113040779804	0.0788136411023258	0.0203777511754683	"AD"	"<0.2"
"rs140743841"	1.83505262737816	0.0226665206129119	0.0254013939311916	"AD"	"<0.2"
"rs140849080"	0.376130731649698	0.923687312023142	0.00190231193327412	"AD"	"<0.2"
"rs140867633"	1.21573941743392	0.134782282355224	0.00734786317905254	"AD"	"<0.2"
"rs140905846"	0.0534003749848673	1.4209461737553	0.00649164253501167	"AD"	"<0.2"
"rs141022290"	0.708853238268114	0.65506765057959	0.000910490048908443	"AD"	"<0.2"
"rs141148026"	0.276134035556496	0.325713095074929	0.00585240156863788	"AD"	"<0.2"
"rs141429813"	1.03853144464921	0.0674039803706177	0.00626536247232623	"AD"	"<0.2"
"rs141473704"	0.0213630516155257	0.0382207014196485	0.00168146723039478	"AD"	"<0.2"
"rs141721329"	0.0197693086089683	0.279163725102854	0.0034294186873482	"AD"	"<0.2"
"rs1417219"	7.70863114954842	8.38756053761708	0.376657279918274	"AD"	"0.2-0.4"
"rs1417220"	1.86043573382415	0.484872247380055	0.0632840199028386	"AD"	"<0.2"
"rs1417221"	7.34046409284578	9.31247638946903	0.37286748901672	"AD"	"0.2-0.4"
"rs141870831"	0.0223678347540005	0.673066371454906	0.000232944595692534	"AD"	"<0.2"
"rs142066926"	1.10529634739077	0.00617065744519987	0.00470386358869567	"AD"	"<0.2"
"rs142083553"	0.264480941184829	0.316776396582233	0.000725892409979144	"AD"	"<0.2"
"rs142217719"	0.520136886976902	0.591583638382951	0.000809891277768372	"AD"	"<0.2"
"rs142417987"	1.19158644859963	0.813979336724848	0.000725892409979144	"AD"	"<0.2"
"rs142561255"	0.13123804178795	0.122936340357361	0.0047885893485776	"AD"	"<0.2"
"rs142678951"	0.178224532816537	0.255178360264561	9.74082953647788e-05	"AD"	"<0.2"
"rs142719284"	0.257746330093406	0.417921857684629	0.0157993940458804	"AD"	"<0.2"
"rs142890400"	0.515130967279598	1.10344347113614	0.00762938990475722	"AD"	"<0.2"
"rs142942863"	0.226213555018806	0.255178360264561	0.00411204134884262	"AD"	"<0.2"
"rs143275523"	0.836838625022982	0.0674039803706177	0.00626536247232623	"AD"	"<0.2"
"rs143361357"	1.13053358991913	0.113380133723061	0.00626536247232623	"AD"	"<0.2"
"rs143396142"	0.452225294612178	0.293693669757327	0.0067832384777875	"AD"	"<0.2"
"rs143655784"	5.00143554173906	1.3805163973389	0.0672476399224086	"AD"	"<0.2"
"rs143691481"	0.603626272463494	0.65506765057959	0.000910490048908443	"AD"	"<0.2"
"rs143752221"	1.57560844558972	0.0120317998602587	0.0140118919330432	"AD"	"<0.2"
"rs144452979"	0.910094888560602	0.854002272213494	0.000232944595692534	"AD"	"<0.2"
"rs144469798"	0.671620396561262	0.32003365775686	0.0131696516912621	"AD"	"<0.2"
"rs144573165"	0.232547281902227	0.0217824942560574	0.00499421701481544	"AD"	"<0.2"
"rs144590481"	1.33724216831843	0.805960450184778	0.000725892409979144	"AD"	"<0.2"
"rs144592833"	0.792634962530928	2.28068446062078	0.00948427654422748	"AD"	"<0.2"
"rs144974427"	1.70996538863748	0.0410994182754413	0.00889981276684971	"AD"	"<0.2"
"rs145063151"	0.215454025945477	0.417921857684629	0.0157993940458804	"AD"	"<0.2"
"rs145163495"	0.421475394725007	0.267164128316081	0.0067832384777875	"AD"	"<0.2"
"rs145624889"	0.342275045794892	0.255178360264561	0.00327217250614985	"AD"	"<0.2"
"rs145663320"	0.405276053590253	0.675018296912631	0.0154716685240908	"AD"	"<0.2"
"rs145715346"	0.117874080229968	0.480105095914892	0.00303638980472368	"AD"	"<0.2"
"rs145720640"	0.590066876668706	0.843220739621824	0.0418146896264026	"AD"	"<0.2"
"rs145865540"	0.993533957750768	2.68432977808036	0.031360579822276	"AD"	"<0.2"
"rs145881266"	0.675306086138225	0.24240053822925	0.0060019554806888	"AD"	"<0.2"
"rs145947019"	0.0891089113554718	0.0279870333310817	1.65964147070682e-07	"AD"	"<0.2"
"rs146326988"	0.120789394708241	0.255178360264561	9.74082953647788e-05	"AD"	"<0.2"
"rs146506457"	0.513853003193427	0.138130588798689	7.49344438312056e-06	"AD"	"<0.2"
"rs146989859"	0.395557933739277	0.132448254221456	0.00721191852325849	"AD"	"<0.2"
"rs146993166"	0.372429335819457	0.831225646261354	0.00151874682004516	"AD"	"<0.2"
"rs147072668"	2.36191027801549	0.762838448267291	0.0559057639259141	"AD"	"<0.2"
"rs147190952"	0.144359719109855	0.0384982248360188	0.00499421701481544	"AD"	"<0.2"
"rs147298916"	0.184289460211037	0.483913033554755	2.53103986294642e-07	"AD"	"<0.2"
"rs147357838"	0.0431115453499228	0.159485534439548	0.00520776672831329	"AD"	"<0.2"
"rs147390701"	0.920456992597094	0.0674039803706177	0.00626536247232623	"AD"	"<0.2"
"rs147743313"	0.332827327521132	0.426097302468252	0.000778393104734412	"AD"	"<0.2"
"rs147765140"	0.370386554621817	0.0518140221779264	8.16409491145678e-08	"AD"	"<0.2"
"rs148024048"	0.364114314718727	0.0955652414063802	0.00255611631685548	"AD"	"<0.2"
"rs148094678"	0.605023280445436	0.681187735591059	0.0016463908932047	"AD"	"<0.2"
"rs148111397"	0.455931955649724	0.486174014672383	0.000477441845901447	"AD"	"<0.2"
"rs148159232"	0.221342368052645	0.202816278473177	0.00520776672831329	"AD"	"<0.2"
"rs148249203"	0.332173621049289	0.439817093646502	0.00598498016662126	"AD"	"<0.2"
"rs148541155"	0.0169152272622116	0.0406108341286134	0.00032085778188047	"AD"	"<0.2"
"rs148618749"	0.407934329567753	0.427790795355611	0.0260277969789342	"AD"	"<0.2"
"rs148951963"	0.537302591898283	1.47917859577637	0.00762938990475722	"AD"	"<0.2"
"rs149073822"	0.244964066232229	0.521006633973702	0.00303638980472368	"AD"	"<0.2"
"rs149256312"	0.159141445958121	0.300111999438119	0.000403374199813822	"AD"	"<0.2"
"rs149305534"	0.642636969384857	0.904018632151775	0.0136202809208866	"AD"	"<0.2"
"rs149464173"	4.50487211875707	1.3805163973389	0.0535946210971471	"AD"	"<0.2"
"rs149548188"	0.858550226599533	0.658517992516251	0.0264367893177594	"AD"	"<0.2"
"rs149970839"	0.247951552180562	0.0561544311609252	2.78029009703004e-05	"AD"	"<0.2"
"rs150071630"	0.053154886039377	0.119921902140427	0.0110247607497993	"AD"	"<0.2"
"rs150167697"	0.90204892900585	0.0674039803706177	0.00626536247232623	"AD"	"<0.2"
"rs150362279"	0.495665088197536	0.237466225232699	6.4546878484508e-05	"AD"	"<0.2"
"rs150503219"	0.90622821850127	0.0674039803706177	0.00626536247232623	"AD"	"<0.2"
"rs150605220"	1.02877055272376	0.00617065744519987	0.00470386358869567	"AD"	"<0.2"
"rs150687636"	0.555018887912055	0.801926028578754	0.0297845924584305	"AD"	"<0.2"
"rs150702536"	0.87942606879415	0.0674039803706177	0.00626536247232623	"AD"	"<0.2"
"rs150745967"	0.279096829186543	0.923687312023142	0.00190231193327412	"AD"	"<0.2"
"rs150916426"	0.212256228353533	0.336645894985152	0.00327217250614985	"AD"	"<0.2"
"rs151006313"	0.856360764725457	0.0413448719678353	0.00697866208114276	"AD"	"<0.2"
"rs151093693"	0.868381335650875	0.0674039803706177	0.00626536247232623	"AD"	"<0.2"
"rs1538815"	6.82188674768537	9.21840904231164	0.396413200783626	"AD"	"0.2-0.4"
"rs1538816"	3.83953146888096	3.57682951957364	0.143551755020569	"AD"	"<0.2"
"rs1538817"	6.71896663275227	9.18326832365478	0.396413200783626	"AD"	"0.2-0.4"
"rs1538818"	0.501965276312973	1.06459955755569	0.0364276391916257	"AD"	"<0.2"
"rs1538819"	6.78436243656494	9.18326832365478	0.396413200783626	"AD"	"0.2-0.4"
"rs1538821"	1.776763726897	0.0226665206129119	0.0244927083898751	"AD"	"<0.2"
"rs1538822"	5.30829979170984	3.61537781154846	0.177093258088484	"AD"	"<0.2"
"rs1538823"	7.33338843158097	9.31247638946903	0.370970591322728	"AD"	"0.2-0.4"
"rs1556894"	3.7972393126068	3.57682951957364	0.143551755020569	"AD"	"<0.2"
"rs1556895"	2.82217502813532	1.42200526137775	0.0464396150291789	"AD"	"<0.2"
"rs1556897"	3.03800971255994	4.63793807459034	0.187326724545825	"AD"	"<0.2"
"rs1559554"	0.730720610228102	0.17128211549143	0.000510286742052578	"AD"	"<0.2"
"rs1559555"	0.510744831630739	0.3168169281579	0.000388304692206978	"AD"	"<0.2"
"rs1572816"	9.08055578953476	10.3313830181126	0.451595993767578	"AD"	"0.4-0.6"
"rs1572819"	7.33404397054604	9.31247638946903	0.37286748901672	"AD"	"0.2-0.4"
"rs1573973"	3.30785839063322	3.25555288925163	0.251483937100818	"AD"	"0.2-0.4"
"rs1591958"	1.93967997131171	0.903813254935787	0.0556475630551797	"AD"	"<0.2"
"rs1626322"	0.711750774428014	0.582252704458576	0.0013336289431157	"AD"	"<0.2"
"rs1647207"	0.32367226611868	0.3787073678263	1.56254324953051e-05	"AD"	"<0.2"
"rs1647209"	0.586867949565128	0.572721674883731	0.00163017899288512	"AD"	"<0.2"
"rs1647210"	1.17379557650075	0.736049270683382	0.00177736703720273	"AD"	"<0.2"
"rs1647212"	0.980053318321158	1.66905889942357	0.00681894215366587	"AD"	"<0.2"
"rs1647214"	0.0995236286107431	0.940175402417342	0.00468901589454814	"AD"	"<0.2"
"rs1702224"	1.17321276118371	0.789868831815864	0.00162078427950414	"AD"	"<0.2"
"rs1702226"	0.598771832501887	0.521468133918201	0.00089927628445583	"AD"	"<0.2"
"rs1702227"	0.0795114353417022	0.940175402417342	0.00468901589454814	"AD"	"<0.2"
"rs1702238"	1.21559669824699	0.708473535472477	0.00162078427950414	"AD"	"<0.2"
"rs1702239"	1.03137697904301	0.217215741630257	0.000384147895707218	"AD"	"<0.2"
"rs1702240"	0.942714355581785	0.257724317172851	0.000308879427724451	"AD"	"<0.2"
"rs1702243"	0.939302159646388	0.257724317172851	0.000308879427724451	"AD"	"<0.2"
"rs1702244"	0.908333042404315	0.178102785075169	0.000636528199328599	"AD"	"<0.2"
"rs17093759"	2.05168485931065	0.718718859997318	0.00860973119258179	"AD"	"<0.2"
"rs17102596"	1.77520804350732	0.631568064507161	0.0500201466549071	"AD"	"<0.2"
"rs17103728"	1.76497684050478	0.229672402595408	0.0246507592800736	"AD"	"<0.2"
"rs17104148"	0.579549140893932	0.32003365775686	0.0160377249251594	"AD"	"<0.2"
"rs17104473"	1.23530093620163	0.375789088903505	0.000208162714504779	"AD"	"<0.2"
"rs17105023"	0.99439055463972	0.72933280729507	0.000208162714504779	"AD"	"<0.2"
"rs17105302"	0.665747357665769	0.36205619989136	0.0184164188673692	"AD"	"<0.2"
"rs17106475"	1.26808905788313	0.762117101760308	0.0151946195771195	"AD"	"<0.2"
"rs17106495"	0.302770657240282	0.938472129109492	0.0227173013207518	"AD"	"<0.2"
"rs17107073"	3.09447395156495	0.590104055219569	0.0208669550662156	"AD"	"<0.2"
"rs17107222"	0.521577812259919	1.02117103737092	0.0123648424397828	"AD"	"<0.2"
"rs17107270"	0.605898697959955	0.843220739621824	0.0418146896264026	"AD"	"<0.2"
"rs17107308"	0.598254917762937	0.843220739621824	0.0391181720024437	"AD"	"<0.2"
"rs17107310"	0.621057301386563	1.01647203781303	0.0407232473368288	"AD"	"<0.2"
"rs17107311"	2.34418950550475	2.06249765459918	0.200483819805501	"AD"	"0.2-0.4"
"rs17107333"	1.69918720588188	1.67234482455559	0.00200627665497052	"AD"	"<0.2"
"rs17107397"	0.159956669396506	1.2890453303959	0.00246900553581187	"AD"	"<0.2"
"rs17107415"	0.651111276928562	1.41189307612839	0.00704037464375467	"AD"	"<0.2"
"rs17107451"	0.0659562809644747	0.74930194306462	0.00246186705669833	"AD"	"<0.2"
"rs17107464"	0.0390538042661686	0.74930194306462	0.00246186705669833	"AD"	"<0.2"
"rs17107469"	0.00988323393209557	0.710560445483113	0.00246186705669833	"AD"	"<0.2"
"rs17107479"	1.12598229613781	0.401263099642419	0.0036363979974709	"AD"	"<0.2"
"rs17107480"	1.14068153490288	0.413394693857521	0.0036363979974709	"AD"	"<0.2"
"rs17107520"	0.24123945609002	0.286933037522201	0.00139368139822103	"AD"	"<0.2"
"rs17107524"	0.303818412831476	0.11226007941546	0.00201921191650644	"AD"	"<0.2"
"rs17107555"	0.498803757972911	0.0382705002578627	0.000186831017836606	"AD"	"<0.2"
"rs17107603"	0.560509409610317	0.262312893158673	0.000143908935213856	"AD"	"<0.2"
"rs17616738"	1.0301183562535	0.0674039803706177	0.00626536247232623	"AD"	"<0.2"
"rs17616834"	1.02937422331171	0.0674039803706177	0.00626536247232623	"AD"	"<0.2"
"rs17616958"	0.596879478824182	1.06459955755569	0.0364276391916257	"AD"	"<0.2"
"rs17616964"	0.59108197915322	1.06459955755569	0.0364276391916257	"AD"	"<0.2"
"rs17617406"	0.896538377905295	1.20256209953661	0.0358043927450831	"AD"	"<0.2"
"rs17617713"	1.12113366304327	0.153684541268776	0.00846336297721061	"AD"	"<0.2"
"rs17617970"	0.687611050629408	0.939151126961193	0.0406967264117361	"AD"	"<0.2"
"rs17618275"	0.66334017654558	0.939151126961193	0.040762652439901	"AD"	"<0.2"
"rs17618331"	1.02401705628745	0.0413448719678353	0.00771179708528108	"AD"	"<0.2"
"rs17620955"	0.0774302310142877	0.116919147466416	0.00100619264481473	"AD"	"<0.2"
"rs17637953"	0.0705810742857073	0.926692316176432	0.000216115847781932	"AD"	"<0.2"
"rs17638159"	0.0180455555300264	0.593199321018655	0.00243306265076783	"AD"	"<0.2"
"rs17677908"	0.617982957425132	1.06459955755569	0.0326898848322948	"AD"	"<0.2"
"rs17678338"	0.568314655313988	1.06459955755569	0.0354794237045178	"AD"	"<0.2"
"rs17678737"	0.533725678210708	1.06459955755569	0.0364276391916257	"AD"	"<0.2"
"rs17679603"	0.928486194904911	0.728934778767953	0.0364745925646266	"AD"	"<0.2"
"rs17680103"	0.688246138944246	0.939151126961193	0.0406967264117361	"AD"	"<0.2"
"rs17680430"	4.70952018666933	5.28820626381251	0.250583668215119	"AD"	"0.2-0.4"
"rs17680710"	0.718285029972704	0.0413448719678353	0.00889981276684971	"AD"	"<0.2"
"rs17680741"	0.671416550285798	1.87456428067826	0.0959264818759207	"AD"	"<0.2"
"rs17681121"	0.900664722314042	1.19869715681177	0.0128949402904375	"AD"	"<0.2"
"rs17693104"	2.66958622665081	3.78479350862054	0.0181916934616329	"AD"	"<0.2"
"rs1815650"	5.28183059460869	8.63840058307473	0.408568158315282	"AD"	"0.4-0.6"
"rs1815651"	7.66354026615147	10.0760041318441	0.469393624865787	"AD"	"0.4-0.6"
"rs1815652"	3.40164729013072	3.80612438784764	0.119088390941015	"AD"	"<0.2"
"rs1815653"	4.09799710864927	3.37344305274694	0.17375232165385	"AD"	"<0.2"
"rs1819656"	0.232695682546727	0.417921857684629	0.0157993940458804	"AD"	"<0.2"
"rs1819684"	0.724688645458188	0.132794228364561	0.0194589687016165	"AD"	"<0.2"
"rs182290144"	0.400116927926312	0.36594009485993	0.000629514205031555	"AD"	"<0.2"
"rs182313046"	0.664341547710698	0.0674039803706177	0.00626536247232623	"AD"	"<0.2"
"rs1832683"	1.79048498545737	0.631568064507161	0.0500201466549071	"AD"	"<0.2"
"rs183306711"	0.493224463393357	0.0413448719678353	0.0111327836122536	"AD"	"<0.2"
"rs183527912"	0.988852639224202	0.113380133723061	0.00626536247232623	"AD"	"<0.2"
"rs183590085"	0.11429961987167	2.23019154788737	0.00427765420739339	"AD"	"<0.2"
"rs184101315"	0.910448117113546	0.584492464407217	0.00366385574791213	"AD"	"<0.2"
"rs184137314"	1.54744693677107	0.00575677608735567	0.00470386358869567	"AD"	"<0.2"
"rs184297860"	0.646660904688695	0.262312893158673	5.40866821748941e-05	"AD"	"<0.2"
"rs184397671"	0.61636413163812	0.75764743644993	0.00149572382258196	"AD"	"<0.2"
"rs185184019"	0.0630843190547461	0.41623349926672	6.17244061654909e-06	"AD"	"<0.2"
"rs185264672"	0.871277715661573	0.0674039803706177	0.00626536247232623	"AD"	"<0.2"
"rs1870136"	5.70377371273884	3.32670901066249	0.254932122305687	"AD"	"0.2-0.4"
"rs1870138"	13.3658251282374	19.3360024237544	1	"AD"	">=0.95"
"rs1870140"	11.5926090955293	14.6939118153098	0.768765534809411	"AD"	"0.6-0.8"
"rs1870142"	8.01112903393535	10.0978986144289	0.510905519282809	"AD"	"0.4-0.6"
"rs1870143"	2.75129126439908	3.1670404213428	0.150164654805762	"AD"	"<0.2"
"rs1870144"	2.74617756129193	3.1670404213428	0.150164654805762	"AD"	"<0.2"
"rs1870145"	4.85542579239038	2.4548191071093	0.233079546052193	"AD"	"0.2-0.4"
"rs1870146"	0.693146251306991	0.939151126961193	0.040762652439901	"AD"	"<0.2"
"rs1870148"	13.1756788751492	14.9371173098696	0.881472054582316	"AD"	"0.8-0.95"
"rs1878034"	0.907630300370879	1.8493141579134	0.103215854667857	"AD"	"<0.2"
"rs1878036"	12.9804683154687	17.1468252033052	0.974347208893441	"AD"	">=0.95"
"rs1878041"	0.157952711490362	0.420962201282934	6.7943533129394e-05	"AD"	"<0.2"
"rs1878043"	0.152674169214576	0.766019589158593	0.0192234758450659	"AD"	"<0.2"
"rs1878044"	0.15720360482442	0.766019589158593	0.0198434774265133	"AD"	"<0.2"
"rs1890578"	8.02250503092696	8.3058249216585	0.385876300433001	"AD"	"0.2-0.4"
"rs1890889"	7.32799455497705	9.31247638946903	0.370970591322728	"AD"	"0.2-0.4"
"rs189373983"	0.974284616098659	0.0413448719678353	0.00846336297721061	"AD"	"<0.2"
"rs189773378"	0.0691018855898954	0.159485534439548	0.00445459470748065	"AD"	"<0.2"
"rs190213378"	0.137093786437002	0.559859480586112	0.00225643824416713	"AD"	"<0.2"
"rs190600096"	0.917933065714887	0.0674039803706177	0.00626536247232623	"AD"	"<0.2"
"rs191247057"	1.04067235402783	0.805960450184778	0.000725892409979144	"AD"	"<0.2"
"rs1913751"	0.277448337999042	0.869720923883419	0.00210597696011961	"AD"	"<0.2"
"rs1913752"	1.5888855814491	0.761590045285543	0.0215163254042307	"AD"	"<0.2"
"rs1913753"	0.237621570688036	0.0595427863633833	9.68324160782956e-05	"AD"	"<0.2"
"rs1913754"	0.0151127989356724	0.0974135435283306	8.19659799298676e-05	"AD"	"<0.2"
"rs1913758"	0.370488465799547	0.619665725613994	0.0636887728301825	"AD"	"<0.2"
"rs1913759"	0.38310457359924	0.619665725613994	0.0636887728301825	"AD"	"<0.2"
"rs1913760"	0.374481771028362	0.619665725613994	0.0636887728301825	"AD"	"<0.2"
"rs1913761"	0.705313375720557	0.506100211132645	0.0366418992547782	"AD"	"<0.2"
"rs1913762"	1.50058787432772	3.28939527954805	0.143677735520434	"AD"	"<0.2"
"rs191523462"	0.42782568638694	0.0413448719678353	0.0111327836122536	"AD"	"<0.2"
"rs192127052"	0.167874457465991	0.865179261771945	0.00797768684071866	"AD"	"<0.2"
"rs192589224"	0.308299791709838	0.803602715562657	0.00115338649697718	"AD"	"<0.2"
"rs192903832"	0.7972393126068	0.131521906500552	0.0135762813935199	"AD"	"<0.2"
"rs1934146"	7.44563199900991	9.31247638946903	0.370970591322728	"AD"	"0.2-0.4"
"rs1934693"	6.82594019227498	9.18326832365478	0.396413200783626	"AD"	"0.2-0.4"
"rs1934694"	6.82275216374438	9.18326832365478	0.396413200783626	"AD"	"0.2-0.4"
"rs1934695"	8.93892467637021	9.69561719751093	0.451595993767578	"AD"	"0.4-0.6"
"rs1934696"	7.0161032086737	9.18326832365478	0.396413200783626	"AD"	"0.2-0.4"
"rs1934697"	5.17907641211868	3.61537781154846	0.174082706231484	"AD"	"<0.2"
"rs1953970"	4.33077612606919	3.37344305274694	0.17375232165385	"AD"	"<0.2"
"rs1953972"	6.39222339625831	9.30834837322808	0.401261576828224	"AD"	"0.4-0.6"
"rs1970433"	6.83594470810655	9.18326832365478	0.396413200783626	"AD"	"0.2-0.4"
"rs1970434"	6.97592501269257	9.18326832365478	0.396413200783626	"AD"	"0.2-0.4"
"rs1972370"	8.96018944585165	10.3313830181126	0.451595993767578	"AD"	"0.4-0.6"
"rs1972371"	6.82390874094432	9.18326832365478	0.396413200783626	"AD"	"0.2-0.4"
"rs1985908"	2.84863014975254	3.16094388197106	0.0935443491090335	"AD"	"<0.2"
"rs1989126"	0.391794992295674	1.19356834387508	0.00430361739786106	"AD"	"<0.2"
"rs1993484"	10.3509573659138	12.8508948661002	0.731669419189888	"AD"	"0.6-0.8"
"rs199881577"	0.344477403746582	0.0518140221779264	8.16409491145678e-08	"AD"	"<0.2"
"rs2012845"	0.106515653781514	0.368644519446182	0.00252135414979236	"AD"	"<0.2"
"rs2039757"	7.42492767428619	9.31247638946903	0.370970591322728	"AD"	"0.2-0.4"
"rs2050822"	2.94119451332409	4.72403941720609	0.238510949329467	"AD"	"0.2-0.4"
"rs2050823"	2.94233389609017	4.72403941720609	0.238510949329467	"AD"	"0.2-0.4"
"rs2050824"	6.81163407393685	9.18326832365478	0.396413200783626	"AD"	"0.2-0.4"
"rs2066167"	1.58939145743163	0.274205120447635	0.0200282803182381	"AD"	"<0.2"
"rs2068202"	1.420445039599	0.15769412367114	0.00734786317905254	"AD"	"<0.2"
"rs2075374"	1.41861931129001	0.324957099612153	0.000695777870662259	"AD"	"<0.2"
"rs2081343"	0.482804102050026	1.66791517953549	0.00133338283874128	"AD"	"<0.2"
"rs2085490"	6.0928036897284	3.00828406833041	0.243651298633759	"AD"	"0.2-0.4"
"rs2095994"	6.81930079870397	9.18326832365478	0.396413200783626	"AD"	"0.2-0.4"
"rs2113595"	0.879097182385473	0.257724317172851	0.000265698475276682	"AD"	"<0.2"
"rs2125037"	1.52709734819634	0.162470271236682	0.0293851507911789	"AD"	"<0.2"
"rs2125039"	4.77520804350732	2.82850464663863	0.234131065747913	"AD"	"0.2-0.4"
"rs2138285"	3.56367829986027	2.19245820727227	0.148701634972896	"AD"	"<0.2"
"rs2138286"	0.881735273910521	0.208948985386998	0.0122104471463471	"AD"	"<0.2"
"rs2138287"	0.317043073698792	0.678515490991412	0.0391141669567985	"AD"	"<0.2"
"rs2153455"	8.78595132058806	10.447213798334	0.456673145334336	"AD"	"0.4-0.6"
"rs2161885"	0.37706103078851	0.425947886637441	0.000363913302410969	"AD"	"<0.2"
"rs2168721"	5.50919904798915	5.93686187345518	0.371307266217477	"AD"	"0.2-0.4"
"rs2176106"	0.355955507185251	0.49854635283603	0.0339899410138791	"AD"	"<0.2"
"rs2185424"	0.385946894012781	0.485353977750041	0.0180127523921373	"AD"	"<0.2"
"rs2185425"	8.74714696902011	10.447213798334	0.456673145334336	"AD"	"0.4-0.6"
"rs2185426"	8.86106605974308	10.3313830181126	0.451595993767578	"AD"	"0.4-0.6"
"rs2185427"	8.0389112802321	8.3058249216585	0.385876300433001	"AD"	"0.2-0.4"
"rs2203483"	1.50919904798915	0.0120317998602587	0.0145410360546966	"AD"	"<0.2"
"rs2236568"	4.38394480502341	2.4009841998866	0.152020431548627	"AD"	"<0.2"
"rs2236569"	7.68592200822079	8.38756053761708	0.376657279918274	"AD"	"0.2-0.4"
"rs2259619"	3.16877030613294	2.80818303565879	0.154074300283068	"AD"	"<0.2"
"rs2282367"	7.66837028237007	8.38756053761708	0.376657279918274	"AD"	"0.2-0.4"
"rs2342812"	6.34399767931704	4.47404736505573	0.236347937801858	"AD"	"0.2-0.4"
"rs2342813"	8.16475346000369	8.05486440311555	0.383979704405529	"AD"	"0.2-0.4"
"rs2342815"	7.26129869956529	9.31247638946903	0.370970591322728	"AD"	"0.2-0.4"
"rs2342816"	7.25398889224807	9.31247638946903	0.370970591322728	"AD"	"0.2-0.4"
"rs2343302"	1.05507339001378	1.06459955755569	0.03554511475766	"AD"	"<0.2"
"rs2343306"	10.4005536242747	12.8508948661002	0.731669419189888	"AD"	"0.6-0.8"
"rs2343308"	1.80771138743188	2.08332027701575	0.154927758511241	"AD"	"<0.2"
"rs2343527"	0.602059991327962	1.00128262659096	0.000645825505429471	"AD"	"<0.2"
"rs2343528"	1.06950943469373	0.171541833058094	0.0105058277296159	"AD"	"<0.2"
"rs2343550"	2.037015415683	1.52557538285375	0.0700037174728361	"AD"	"<0.2"
"rs2343551"	12.9838026464876	20.4045522807741	1	"AD"	">=0.95"
"rs2343555"	1.46699097750451	0.123688611364543	0.0285892005176958	"AD"	"<0.2"
"rs2343556"	0.53985418250825	0.682847968536039	0.0419679367096179	"AD"	"<0.2"
"rs2343558"	0.39211625564301	0.0818249225099297	9.35709499341181e-05	"AD"	"<0.2"
"rs2343559"	1.54683460747414	0.0120317998602587	0.0140118919330432	"AD"	"<0.2"
"rs2343584"	1.57365142621249	0.0120317998602587	0.0140118919330432	"AD"	"<0.2"
"rs2344765"	1.80910828307783	1.05256235673578	0.00212824511811731	"AD"	"<0.2"
"rs2344766"	1.11322735694556	0.269655468307099	0.00840735518433941	"AD"	"<0.2"
"rs2344767"	0.095717342354372	0.0366514097716815	0.00244881877163079	"AD"	"<0.2"
"rs2344768"	0.281913705216908	0.0797681136582413	9.74082953647788e-05	"AD"	"<0.2"
"rs2486302"	7.4036228560024	9.31247638946903	0.370970591322728	"AD"	"0.2-0.4"
"rs2486303"	9.53003079050004	9.76630095252618	0.420217767903894	"AD"	"0.4-0.6"
"rs2486304"	9.5777385491864	9.76630095252618	0.420217767903894	"AD"	"0.4-0.6"
"rs2486305"	0.231583911783668	0.417921857684629	0.0157993940458804	"AD"	"<0.2"
"rs2487073"	1.69702006325175	0.455119964103206	0.0171028826944395	"AD"	"<0.2"
"rs2487074"	9.57724605869865	9.76630095252618	0.420217767903894	"AD"	"0.4-0.6"
"rs2573326"	3.0748426728241	2.89557434980268	0.123631671982466	"AD"	"<0.2"
"rs2819898"	1.32605800136591	0.824470792012334	0.049501066877568	"AD"	"<0.2"
"rs28397083"	1.05041484867335	1.41516239406876	0.0757513030398649	"AD"	"<0.2"
"rs28433331"	1.73826145264746	1.44228712836295	0.0757513030398649	"AD"	"<0.2"
"rs28493052"	0.44454278279535	0.812524403012287	0.000645825505429471	"AD"	"<0.2"
"rs2880456"	0.701583619938706	0.132794228364561	0.0194589687016165	"AD"	"<0.2"
"rs2880599"	1.07124579782335	1.06459955755569	0.03554511475766	"AD"	"<0.2"
"rs2880648"	1.63432485954408	0.193330363701963	0.0301620552094428	"AD"	"<0.2"
"rs2880649"	1.67080558491155	0.744334395075872	0.0107692958944433	"AD"	"<0.2"
"rs2880654"	0.235898623523771	0.348019733766254	8.49509070316312e-05	"AD"	"<0.2"
"rs2880655"	3.27654432796481	3.274617680405	0.0279646187647789	"AD"	"<0.2"
"rs2993759"	2.91649738016973	4.23916904968093	0.19017226169893	"AD"	"<0.2"
"rs2993761"	3.19300648631789	4.46238614182144	0.190251977672437	"AD"	"<0.2"
"rs2993762"	3.23321548450214	4.23916904968093	0.190251977672437	"AD"	"<0.2"
"rs2993763"	4.43356250780493	2.4009841998866	0.152020431548627	"AD"	"<0.2"
"rs2994386"	2.9266482976131	4.23916904968093	0.19017226169893	"AD"	"<0.2"
"rs2994388"	4.41060897686307	2.4009841998866	0.152020431548627	"AD"	"<0.2"
"rs3120976"	7.37069235992625	8.0988371211173	0.379387949328425	"AD"	"0.2-0.4"
"rs3195896"	2.82044820883481	3.2530787012421	0.146383654379106	"AD"	"<0.2"
"rs3195899"	2.33245366048848	3.2530787012421	0.148920230511854	"AD"	"<0.2"
"rs3195900"	2.53805150479624	3.2530787012421	0.15063919564947	"AD"	"<0.2"
"rs34007464"	1.98758462523757	0.903813254935787	0.0560038506638247	"AD"	"<0.2"
"rs34023636"	0.122110574628516	0.0949838517649594	0.0208715216065038	"AD"	"<0.2"
"rs34033165"	0.510463370517905	1.64009245730551	0.000658473084892862	"AD"	"<0.2"
"rs34189002"	0.397940008672038	0.0818249225099297	9.35709499341181e-05	"AD"	"<0.2"
"rs34215840"	1.25492520841794	0.810119642157295	0.0928128444948158	"AD"	"<0.2"
"rs34268041"	0.993962045002683	1.06459955755569	0.0352920642716285	"AD"	"<0.2"
"rs34279451"	1.26833066817136	0.810119642157295	0.0928128444948158	"AD"	"<0.2"
"rs34295552"	1.390085589914	3.05201811908948	0.178798803889974	"AD"	"<0.2"
"rs34413309"	2.16146572948813	3.85349987135435	0.256746339193454	"AD"	"0.2-0.4"
"rs34486473"	0.222790741854315	0.044823315211189	0.000446785151393898	"AD"	"<0.2"
"rs34515119"	2.16742722515382	2.97777789549229	0.201851824181441	"AD"	"0.2-0.4"
"rs34533074"	1.49012571499528	3.28939527954805	0.162386774368327	"AD"	"<0.2"
"rs34534994"	0.526075306583843	0.310332485391201	0.0174166173042762	"AD"	"<0.2"
"rs34560976"	0.389552778557879	0.0818249225099297	9.35709499341181e-05	"AD"	"<0.2"
"rs34583742"	3.01006098671546	1.65340646956537	0.0784115875683013	"AD"	"<0.2"
"rs34782759"	0.845271792559844	0.728934778767953	0.0346248247178367	"AD"	"<0.2"
"rs34866993"	0.0326860817129165	0.787812395596042	2.3532604062736e-05	"AD"	"<0.2"
"rs34894697"	1.75621808390621	0.484872247380055	0.0632840199028386	"AD"	"<0.2"
"rs34954495"	0.881735273910521	0.584492464407217	0.00246186705669833	"AD"	"<0.2"
"rs34964315"	0.385419133002514	0.0818249225099297	9.35709499341181e-05	"AD"	"<0.2"
"rs34965541"	2.35418488170336	3.85349987135435	0.256746339193454	"AD"	"0.2-0.4"
"rs35052296"	0.501413791182482	0.0818249225099297	1.75245200223006e-05	"AD"	"<0.2"
"rs35154155"	1.21795758337945	0.810119642157295	0.0928128444948158	"AD"	"<0.2"
"rs35213726"	0.695078838099108	1.5428677944524	0.0477380929134584	"AD"	"<0.2"
"rs35266651"	0.0158328728530119	0.160197138887366	0.0115549182259666	"AD"	"<0.2"
"rs35269135"	1.80771138743188	0.902687148600854	0.0680644614469463	"AD"	"<0.2"
"rs35344091"	0.684869682816398	0.132794228364561	0.0194589687016165	"AD"	"<0.2"
"rs35353819"	6.80134291304558	9.18326832365478	0.396413200783626	"AD"	"0.2-0.4"
"rs35414786"	1.96217524941166	1.54819361501071	0.0696449025804691	"AD"	"<0.2"
"rs35547640"	1.0694075115574	1.06459955755569	0.0373727046151965	"AD"	"<0.2"
"rs35614327"	0.300422408601091	0.318878210031708	0.00261484332095026	"AD"	"<0.2"
"rs35671072"	0.931443104927637	1.20256209953661	0.0358043927450831	"AD"	"<0.2"
"rs35740944"	2.27917941822966	2.82230481679452	0.201851824181441	"AD"	"0.2-0.4"
"rs35743232"	2.1838250095712	2.97777789549229	0.201851824181441	"AD"	"0.2-0.4"
"rs35828718"	0.990549104201306	0.904150960442425	0.0344627908942105	"AD"	"<0.2"
"rs35976818"	0.347173697438995	0.619665725613994	0.0656421060679721	"AD"	"<0.2"
"rs36093436"	2.16241156176449	2.97777789549229	0.201851824181441	"AD"	"0.2-0.4"
"rs36095216"	0.381219975493785	0.619665725613994	0.0636887728301825	"AD"	"<0.2"
"rs36113069"	1.76624263703449	1.31797502581589	0.0769025772952831	"AD"	"<0.2"
"rs3802638"	7.61978875828839	10.0865278917233	0.503236003833174	"AD"	"0.4-0.6"
"rs3827869"	2.85356186471423	0.898366324701276	0.0400485417276085	"AD"	"<0.2"
"rs3844126"	4.6087119514047	7.04459754451146	0.304279514487046	"AD"	"0.2-0.4"
"rs3851056"	3.18882730493345	4.46238614182144	0.193838339426167	"AD"	"<0.2"
"rs3851057"	0.785421046429501	1.69849688115606	0.0578793416726342	"AD"	"<0.2"
"rs3851058"	0.779368980551908	1.69849688115606	0.0578793416726342	"AD"	"<0.2"
"rs3851059"	1.87614835903291	1.81576581249045	0.0648088291856554	"AD"	"<0.2"
"rs3862532"	7.20100426555612	8.37276424638169	0.369008095519881	"AD"	"0.2-0.4"
"rs3862533"	3.94081538236863	3.40823218282447	0.143551755020569	"AD"	"<0.2"
"rs3862534"	0.227898430722988	0.417921857684629	0.0157993940458804	"AD"	"<0.2"
"rs4036803"	0.278766629982723	0.0797681136582413	9.74082953647788e-05	"AD"	"<0.2"
"rs4038156"	1.37150889503288	0.486127455731697	0.0121796808304771	"AD"	"<0.2"
"rs4120852"	4.57121748850305	7.04459754451146	0.300007750373653	"AD"	"0.2-0.4"
"rs41284064"	1.90692869362394	0.0156203268680529	0.0171028826944395	"AD"	"<0.2"
"rs41284066"	0.332547047110046	0.461218970218154	0.0180127523921373	"AD"	"<0.2"
"rs41284080"	1.00187149287173	0.0674039803706177	0.00626536247232623	"AD"	"<0.2"
"rs41284082"	0.323946875348129	0.677817932102845	0.00150426006872209	"AD"	"<0.2"
"rs41284090"	1.43854082875808	3.17829000270162	0.0154909906365567	"AD"	"<0.2"
"rs41296143"	0.141643294702227	0.120355431824981	0.00127110959508194	"AD"	"<0.2"
"rs41300223"	0.44454278279535	0.632029418956606	0.00298270647333694	"AD"	"<0.2"
"rs41306848"	0.025672564576383	0.677817932102845	0.00138991541590912	"AD"	"<0.2"
"rs4146515"	4.37130461728598	4.58416726572461	0.232225116380786	"AD"	"0.2-0.4"
"rs4258322"	7.96018944585165	10.0978986144289	0.510905519282809	"AD"	"0.4-0.6"
"rs4265545"	6.80910828307783	9.18326832365478	0.400505356550663	"AD"	"0.4-0.6"
"rs4322334"	0.299988937677888	0.0797681136582413	9.74082953647788e-05	"AD"	"<0.2"
"rs4342966"	0.42782568638694	0.165365063309526	0.00255611631685548	"AD"	"<0.2"
"rs4357632"	6.85792353892672	9.18326832365478	0.396413200783626	"AD"	"0.2-0.4"
"rs4387297"	8.25649023527157	9.31371058991181	0.502671231461377	"AD"	"0.4-0.6"
"rs4394789"	0.104080454689984	0.325116823737576	0.00274956839216627	"AD"	"<0.2"
"rs4406769"	0.872895201635192	0.651187134358285	0.00441953734934931	"AD"	"<0.2"
"rs4433520"	0.139901670301482	1.25062780981259	0.000267889758720672	"AD"	"<0.2"
"rs4515913"	6.03091039704508	9.54540664645044	0.413139349805231	"AD"	"0.4-0.6"
"rs4536152"	6.85698519974591	9.18326832365478	0.400505356550663	"AD"	"0.4-0.6"
"rs4547039"	1.24116377525304	0.101959151760043	0.0366531729273301	"AD"	"<0.2"
"rs45494892"	1.08889568219596	0.0674039803706177	0.00626536247232623	"AD"	"<0.2"
"rs45526031"	0.180719353027519	0.827058637785759	0.0178871145342329	"AD"	"<0.2"
"rs4578323"	1.66114525374768	2.47605463546024	0.155392563218333	"AD"	"<0.2"
"rs4601708"	6.76145211231867	9.18326832365478	0.396413200783626	"AD"	"0.2-0.4"
"rs4933327"	2.81616096294358	0.898366324701276	0.0400485417276085	"AD"	"<0.2"
"rs4933377"	6.57675412606319	9.25976050968606	0.401261576828224	"AD"	"0.4-0.6"
"rs4933378"	6.35694231624855	9.30834837322808	0.401261576828224	"AD"	"0.4-0.6"
"rs4933379"	4.19921420967224	3.29806953468138	0.175729920614094	"AD"	"<0.2"
"rs4933390"	6.83475567387469	3.41822436720819	0.276222273296138	"AD"	"0.2-0.4"
"rs4933397"	3.09431203228815	2.06821170303662	0.149622104222934	"AD"	"<0.2"
"rs4933445"	3.31533413597414	0.443024863943549	0.045602645314461	"AD"	"<0.2"
"rs4933447"	0.763966852882364	0.260490945331702	0.000578194242264197	"AD"	"<0.2"
"rs4933462"	2.84710040360625	2.15609853713586	0.0408967857983183	"AD"	"<0.2"
"rs4933463"	2.85542579239038	2.15609853713586	0.0408967857983183	"AD"	"<0.2"
"rs4933477"	1.35242144578754	0.0796136711264422	0.00771372119695342	"AD"	"<0.2"
"rs4934012"	2.89380910273658	1.29568558079982	0.0464396150291789	"AD"	"<0.2"
"rs4934027"	2.84436036624022	0.898366324701276	0.0400485417276085	"AD"	"<0.2"
"rs4934028"	5.2548471049231	2.05925447517393	0.116710224039529	"AD"	"<0.2"
"rs4934038"	8.11153968196461	8.3058249216585	0.385876300433001	"AD"	"0.2-0.4"
"rs4934084"	8.93554201077308	10.3313830181126	0.451595993767578	"AD"	"0.4-0.6"
"rs4934125"	8.43391621583201	10.447213798334	0.456673145334336	"AD"	"0.4-0.6"
"rs4934126"	3.19859628998265	4.87726655456901	0.242021643331153	"AD"	"0.2-0.4"
"rs4934134"	2.93854752091281	4.72403941720609	0.237382965875212	"AD"	"0.2-0.4"
"rs4934139"	7.8784401558125	9.80347839659941	0.482670003947001	"AD"	"0.4-0.6"
"rs4934147"	2.77520804350732	3.1670404213428	0.148202844484406	"AD"	"<0.2"
"rs4934153"	7.96617430604669	10.0978986144289	0.510905519282809	"AD"	"0.4-0.6"
"rs4934165"	4.98547946124208	3.12358469272143	0.213912544612076	"AD"	"0.2-0.4"
"rs4934167"	5.02816772007508	3.12358469272143	0.212775169486987	"AD"	"0.2-0.4"
"rs4934168"	4.99097425791309	2.88044720233288	0.212775169486987	"AD"	"0.2-0.4"
"rs4934169"	8.57708201923234	10.0686662311784	0.56489254438005	"AD"	"0.4-0.6"
"rs4934170"	5.08894897967187	3.20708117289253	0.234095211025029	"AD"	"0.2-0.4"
"rs4934189"	6.84224111395314	3.231259071177	0.28716208127265	"AD"	"0.2-0.4"
"rs4934192"	5.10209812573177	2.64142180722634	0.252975945059639	"AD"	"0.2-0.4"
"rs4934351"	3.26193328522253	0.397657808963773	0.0442974462798202	"AD"	"<0.2"
"rs4934371"	2.84649001069916	2.15609853713586	0.0408967857983183	"AD"	"<0.2"
"rs4934372"	2.771599641297	2.2557234499524	0.0408967857983183	"AD"	"<0.2"
"rs4934386"	1.47185492174689	0.00222144217674891	0.0134923893546904	"AD"	"<0.2"
"rs4934387"	1.44490555142168	0.53277086512394	0.0155406389837966	"AD"	"<0.2"
"rs4934388"	1.51984927472672	0.0120317998602587	0.0140118919330432	"AD"	"<0.2"
"rs4934394"	0.561457651213889	0.0712365870094229	5.52652189532992e-05	"AD"	"<0.2"
"rs4934395"	0.0442160710830886	0.297139690269315	0.000138828289901419	"AD"	"<0.2"
"rs4934417"	0.621420423884225	0.515525054250086	0.00117997341099576	"AD"	"<0.2"
"rs4934418"	0.398157210217902	0.435591985686013	0.000254161258049133	"AD"	"<0.2"
"rs4934419"	0.772627557710364	0.148753273401441	0.00184963172346478	"AD"	"<0.2"
"rs4934426"	0.0249820023671172	0.364031963258938	0.000173390705539054	"AD"	"<0.2"
"rs532218801"	0.028306761050139	0.559859480586112	0.00225643824416713	"AD"	"<0.2"
"rs533871867"	0.819014419213269	0.379036761783674	0.00366385574791213	"AD"	"<0.2"
"rs537617420"	0.424696666577601	0.290286640420594	0.0102189553863261	"AD"	"<0.2"
"rs540546993"	1.44057220024051	0.509461443352688	0.00269497330575134	"AD"	"<0.2"
"rs551564466"	1.09647593552874	0.131196329900143	0.00200372985085213	"AD"	"<0.2"
"rs552738302"	0.303731003254467	0.300111999438119	2.58581857529659e-05	"AD"	"<0.2"
"rs55654466"	0.594824453782011	0.262312893158673	6.83587855089591e-06	"AD"	"<0.2"
"rs55732213"	0.52432881167557	0.75120554072874	0.00454383925447111	"AD"	"<0.2"
"rs55739791"	0.250263684430939	0.619665725613994	0.0636887728301825	"AD"	"<0.2"
"rs55855057"	0.622511616623867	0.801926028578754	0.0306721649576042	"AD"	"<0.2"
"rs55897874"	4.89448981523003	4.66892716760123	0.160268744610907	"AD"	"<0.2"
"rs55899456"	0.609241471261283	1.06459955755569	0.0326898848322948	"AD"	"<0.2"
"rs55901776"	5.12761061158218	3.61537781154846	0.171783949575164	"AD"	"<0.2"
"rs55931985"	0.144359719109855	0.893095501064357	4.08272092373086e-05	"AD"	"<0.2"
"rs55943223"	0.682563503464901	2.0449591229871	0.0959264818759207	"AD"	"<0.2"
"rs559530232"	1.03815194098168	1.71223632847026	0.0769659764073174	"AD"	"<0.2"
"rs55992253"	0.401647290130716	0.788703212616017	0.00295397187101833	"AD"	"<0.2"
"rs56088018"	0.21084250808856	0.491227951729074	0.00255611631685548	"AD"	"<0.2"
"rs56123000"	0.750557038557418	0.561286814858745	0.000910490048908443	"AD"	"<0.2"
"rs56147535"	0.574628833561059	0.801926028578754	0.0306721649576042	"AD"	"<0.2"
"rs56154304"	1.39794000867204	0.282158974217376	0.0066846372919217	"AD"	"<0.2"
"rs56184245"	0.534171184642564	0.801926028578754	0.0297845924584305	"AD"	"<0.2"
"rs56219300"	0.782779344355481	0.561286814858745	0.000910490048908443	"AD"	"<0.2"
"rs56219677"	1.76220500672608	3.39744844846474	0.0424321195234759	"AD"	"<0.2"
"rs56239591"	0.631155493174179	0.65506765057959	0.000910490048908443	"AD"	"<0.2"
"rs56295829"	1.39051231014671	1.03389254266448	0.020686971189009	"AD"	"<0.2"
"rs56320756"	0.691649051413274	0.65506765057959	0.000910490048908443	"AD"	"<0.2"
"rs56362625"	0.158640529545145	0.0500209236736438	2.41292122523378e-05	"AD"	"<0.2"
"rs56364447"	0.568958054664115	0.180822078849391	3.47480128358367e-05	"AD"	"<0.2"
"rs56758452"	1.16755495882589	1.11077507633695	0.000208162714504779	"AD"	"<0.2"
"rs56871714"	0.422623108082986	0.224940322930333	6.4546878484508e-05	"AD"	"<0.2"
"rs56968814"	0.148374796846691	0.729335136020485	0.00255611631685548	"AD"	"<0.2"
"rs571431811"	0.231954185897583	0.766394780837728	2.78029009703004e-05	"AD"	"<0.2"
"rs572697157"	0.80771138743188	0.0413448719678353	0.00846336297721061	"AD"	"<0.2"
"rs572998301"	0.247183568811729	0.686685486301673	0.000725892409979144	"AD"	"<0.2"
"rs57342950"	0.843753809602655	0.807973661095347	0.0322825479629367	"AD"	"<0.2"
"rs57642508"	0.577246058698652	0.843220739621824	0.0418146896264026	"AD"	"<0.2"
"rs57929966"	0.453580733164808	0.037360320846762	0.00255611631685548	"AD"	"<0.2"
"rs58028281"	1.21105427297625	0.251760791303009	3.25945065322744e-05	"AD"	"<0.2"
"rs58082336"	1.05774384958054	1.00476287171127	0.000208162714504779	"AD"	"<0.2"
"rs58167861"	0.875821944525325	0.105536058634459	0.00255611631685548	"AD"	"<0.2"
"rs58411552"	0.651695136951839	0.558026942009221	0.0184164188673692	"AD"	"<0.2"
"rs58560242"	1.05403929642243	0.0226665206129119	0.021348920394961	"AD"	"<0.2"
"rs58702310"	0.211054272976252	0.0641774561293674	8.16409491145678e-08	"AD"	"<0.2"
"rs58844605"	0.428757149439776	0.214000017704385	0.00255611631685548	"AD"	"<0.2"
"rs58903768"	0.316142794599654	0.592006091487676	0.00255611631685548	"AD"	"<0.2"
"rs58991931"	0.239200688369282	0.864355405705437	0.00255611631685548	"AD"	"<0.2"
"rs59028692"	5.23552497256559	3.20708117289253	0.234095211025029	"AD"	"0.2-0.4"
"rs59137417"	1.12234075588839	0.630891801573575	0.000208162714504779	"AD"	"<0.2"
"rs59140600"	1.09810596802618	0.72933280729507	0.000208162714504779	"AD"	"<0.2"
"rs59269369"	0.625434939277235	0.774378035433254	0.0154566681590991	"AD"	"<0.2"
"rs59495777"	1.83923143813887	0.281241796090211	0.0151859260766109	"AD"	"<0.2"
"rs59577534"	2.16551571466519	3.62249704933839	0.256746339193454	"AD"	"0.2-0.4"
"rs59616746"	0.636200054520891	0.160739468579694	0.00107959066226712	"AD"	"<0.2"
"rs59617064"	3.31695296176115	0.443024863943549	0.0437703755527025	"AD"	"<0.2"
"rs59643748"	5.19010375339756	3.20708117289253	0.234095211025029	"AD"	"0.2-0.4"
"rs59806247"	0.808269606637144	0.956779234636922	0.0322825479629367	"AD"	"<0.2"
"rs59949474"	0.195928751114339	0.684499870183669	0.00260930389133174	"AD"	"<0.2"
"rs60011422"	0.809668301829709	0.0295736188888087	0.00255611631685548	"AD"	"<0.2"
"rs60089690"	0.592439150513638	0.843220739621824	0.0418146896264026	"AD"	"<0.2"
"rs60204118"	4.29039087892735	3.19305186880484	0.103456110247864	"AD"	"<0.2"
"rs60300749"	1.17901082358395	0.537610987597072	3.25945065322744e-05	"AD"	"<0.2"
"rs60345242"	0.744245213356956	0.710330795112173	0.000417994068003585	"AD"	"<0.2"
"rs60390678"	0.384576047114056	0.604092024433264	0.0636887728301825	"AD"	"<0.2"
"rs60414438"	0.083388154890654	0.0590907359181165	0.00168146723039478	"AD"	"<0.2"
"rs60575307"	0.815876645760329	1.00128262659096	0.000645825505429471	"AD"	"<0.2"
"rs60624908"	0.877129077135565	0.561286814858745	0.000910490048908443	"AD"	"<0.2"
"rs60890045"	1.02095267305204	0.163134935933756	0.00168428857162563	"AD"	"<0.2"
"rs60991538"	1.97183558057553	0.903813254935787	0.0556475630551797	"AD"	"<0.2"
"rs61188968"	0.967784296702018	0.71556701008611	0.0137470847115685	"AD"	"<0.2"
"rs61411102"	0.479909671887158	1.00296722454644	0.0159643406732183	"AD"	"<0.2"
"rs61435930"	2.21331954680335	1.41847130745429	0.0230526382699221	"AD"	"<0.2"
"rs61859173"	1.89279003035213	0.903813254935787	0.0556475630551797	"AD"	"<0.2"
"rs61859174"	1.95663772197887	0.903813254935787	0.0556475630551797	"AD"	"<0.2"
"rs61859189"	0.834755673874689	0.956779234636922	0.0322825479629367	"AD"	"<0.2"
"rs61859191"	0.586532587014175	1.06459955755569	0.0354794237045178	"AD"	"<0.2"
"rs61859195"	0.971022294791222	0.956779234636922	0.0322825479629367	"AD"	"<0.2"
"rs61859196"	0.597222930389653	1.06459955755569	0.0354794237045178	"AD"	"<0.2"
"rs61859197"	0.583525920899779	1.06459955755569	0.0354794237045178	"AD"	"<0.2"
"rs61859198"	0.595508382241314	1.06459955755569	0.0354794237045178	"AD"	"<0.2"
"rs61859209"	0.527243550682788	1.06459955755569	0.0364276391916257	"AD"	"<0.2"
"rs61859215"	0.977159389123472	1.06459955755569	0.0352920642716285	"AD"	"<0.2"
"rs61859233"	3.56607023439154	6.60267886741462	0.24771790227983	"AD"	"0.2-0.4"
"rs61859236"	3.61996975203217	7.18554330052473	0.23038615235584	"AD"	"0.2-0.4"
"rs61859360"	1.28033731698195	0.0288248487284229	0.0123780719766197	"AD"	"<0.2"
"rs61859363"	1.17360121781238	0.125036029469454	0.0102823766574349	"AD"	"<0.2"
"rs61859391"	1.1852198542542	0.359286073990734	0.0036363979974709	"AD"	"<0.2"
"rs61859392"	0.583359492661719	0.180822078849391	3.47480128358367e-05	"AD"	"<0.2"
"rs61859394"	0.135726303195621	0.0339812956628488	0.000142912823177862	"AD"	"<0.2"
"rs61859395"	0.211973115904196	0.0437177262697974	3.82372103036386e-05	"AD"	"<0.2"
"rs61859396"	0.192194467729375	0.00878278755063863	3.82372103036386e-05	"AD"	"<0.2"
"rs61859397"	0.133594501621945	0.0336686276217569	2.41292122523378e-05	"AD"	"<0.2"
"rs61861594"	2.4145392704915	4.14176246070665	0.0902794355067424	"AD"	"<0.2"
"rs61862387"	0.542572307053515	0.801926028578754	0.0297845924584305	"AD"	"<0.2"
"rs62621256"	1.73565449294991	0.110345961449284	0.0227310366949552	"AD"	"<0.2"
"rs6585944"	6.93479387194569	9.11172612892053	0.398454212452636	"AD"	"0.2-0.4"
"rs6585946"	6.81276138016852	9.18326832365478	0.396413200783626	"AD"	"0.2-0.4"
"rs6585947"	8.89177334362507	9.69561719751093	0.451595993767578	"AD"	"0.4-0.6"
"rs6585967"	6.64073383539325	9.30834837322808	0.401261576828224	"AD"	"0.4-0.6"
"rs6585968"	6.63751752524883	9.30834837322808	0.401261576828224	"AD"	"0.4-0.6"
"rs6585986"	7.76548271648731	10.4486427264773	0.480201982218575	"AD"	"0.4-0.6"
"rs6585989"	1.28483264215154	1.36244723231536	0.0851940069208226	"AD"	"<0.2"
"rs6585994"	3.0870343792959	3.86961476261635	0.266672082017704	"AD"	"0.2-0.4"
"rs6586028"	13.8764750190573	20.4045522807741	0.980610100822689	"AD"	">=0.95"
"rs6586030"	11.4031830640844	14.6939118153098	0.774295333069845	"AD"	"0.6-0.8"
"rs6586051"	0.149108815864076	0.766019589158593	0.0198434774265133	"AD"	"<0.2"
"rs6586052"	0.161150909262745	0.766019589158593	0.0198434774265133	"AD"	"<0.2"
"rs6586067"	0.228339040651113	1.39582796700166	0.0182536304899701	"AD"	"<0.2"
"rs6586068"	1.46344155742847	0.305548366666664	0.0319118806775665	"AD"	"<0.2"
"rs6586086"	0.369572124974976	0.619665725613994	0.0636887728301825	"AD"	"<0.2"
"rs6586087"	0.371100435579393	0.619665725613994	0.0636887728301825	"AD"	"<0.2"
"rs6586088"	0.782516055786094	0.0613492057162855	0.0233297680626217	"AD"	"<0.2"
"rs6586089"	0.245651664288981	0.364316242300034	8.49509070316312e-05	"AD"	"<0.2"
"rs6586090"	0.768530409569319	0.0613492057162855	0.0233297680626217	"AD"	"<0.2"
"rs6586099"	0.00195873563657162	0.0124861223184514	0.00198712354840307	"AD"	"<0.2"
"rs6586105"	2.86106605974308	2.15609853713586	0.0408967857983183	"AD"	"<0.2"
"rs6586106"	2.84863014975254	2.15609853713586	0.0408967857983183	"AD"	"<0.2"
"rs6586107"	2.80024482274653	2.15609853713586	0.0408967857983183	"AD"	"<0.2"
"rs6586109"	2.70333480973847	2.2557234499524	0.04146615369821	"AD"	"<0.2"
"rs6586110"	2.67902332265718	2.2557234499524	0.04146615369821	"AD"	"<0.2"
"rs6586111"	2.80743254666345	2.2557234499524	0.04146615369821	"AD"	"<0.2"
"rs6586112"	2.12280148472821	0.975641601693186	0.0128166152280957	"AD"	"<0.2"
"rs6586121"	1.40428338005658	0.0394074658356389	0.0133853061342352	"AD"	"<0.2"
"rs6586133"	0.00926167149246266	0.128313835762208	0.000108004308688809	"AD"	"<0.2"
"rs6586155"	1.06273292778859	1.38549825628004	0.00877150188786539	"AD"	"<0.2"
"rs66491571"	0.194227368064331	0.272070978926677	0.00213772914124462	"AD"	"<0.2"
"rs66586255"	3.71152719940022	2.96320747670038	0.172075764669778	"AD"	"<0.2"
"rs67036031"	0.194295295566136	0.272070978926677	0.00252135414979236	"AD"	"<0.2"
"rs67126110"	0.122628654130226	0.325116823737576	0.00213772914124462	"AD"	"<0.2"
"rs67413850"	3.02738066094038	4.21652664243157	0.287758108085505	"AD"	"0.2-0.4"
"rs67939785"	2.07743023101429	0.954184317877497	0.0532092240091025	"AD"	"<0.2"
"rs7067612"	2.80244378684646	4.72403941720609	0.237382965875212	"AD"	"0.2-0.4"
"rs7067623"	0.364013888199167	0.619665725613994	0.0636887728301825	"AD"	"<0.2"
"rs7067934"	0.0159680197288195	0.854775615901297	6.7930943642114e-05	"AD"	"<0.2"
"rs7067977"	2.24941447265899	5.25874358409551	0.178031102881972	"AD"	"<0.2"
"rs7067984"	2.22206595116222	5.25874358409551	0.178031102881972	"AD"	"<0.2"
"rs7067994"	2.78357016912375	2.2557234499524	0.0408967857983183	"AD"	"<0.2"
"rs7068369"	0.212539525481585	1.47100492820419	0.0169217034375724	"AD"	"<0.2"
"rs7069048"	0.325598187154718	1.66165707530514	0.0431607751808936	"AD"	"<0.2"
"rs7070261"	1.90657831483776	0.0151928481615771	0.00734786317905254	"AD"	"<0.2"
"rs7070672"	1.23619777592541	0.000688467869952259	0.00626536247232623	"AD"	"<0.2"
"rs7070996"	0.513994813637758	1.06514012378335	0.00321115666786058	"AD"	"<0.2"
"rs7071690"	2.75646589816794	2.2557234499524	0.04146615369821	"AD"	"<0.2"
"rs7071752"	2.92081875395238	4.72403941720609	0.241336767097754	"AD"	"0.2-0.4"
"rs7072046"	0.436518914605589	0.635085212652109	0.0636887728301825	"AD"	"<0.2"
"rs7072057"	0.421934116163908	0.635085212652109	0.0636887728301825	"AD"	"<0.2"
"rs7072467"	0.374481771028362	0.619665725613994	0.0636887728301825	"AD"	"<0.2"
"rs7072583"	3.32422165832592	3.25555288925163	0.251483937100818	"AD"	"0.2-0.4"
"rs7072845"	9.43640027111847	9.76630095252618	0.420217767903894	"AD"	"0.4-0.6"
"rs7073839"	3.24580461181016	3.37490475058419	0.0442737021771426	"AD"	"<0.2"
"rs7074356"	1.23559967704361	1.11169748276845	0.0334140534072764	"AD"	"<0.2"
"rs7074908"	0.503070351926785	0.0818249225099297	1.75245200223006e-05	"AD"	"<0.2"
"rs7075355"	6.80410034759077	3.231259071177	0.27980385834816	"AD"	"0.2-0.4"
"rs7075840"	0.375717904164332	1.66165707530514	0.0431607751808936	"AD"	"<0.2"
"rs7077368"	1.00335700864453	0.310666274010612	0.00207669415209219	"AD"	"<0.2"
"rs7077373"	6.81758534756545	3.231259071177	0.276222273296138	"AD"	"0.2-0.4"
"rs7077636"	0.208800753501125	0.0228802550862252	0.00222398640103085	"AD"	"<0.2"
"rs7077644"	1.58939145743163	0.147020732813517	0.0153443964198231	"AD"	"<0.2"
"rs7077712"	6.76573587562121	9.18326832365478	0.396413200783626	"AD"	"0.2-0.4"
"rs7077758"	0.6192462291961	0.0426254843695797	0.00255611631685548	"AD"	"<0.2"
"rs7077834"	0.125228362815702	0.0802939429602382	0.0018596282847132	"AD"	"<0.2"
"rs7077847"	6.73754891026957	9.18326832365478	0.391608199559901	"AD"	"0.2-0.4"
"rs7077854"	6.81701503299642	9.18326832365478	0.396413200783626	"AD"	"0.2-0.4"
"rs7077907"	4.64016451766011	6.6386518655321	0.300007750373653	"AD"	"0.2-0.4"
"rs7078075"	7.79075315124663	10.4486427264773	0.469393624865787	"AD"	"0.4-0.6"
"rs7078254"	6.85078088734462	3.231259071177	0.276222273296138	"AD"	"0.2-0.4"
"rs7078707"	6.04134057294707	9.54540664645044	0.413139349805231	"AD"	"0.4-0.6"
"rs7078901"	1.18755459712724	0.170363074182258	0.0366531729273301	"AD"	"<0.2"
"rs7079069"	0.39383368539238	0.686122238630569	0.000277525261556439	"AD"	"<0.2"
"rs7079135"	1.22745826735906	0.0605057075516176	9.12541246997681e-06	"AD"	"<0.2"
"rs7079232"	0.235749124561227	1.76636688381677	0.0175895702739395	"AD"	"<0.2"
"rs7079356"	2.61350103444935	2.17333508753964	0.0299450418207382	"AD"	"<0.2"
"rs7080009"	13.6738690432892	20.4045522807741	1	"AD"	">=0.95"
"rs7080169"	7.44989400065241	2.84130588182214	0.143260803939513	"AD"	"<0.2"
"rs7081164"	1.1406214955744	1.44228712836295	0.0757513030398649	"AD"	"<0.2"
"rs7081344"	1.41646118074565	0.15769412367114	0.00734786317905254	"AD"	"<0.2"
"rs7081555"	0.34756025241058	0.619665725613994	0.0636887728301825	"AD"	"<0.2"
"rs7081754"	1.56336036830734	0.147020732813517	0.014802796309096	"AD"	"<0.2"
"rs7081756"	2.26296646866612	1.63003312879196	0.0369189632742059	"AD"	"<0.2"
"rs7081889"	5.35447948509413	8.63840058307473	0.403687035126163	"AD"	"0.4-0.6"
"rs7081903"	7.81276138016852	10.4486427264773	0.469393624865787	"AD"	"0.4-0.6"
"rs7081964"	0.366228653917444	0.619665725613994	0.0636887728301825	"AD"	"<0.2"
"rs7082093"	6.73778629452358	9.18326832365478	0.391608199559901	"AD"	"0.2-0.4"
"rs7082099"	0.356744774975228	0.49854635283603	0.034886270172677	"AD"	"<0.2"
"rs7082102"	9.24649354300903	9.76630095252618	0.422453445616957	"AD"	"0.4-0.6"
"rs7082413"	0.364214764466348	0.619665725613994	0.0636887728301825	"AD"	"<0.2"
"rs7082488"	1.47443694172993	0.0883279372265537	0.000693529885836685	"AD"	"<0.2"
"rs7082577"	1.36061313098232	0.486127455731697	0.0133689969221131	"AD"	"<0.2"
"rs7082705"	7.73142202811716	10.4486427264773	0.480201982218575	"AD"	"0.4-0.6"
"rs7084378"	0.383944805023414	0.514630693453989	0.00575910175587427	"AD"	"<0.2"
"rs7084388"	0.288952396132966	0.0797681136582413	9.74082953647788e-05	"AD"	"<0.2"
"rs7084416"	6.85573722623801	11.0465868192615	0.606668018495754	"AD"	"0.6-0.8"
"rs7085490"	0.975514332300833	0.837967586426209	0.00316284747400452	"AD"	"<0.2"
"rs7085606"	6.83150251647697	3.231259071177	0.276222273296138	"AD"	"0.2-0.4"
"rs7085863"	0.566550206238404	0.32003365775686	0.012437813861543	"AD"	"<0.2"
"rs7085913"	0.501138311007116	0.0818249225099297	1.75245200223006e-05	"AD"	"<0.2"
"rs7085994"	0.155833589549799	0.121043553130143	0.00255611631685548	"AD"	"<0.2"
"rs7086496"	5.02406295751689	2.64142180722634	0.252975945059639	"AD"	"0.2-0.4"
"rs7086627"	8.67592342026051	11.3452018317409	0.639670022812372	"AD"	"0.6-0.8"
"rs7086866"	0.911155437272996	1.07737210058912	0.00739835403278911	"AD"	"<0.2"
"rs7087704"	1.52273400457515	0.147020732813517	0.014802796309096	"AD"	"<0.2"
"rs7087728"	1.80354745829661	0.631568064507161	0.0500201466549071	"AD"	"<0.2"
"rs7087827"	0.341416284592937	0.619665725613994	0.0636887728301825	"AD"	"<0.2"
"rs7087969"	0.360613130982316	0.619665725613994	0.0636887728301825	"AD"	"<0.2"
"rs7088374"	2.93892467637021	4.72403941720609	0.237382965875212	"AD"	"0.2-0.4"
"rs7088400"	2.89859664944467	4.72403941720609	0.237382965875212	"AD"	"0.2-0.4"
"rs7088704"	1.30750559249692	1.89371728823729	0.109808909511357	"AD"	"<0.2"
"rs7089003"	6.82102305270683	9.18326832365478	0.396413200783626	"AD"	"0.2-0.4"
"rs7089058"	9.45754805262402	9.76630095252618	0.420217767903894	"AD"	"0.4-0.6"
"rs7089598"	0.301464507437999	0.0797681136582413	9.74082953647788e-05	"AD"	"<0.2"
"rs7089872"	0.616184634019569	0.843220739621824	0.0418146896264026	"AD"	"<0.2"
"rs7090145"	0.897909474488163	0.0674039803706177	0.00626536247232623	"AD"	"<0.2"
"rs7090217"	3.35066514128786	3.37490475058419	0.045204078862589	"AD"	"<0.2"
"rs7090351"	6.62800908853509	9.30834837322808	0.401261576828224	"AD"	"0.4-0.6"
"rs7090369"	0.181972158140744	0.275251580191576	0.00261529476056581	"AD"	"<0.2"
"rs7090612"	1.2362725962343	0.000688467869952259	0.00626536247232623	"AD"	"<0.2"
"rs7090863"	1.74304184743907	0.945279725474193	0.0500201466549071	"AD"	"<0.2"
"rs7091134"	0.366329593948556	0.619665725613994	0.0636887728301825	"AD"	"<0.2"
"rs7092237"	5.37489342459653	8.63840058307473	0.408568158315282	"AD"	"0.4-0.6"
"rs7092394"	1.13763006287712	1.44228712836295	0.0757513030398649	"AD"	"<0.2"
"rs7092609"	0.347270303930752	0.619665725613994	0.0636887728301825	"AD"	"<0.2"
"rs7093787"	2.83209218999852	2.2557234499524	0.0418150576010238	"AD"	"<0.2"
"rs7094314"	1.68298189895189	2.47605463546024	0.155392563218333	"AD"	"<0.2"
"rs7095318"	0.364516253185088	0.49854635283603	0.034886270172677	"AD"	"<0.2"
"rs7096348"	2.71534371721148	3.84687751076317	0.260724498165299	"AD"	"0.2-0.4"
"rs7096715"	4.56336036830734	5.05959558945658	0.304830382904653	"AD"	"0.2-0.4"
"rs7096757"	1.92701525537207	0.903813254935787	0.0556475630551797	"AD"	"<0.2"
"rs7097080"	1.36875921976449	1.27993914783484	0.0325190466043463	"AD"	"<0.2"
"rs7097208"	0.845576026885353	0.681166892524023	0.000910490048908443	"AD"	"<0.2"
"rs7097297"	0.523313257054355	0.0295736188888087	0.00255611631685548	"AD"	"<0.2"
"rs7097564"	2.85792353892672	2.2557234499524	0.0408967857983183	"AD"	"<0.2"
"rs7097656"	13.6609462642909	20.4045522807741	0.987107533888708	"AD"	">=0.95"
"rs7097741"	5.84863014975254	3.32670901066249	0.252913397017424	"AD"	"0.2-0.4"
"rs7098414"	8.87063240427701	11.1477793185319	0.591250789533514	"AD"	"0.4-0.6"
"rs7098892"	0.264640666998289	0.0797681136582413	9.74082953647788e-05	"AD"	"<0.2"
"rs7098909"	1.57186520597121	0.123688611364543	0.0278366033450656	"AD"	"<0.2"
"rs7099231"	0.498940737782249	0.0818249225099297	1.75245200223006e-05	"AD"	"<0.2"
"rs7099331"	3.23025353282055	4.9341850905648	0.1567350826618	"AD"	"<0.2"
"rs7099612"	4.55299710153384	2.81733431688134	0.214158847918601	"AD"	"0.2-0.4"
"rs7100689"	8.63152716155964	12.2787072207788	0.656876670036188	"AD"	"0.6-0.8"
"rs7100769"	0.377993326993195	0.619665725613994	0.0636887728301825	"AD"	"<0.2"
"rs7100854"	0.254925208417943	0.0797681136582413	9.74082953647788e-05	"AD"	"<0.2"
"rs71481580"	0.602929450040591	0.186872889455006	0.0206075032425781	"AD"	"<0.2"
"rs71481596"	0.789949150124863	0.0723961252941651	0.0167842486034082	"AD"	"<0.2"
"rs71481597"	0.783042792638903	0.0723961252941651	0.0167842486034082	"AD"	"<0.2"
"rs71483308"	0.305833704066802	0.388937662118808	0.00411204134884262	"AD"	"<0.2"
"rs71483311"	2.995248844409	4.04135681391548	0.277932837392545	"AD"	"0.2-0.4"
"rs71483314"	0.257196341530834	0.0174972049811236	0.00152749244928016	"AD"	"<0.2"
"rs71483318"	0.185419483989681	0.392042344026402	0.00997062895573504	"AD"	"<0.2"
"rs71501376"	2.45892023222337	2.50182044366587	0.156008415495256	"AD"	"<0.2"
"rs720262"	0.961777361631282	0.290134988416301	0.00159237046397177	"AD"	"<0.2"
"rs72805703"	0.443094730944552	0.0413448719678353	0.0111327836122536	"AD"	"<0.2"
"rs72805704"	0.418733194726329	0.0413448719678353	0.0111327836122536	"AD"	"<0.2"
"rs72805707"	0.402524210129623	0.0413448719678353	0.0111327836122536	"AD"	"<0.2"
"rs72805708"	0.394156460941911	0.0413448719678353	0.0111327836122536	"AD"	"<0.2"
"rs72805710"	0.467500413905338	0.101872933350834	0.0128026161323209	"AD"	"<0.2"
"rs72805711"	0.46864883541694	0.101872933350834	0.0119055065623031	"AD"	"<0.2"
"rs72805712"	0.179535809422316	0.827058637785759	0.0178871145342329	"AD"	"<0.2"
"rs72805713"	0.651111276928562	0.0930290693829786	0.0060019554806888	"AD"	"<0.2"
"rs72805715"	0.155398580373653	0.827058637785759	0.0178871145342329	"AD"	"<0.2"
"rs72805716"	0.170374646641951	0.130430366329859	0.0119724805478996	"AD"	"<0.2"
"rs72805718"	0.644548479873483	0.0930290693829786	0.0060019554806888	"AD"	"<0.2"
"rs72805720"	0.634324859544082	0.0930290693829786	0.0060019554806888	"AD"	"<0.2"
"rs72805722"	1.22213837582376	0.134782282355224	0.00734786317905254	"AD"	"<0.2"
"rs72805723"	0.206768552943479	1.4209461737553	0.00753569946964466	"AD"	"<0.2"
"rs72805726"	1.42250820016277	0.15769412367114	0.00734786317905254	"AD"	"<0.2"
"rs72805729"	1.24941447265899	0.134782282355224	0.00734786317905254	"AD"	"<0.2"
"rs72805736"	0.0822319975522436	1.32538224253703	0.0080567522665227	"AD"	"<0.2"
"rs72805741"	0.132355766096902	1.45841202033273	0.00863420937083354	"AD"	"<0.2"
"rs72805745"	1.10835105612944	0.0166633390828672	0.00557350032027073	"AD"	"<0.2"
"rs72805746"	0.412401270278755	0.640084872700519	0.00701905763691958	"AD"	"<0.2"
"rs72805755"	0.640543979879013	0.0347818309148491	0.00364631940150486	"AD"	"<0.2"
"rs72805779"	0.148252580866736	0.782768809747486	0.000202113982908271	"AD"	"<0.2"
"rs72805780"	0.164309428507574	0.782768809747486	0.000683038029533469	"AD"	"<0.2"
"rs72805782"	0.152242311607669	0.782768809747486	0.000683038029533469	"AD"	"<0.2"
"rs72805795"	0.625801742070917	0.262312893158673	6.83587855089591e-06	"AD"	"<0.2"
"rs72809528"	0.173471693659349	0.559859480586112	0.00225643824416713	"AD"	"<0.2"
"rs72809539"	0.122283199135023	0.559859480586112	0.00225643824416713	"AD"	"<0.2"
"rs72809544"	0.144965683324116	0.559859480586112	0.00138991541590912	"AD"	"<0.2"
"rs72809547"	0.0715017318763092	0.559859480586112	0.00138991541590912	"AD"	"<0.2"
"rs72809554"	0.0482740245754079	0.677817932102845	0.00138991541590912	"AD"	"<0.2"
"rs72809557"	0.0310503190186574	0.677817932102845	0.00138991541590912	"AD"	"<0.2"
"rs72809558"	0.0613301989773208	0.677817932102845	0.00138991541590912	"AD"	"<0.2"
"rs72809559"	0.0219108269438574	0.677817932102845	0.000778393104734412	"AD"	"<0.2"
"rs72813498"	0.0626827522375058	0.677817932102845	0.00225643824416713	"AD"	"<0.2"
"rs72813499"	0.878768544850379	0.901906844718628	0.0130457912406236	"AD"	"<0.2"
"rs72815305"	0.867100230055517	0.869138964335565	0.0113466781141313	"AD"	"<0.2"
"rs72815310"	0.940058111938045	0.901906844718628	0.0139134427801982	"AD"	"<0.2"
"rs72815329"	1.40110011293612	0.0788136411023258	0.0211773380783598	"AD"	"<0.2"
"rs72815334"	0.125518182300534	0.677817932102845	0.00225643824416713	"AD"	"<0.2"
"rs72815337"	1.26320524507564	0.0788136411023258	0.0203777511754683	"AD"	"<0.2"
"rs72815345"	1.79209646961395	0.229672402595408	0.0246507592800736	"AD"	"<0.2"
"rs72817596"	0.90204892900585	1.00771562489615	0.0352920642716285	"AD"	"<0.2"
"rs72819575"	5.66414108868018	4.13592105515266	0.132290154764829	"AD"	"<0.2"
"rs72819577"	0.827105302247824	0.0413448719678353	0.00771179708528108	"AD"	"<0.2"
"rs72819578"	0.814174640387038	0.0413448719678353	0.00771179708528108	"AD"	"<0.2"
"rs72819579"	0.827981190575444	0.0413448719678353	0.00771179708528108	"AD"	"<0.2"
"rs72819584"	0.747389659432627	0.0413448719678353	0.00846336297721061	"AD"	"<0.2"
"rs72819591"	0.723538195826756	0.0413448719678353	0.00811511681339633	"AD"	"<0.2"
"rs72819595"	0.657577319177794	0.0413448719678353	0.00889981276684971	"AD"	"<0.2"
"rs72819601"	0.686765708305276	0.0413448719678353	0.00889981276684971	"AD"	"<0.2"
"rs72821609"	0.570247719997592	0.0413448719678353	0.00970068497917939	"AD"	"<0.2"
"rs72821613"	0.114638779968488	0.25457073136859	0.000737044833676687	"AD"	"<0.2"
"rs72821616"	1.22322619758789	1.19869715681177	0.0128949402904375	"AD"	"<0.2"
"rs72824335"	0.136320332124102	0.25457073136859	0.000737044833676687	"AD"	"<0.2"
"rs72824337"	0.536107011014093	1.05891213643692	0.0277531600181153	"AD"	"<0.2"
"rs72824338"	0.518557371497695	1.05891213643692	0.0277531600181153	"AD"	"<0.2"
"rs72824340"	0.432855954804343	0.0413448719678353	0.0111327836122536	"AD"	"<0.2"
"rs72824341"	0.117931055563852	0.61404892983156	0.00490713187761205	"AD"	"<0.2"
"rs73294406"	0.0841254971423085	0.474565151331591	0.00420826971789444	"AD"	"<0.2"
"rs73294445"	0.283245642567303	0.0797681136582413	9.74082953647788e-05	"AD"	"<0.2"
"rs73299582"	1.67284548759057	0.247361620004575	0.0136433598434865	"AD"	"<0.2"
"rs73301414"	0.854182285508172	0.0295736188888087	0.00255611631685548	"AD"	"<0.2"
"rs73301418"	0.855114581712858	0.0295736188888087	0.00255611631685548	"AD"	"<0.2"
"rs73301467"	0.868702203402377	0.0295736188888087	0.00255611631685548	"AD"	"<0.2"
"rs73301483"	0.219538667138282	0.864355405705437	0.00255611631685548	"AD"	"<0.2"
"rs73303157"	0.29456395341475	0.592006091487676	0.00255611631685548	"AD"	"<0.2"
"rs73303174"	0.010594681998484	0.0474574571042732	0.00255611631685548	"AD"	"<0.2"
"rs73303199"	0.198390511972681	0.491227951729074	0.000208162714504779	"AD"	"<0.2"
"rs73305104"	0.726767165956954	0.105536058634459	0.00255611631685548	"AD"	"<0.2"
"rs73305106"	1.0782615163154	0.0208469494122442	0.00470386358869567	"AD"	"<0.2"
"rs73305108"	0.538651566352017	0.105536058634459	0.00255611631685548	"AD"	"<0.2"
"rs73305111"	0.6607473659673	0.558026942009221	0.0184164188673692	"AD"	"<0.2"
"rs73305113"	0.585193720498987	0.503701505498816	0.0146921005603707	"AD"	"<0.2"
"rs73305114"	0.57154122648442	0.503701505498816	0.0154566681590991	"AD"	"<0.2"
"rs73305115"	0.713543530253017	0.654526285381853	0.0162335461710087	"AD"	"<0.2"
"rs73305120"	0.665546248849069	0.654526285381853	0.0154566681590991	"AD"	"<0.2"
"rs73305122"	0.811352704000283	0.654526285381853	0.0146921005603707	"AD"	"<0.2"
"rs73305140"	0.776504059037606	0.807234678342382	0.0137470847115685	"AD"	"<0.2"
"rs73305142"	0.919373513078194	0.807234678342382	0.0137470847115685	"AD"	"<0.2"
"rs73305144"	0.920456992597094	0.807234678342382	0.0137470847115685	"AD"	"<0.2"
"rs73305195"	0.417255034308723	1.12959609472097	0.0217117651831872	"AD"	"<0.2"
"rs73307107"	0.543330370576243	0.686122238630569	0.000645825505429471	"AD"	"<0.2"
"rs73309230"	0.216739767127051	0.745401173579604	0.010843572880277	"AD"	"<0.2"
"rs73309245"	0.580044251510242	0.6335789107113	0.00380917303817025	"AD"	"<0.2"
"rs73311213"	0.307064997468862	0.65589866348718	0.00074667059766642	"AD"	"<0.2"
"rs73311221"	0.0631847688023671	0.334446211864166	0.00366385574791213	"AD"	"<0.2"
"rs73311272"	0.0975619438013351	0.566303754431479	0.00255611631685548	"AD"	"<0.2"
"rs73311273"	0.121593112419004	0.566303754431479	0.00255611631685548	"AD"	"<0.2"
"rs7358283"	2.1500894416985	0.718718859997318	0.00900797066050162	"AD"	"<0.2"
"rs74143116"	1.44165149123838	0.497313473379138	0.00738768345650718	"AD"	"<0.2"
"rs74143117"	1.1499054056133	1.11077507633695	0.000208162714504779	"AD"	"<0.2"
"rs74143119"	1.33152089706741	0.72933280729507	0.000208162714504779	"AD"	"<0.2"
"rs74143132"	1.4521022824369	0.282158974217376	0.0066846372919217	"AD"	"<0.2"
"rs74143134"	0.663540266151471	1.00476287171127	0.00255611631685548	"AD"	"<0.2"
"rs74143136"	0.694648630553376	1.00476287171127	0.00255611631685548	"AD"	"<0.2"
"rs74143168"	0.36291072646967	0.884835659660359	0.0209205286928937	"AD"	"<0.2"
"rs74143174"	0.711974464611637	0.65506765057959	0.000910490048908443	"AD"	"<0.2"
"rs74143175"	0.715343717211484	0.65506765057959	0.000910490048908443	"AD"	"<0.2"
"rs74143176"	0.475084852460133	0.65506765057959	0.000910490048908443	"AD"	"<0.2"
"rs74143200"	0.151502981909633	0.423694362479866	0.00772357673445394	"AD"	"<0.2"
"rs74235055"	1.33180051580134	0.375789088903505	0.000208162714504779	"AD"	"<0.2"
"rs74344040"	0.993533957750768	0.0413448719678353	0.00846336297721061	"AD"	"<0.2"
"rs74356625"	1.04987865248863	0.401156987254484	0.00262354954430764	"AD"	"<0.2"
"rs74500319"	0.077378328476801	0.292882236659578	0.0023799264715639	"AD"	"<0.2"
"rs74685750"	0.85078088734462	0.140697746944741	0.00581335315380711	"AD"	"<0.2"
"rs74702152"	1.15521228117215	0.113380133723061	0.00626536247232623	"AD"	"<0.2"
"rs7474754"	0.302073555193495	0.0797681136582413	9.74082953647788e-05	"AD"	"<0.2"
"rs74751373"	0.547600154088558	0.702478033487252	0.0419679367096179	"AD"	"<0.2"
"rs7476005"	0.161528720928071	0.0797681136582413	0.000401699581658661	"AD"	"<0.2"
"rs7476007"	0.17172688794793	0.0797681136582413	9.74082953647788e-05	"AD"	"<0.2"
"rs7476139"	2.4805658050863	1.16968148618986	0.0199977799158712	"AD"	"<0.2"
"rs74924000"	0.656788409820253	1.41189307612839	0.00704037464375467	"AD"	"<0.2"
"rs74949038"	0.045709238298873	0.805280353350868	0.0198461310336818	"AD"	"<0.2"
"rs74949841"	0.405055263304917	0.531824057686701	0.0157993940458804	"AD"	"<0.2"
"rs75089768"	0.647238808276169	0.558026942009221	0.0154566681590991	"AD"	"<0.2"
"rs75098823"	0.560036064079095	0.32003365775686	0.012437813861543	"AD"	"<0.2"
"rs75155642"	0.328641996556508	0.193431370695817	0.00251083204068066	"AD"	"<0.2"
"rs75181364"	0.619607839942973	0.843220739621824	0.0418146896264026	"AD"	"<0.2"
"rs75183035"	1.89859664944467	0.186365645189187	0.000208162714504779	"AD"	"<0.2"
"rs75226706"	0.891096872332687	0.0674039803706177	0.00626536247232623	"AD"	"<0.2"
"rs75247933"	0.408601448718751	0.49854635283603	0.034886270172677	"AD"	"<0.2"
"rs75307965"	0.321208565633756	0.923687312023142	0.00059840855007521	"AD"	"<0.2"
"rs75323073"	1.17848647159523	0.0803660526114613	0.017885572788959	"AD"	"<0.2"
"rs75379066"	0.415895029600547	2.08357026733267	0.00612042840633249	"AD"	"<0.2"
"rs75401701"	0.412625827926935	0.31397897002955	2.20992182739789e-05	"AD"	"<0.2"
"rs75419717"	0.264161665682926	0.417921857684629	0.0141511931407551	"AD"	"<0.2"
"rs75442315"	1.49825627037201	0.640175896703905	0.0136556910009717	"AD"	"<0.2"
"rs75456003"	0.102978043939637	0.483913033554755	0.000787547620546976	"AD"	"<0.2"
"rs75474894"	0.622147580993245	0.187542557711997	0.000357937246903726	"AD"	"<0.2"
"rs75503642"	1.02245929405347	0.0413448719678353	0.00771179708528108	"AD"	"<0.2"
"rs75549923"	0.386158178123931	0.119075562485052	0.00255611631685548	"AD"	"<0.2"
"rs756208"	7.58989792335714	8.38756053761708	0.376657279918274	"AD"	"0.2-0.4"
"rs75702394"	0.858236769724212	0.769632835866302	0.0291937100668115	"AD"	"<0.2"
"rs75726624"	0.655607726314889	0.65506765057959	0.000910490048908443	"AD"	"<0.2"
"rs75808472"	0.238372815438417	0.417921857684629	0.0157993940458804	"AD"	"<0.2"
"rs75841224"	1.06590573164452	0.487352952580084	0.0126657313558333	"AD"	"<0.2"
"rs75880892"	0.624885315307775	0.65506765057959	0.000910490048908443	"AD"	"<0.2"
"rs75907892"	1.01836257534423	0.0413448719678353	0.00771179708528108	"AD"	"<0.2"
"rs75909911"	0.384049948343599	0.122673007422981	0.0180127523921373	"AD"	"<0.2"
"rs75935286"	1.01144104312138	0.0413448719678353	0.00771179708528108	"AD"	"<0.2"
"rs759873"	0.901010360598823	0.206303885596209	0.000350530335921853	"AD"	"<0.2"
"rs76038438"	0.375202421039239	0.0955652414063802	0.00255611631685548	"AD"	"<0.2"
"rs76080317"	0.0325456318172592	0.0468266874943353	0.00557350032027073	"AD"	"<0.2"
"rs76143299"	0.910448117113546	0.0674039803706177	0.00626536247232623	"AD"	"<0.2"
"rs76152102"	1.0389112802321	0.805296996068177	0.000208162714504779	"AD"	"<0.2"
"rs76200242"	0.20266319922465	0.636668239832609	0.00255611631685548	"AD"	"<0.2"
"rs76262927"	0.130474937142773	1.11184073242763	0.0161702301077218	"AD"	"<0.2"
"rs76298292"	0.646083769079637	1.41189307612839	0.00704037464375467	"AD"	"<0.2"
"rs76371919"	5.14230574221345	2.22446600620079	0.0335738761156051	"AD"	"<0.2"
"rs76387506"	1.43344466911695	0.569970118586033	0.0024453809645195	"AD"	"<0.2"
"rs76411982"	1.30706499746886	0.434789929300188	0.00738768345650718	"AD"	"<0.2"
"rs76442860"	1.32780974881175	0.0168520157808536	0.0187430338470653	"AD"	"<0.2"
"rs76508758"	1.31668273807812	0.0803660526114613	0.0193560912257174	"AD"	"<0.2"
"rs76558489"	1.88306035344924	0.229672402595408	0.0255047300578984	"AD"	"<0.2"
"rs76560809"	0.8843894883257	0.0674039803706177	0.00626536247232623	"AD"	"<0.2"
"rs76589414"	0.281415279972564	0.417921857684629	0.0141511931407551	"AD"	"<0.2"
"rs76656360"	1.20620961530918	0.301127288525135	0.00238224179563534	"AD"	"<0.2"
"rs76698922"	0.608535588160897	0.843220739621824	0.0418146896264026	"AD"	"<0.2"
"rs76776628"	0.374378918575092	0.461218970218154	0.0180127523921373	"AD"	"<0.2"
"rs76779124"	0.404503778174426	0.21898894725188	0.00130255749807372	"AD"	"<0.2"
"rs76786147"	0.399898744308609	0.455681377994196	0.000738706885048806	"AD"	"<0.2"
"rs76820872"	0.279757981712943	0.417921857684629	0.0141511931407551	"AD"	"<0.2"
"rs76823730"	0.761953896871205	0.266988212618979	0.00117321540278025	"AD"	"<0.2"
"rs769380"	0.452348341640031	0.373302487601351	0.00490491047606603	"AD"	"<0.2"
"rs76941332"	0.0796157578216425	0.559859480586112	0.00138991541590912	"AD"	"<0.2"
"rs76986874"	0.703115524461453	0.354653394877749	0.00289737226049849	"AD"	"<0.2"
"rs76995205"	0.431680914904888	1.17507793025373	0.000865451406652525	"AD"	"<0.2"
"rs77000305"	1.24795155218056	0.0803660526114613	0.017885572788959	"AD"	"<0.2"
"rs77096864"	0.575935474582512	1.00476287171127	0.00255611631685548	"AD"	"<0.2"
"rs77118199"	0.305043997750182	0.0955652414063802	0.00255611631685548	"AD"	"<0.2"
"rs77129501"	0.298173069602861	0.417921857684629	0.0149693465515641	"AD"	"<0.2"
"rs77161010"	4.55893359336074	0.579806527970848	0.0347483525321293	"AD"	"<0.2"
"rs77164637"	1.55705013042214	0.543858764842309	0.00243306265076783	"AD"	"<0.2"
"rs77244906"	1.02136305161553	0.0413448719678353	0.00846336297721061	"AD"	"<0.2"
"rs77269295"	0.603103550857476	0.855702957580722	0.00010140077110354	"AD"	"<0.2"
"rs77270459"	1.23500240071512	0.113380133723061	0.00626536247232623	"AD"	"<0.2"
"rs77293309"	0.605723473232179	0.863260413063794	0.0418146896264026	"AD"	"<0.2"
"rs77349870"	0.0986506745843577	0.256162678154957	0.00201961793343216	"AD"	"<0.2"
"rs77374007"	0.0311902860871418	0.152118386097317	0.00559762741190039	"AD"	"<0.2"
"rs77394033"	1.25932157477255	0.0803660526114613	0.0202280193364451	"AD"	"<0.2"
"rs77417851"	0.895854449445992	0.0674039803706177	0.00626536247232623	"AD"	"<0.2"
"rs77545021"	0.605723473232179	0.32003365775686	0.0131696516912621	"AD"	"<0.2"
"rs77564921"	0.602755418989614	0.863260413063794	0.0418146896264026	"AD"	"<0.2"
"rs77585901"	0.467500413905338	0.848942880792422	9.51136940779527e-05	"AD"	"<0.2"
"rs77745801"	0.0557147793112472	1.06956142470511	0.00598498016662126	"AD"	"<0.2"
"rs77810325"	0.472370099128661	1.46801172442505	0.00511500416727283	"AD"	"<0.2"
"rs77824090"	0.0221392707353028	0.41623349926672	6.17244061654909e-06	"AD"	"<0.2"
"rs77868607"	0.271483895240233	0.253247514732858	0.000787547620546976	"AD"	"<0.2"
"rs77945229"	0.708187312532881	0.887710110296799	0.000208162714504779	"AD"	"<0.2"
"rs77956036"	0.299036821840451	0.120345118300793	0.00266989023656101	"AD"	"<0.2"
"rs77958190"	0.267606240177031	0.417921857684629	0.0141511931407551	"AD"	"<0.2"
"rs77993680"	1.01470828140711	0.00364464945380563	0.00846336297721061	"AD"	"<0.2"
"rs78029190"	1.0472559759851	0.0674039803706177	0.00626536247232623	"AD"	"<0.2"
"rs78077741"	0.658961368322477	1.41189307612839	0.00704037464375467	"AD"	"<0.2"
"rs78097142"	2.55658053821718	2.72365770069622	0.120661459909598	"AD"	"<0.2"
"rs78227559"	1.11328372588352	0.581367312645935	0.0086475574097811	"AD"	"<0.2"
"rs78263418"	0.372429335819457	0.848942880792422	1.17434098752167e-06	"AD"	"<0.2"
"rs78368710"	1.47755576649368	0.274205120447635	0.0200282803182381	"AD"	"<0.2"
"rs78429616"	0.99439055463972	0.0411290181737439	0.021348920394961	"AD"	"<0.2"
"rs78607715"	0.426664159933932	0.441356218559022	0.000738706885048806	"AD"	"<0.2"
"rs78680144"	0.256255121407539	1.03975380077951	0.0132546335098646	"AD"	"<0.2"
"rs78741120"	1.38944629468291	0.707208038667663	0.0076518922318608	"AD"	"<0.2"
"rs78829712"	0.418277840050901	0.311865945209089	0.0014959398205702	"AD"	"<0.2"
"rs7894153"	0.577082019232338	1.3075346874989	0.01674598633925	"AD"	"<0.2"
"rs7894899"	0.685290307044826	0.00158197250826787	0.0233297680626217	"AD"	"<0.2"
"rs7894923"	0.811634073936852	0.260490945331702	0.000578194242264197	"AD"	"<0.2"
"rs7895042"	9.19661117501639	9.76630095252618	0.422453445616957	"AD"	"0.4-0.6"
"rs7895125"	1.52753610339301	0.860712964526515	0.0198091007426717	"AD"	"<0.2"
"rs78951791"	0.419987887470576	0.441356218559022	0.000738706885048806	"AD"	"<0.2"
"rs7895413"	0.185219854254195	0.827058637785759	0.0178871145342329	"AD"	"<0.2"
"rs7895661"	0.647046088289912	1.05074567057541	0.0232685392556462	"AD"	"<0.2"
"rs7895779"	5.22577509513108	2.88044720233288	0.213912544612076	"AD"	"0.2-0.4"
"rs7896067"	1.24534593074457	0.605004041083836	0.00162078427950414	"AD"	"<0.2"
"rs7896832"	13.4669909775045	20.4045522807741	0.987107533888708	"AD"	">=0.95"
"rs7897591"	0.340654364253823	0.619665725613994	0.0617628884970156	"AD"	"<0.2"
"rs7897652"	0.383524486111435	0.296166307517955	0.00182461478863089	"AD"	"<0.2"
"rs7897697"	0.520568662802264	1.3075346874989	0.01674598633925	"AD"	"<0.2"
"rs7897708"	0.612076533026563	0.65506765057959	0.000910490048908443	"AD"	"<0.2"
"rs7897994"	6.84863014975254	9.18326832365478	0.396413200783626	"AD"	"0.2-0.4"
"rs7898558"	2.27188981589966	1.29104824234667	0.0561593725752938	"AD"	"<0.2"
"rs7898568"	2.27942727963574	1.29104824234667	0.0561593725752938	"AD"	"<0.2"
"rs7898787"	2.94119451332409	4.72403941720609	0.238510949329467	"AD"	"0.2-0.4"
"rs7899513"	3.28912138231483	4.87726655456901	0.229625504908745	"AD"	"0.2-0.4"
"rs7899790"	0.00546289570150214	0.166334085447516	0.00013873886066511	"AD"	"<0.2"
"rs7900536"	13.6278247138849	20.4045522807741	0.987107533888708	"AD"	">=0.95"
"rs7900843"	0.311847244408434	0.67395308197069	0.00120118252848935	"AD"	"<0.2"
"rs7900931"	1.06193081377661	0.287065911785976	0.0222298405838237	"AD"	"<0.2"
"rs7900954"	0.451364940185249	0.428158455036695	0.000645825505429471	"AD"	"<0.2"
"rs7901404"	2.08650404038288	2.97777789549229	0.201851824181441	"AD"	"0.2-0.4"
"rs7902071"	3.13483678049391	4.87726655456901	0.23885722487625	"AD"	"0.2-0.4"
"rs7902355"	2.57971411505808	1.37757665401361	0.0834005179014591	"AD"	"<0.2"
"rs7902939"	1.64263696938486	2.08191826425289	0.155392563218333	"AD"	"<0.2"
"rs7903701"	6.84073366890651	9.18326832365478	0.396413200783626	"AD"	"0.2-0.4"
"rs7903798"	0.088895682195964	0.718244167803752	0.0241890762681135	"AD"	"<0.2"
"rs79040756"	0.904830648568245	0.0674039803706177	0.00626536247232623	"AD"	"<0.2"
"rs7904536"	0.778064400171995	0.0130706946751978	4.27240828262425e-07	"AD"	"<0.2"
"rs7904557"	1.66394072213365	2.08191826425289	0.155392563218333	"AD"	"<0.2"
"rs7904697"	2.0558629268419	0.387774729648613	0.0507168870659784	"AD"	"<0.2"
"rs79048666"	0.0643919814821307	0.296113916811072	0.00468981995213702	"AD"	"<0.2"
"rs7904867"	0.161654731224009	0.461239067314415	6.7943533129394e-05	"AD"	"<0.2"
"rs7904935"	1.497163361379	0.0308940757509243	0.0224262003126975	"AD"	"<0.2"
"rs7905249"	1.14697138528701	0.653312630192283	0.00249274616954301	"AD"	"<0.2"
"rs7905288"	0.218891164270534	1.58050025233203	0.0175895702739395	"AD"	"<0.2"
"rs7905891"	4.41330019837595	3.6080227781931	0.17375232165385	"AD"	"<0.2"
"rs7906131"	4.37726803483528	3.6080227781931	0.17375232165385	"AD"	"<0.2"
"rs79064644"	1.94884747755262	0.117203472839726	0.0171028826944395	"AD"	"<0.2"
"rs7906605"	0.56019378860667	1.3075346874989	0.01674598633925	"AD"	"<0.2"
"rs7906736"	8.87582194452533	9.69561719751093	0.451595993767578	"AD"	"0.4-0.6"
"rs7907224"	1.67366413907125	1.53168221443509	0.0951758670446034	"AD"	"<0.2"
"rs7907575"	3.16027062479361	4.87726655456901	0.23885722487625	"AD"	"0.2-0.4"
"rs7907770"	0.843753809602655	0.865262051854457	0.0813955532239531	"AD"	"<0.2"
"rs7908544"	0.207328210858433	0.0595427863633833	0.000147809652135727	"AD"	"<0.2"
"rs7908701"	0.326794718220955	0.0710641761602415	9.68324160782956e-05	"AD"	"<0.2"
"rs7909061"	0.537901618864844	0.033479539852754	0.000168512947842558	"AD"	"<0.2"
"rs7909966"	0.341320971417551	0.619665725613994	0.0636887728301825	"AD"	"<0.2"
"rs7910595"	0.965772739229449	0.58856212978817	0.00110500129334594	"AD"	"<0.2"
"rs7910643"	13.6834006979061	20.4045522807741	0.987107533888708	"AD"	">=0.95"
"rs7911454"	1.56575054760352	0.147020732813517	0.014802796309096	"AD"	"<0.2"
"rs7912008"	3.14532966810466	4.73338264417867	0.23885722487625	"AD"	"0.2-0.4"
"rs7912629"	1.64550739941056	2.08191826425289	0.155392563218333	"AD"	"<0.2"
"rs7913282"	1.04566099139754	0.142243067543573	0.000384147895707218	"AD"	"<0.2"
"rs7914156"	7.37417328671429	9.31247638946903	0.37286748901672	"AD"	"0.2-0.4"
"rs7914246"	0.769295686387431	0.216520922404547	0.00121003232734623	"AD"	"<0.2"
"rs7914621"	3.29567785917776	4.87726655456901	0.229625504908745	"AD"	"0.2-0.4"
"rs7914650"	1.69918720588188	0.327556691967202	0.0311165831619572	"AD"	"<0.2"
"rs79154216"	1.12947904998724	0.316248930468645	0.00846336297721061	"AD"	"<0.2"
"rs7915642"	2.64206515299955	2.2557234499524	0.0420376690938455	"AD"	"<0.2"
"rs7916349"	3.18190613085336	4.87726655456901	0.23885722487625	"AD"	"0.2-0.4"
"rs7916467"	0.945770090136603	0.863863110909874	0.00843094660263655	"AD"	"<0.2"
"rs7916618"	1.26889494878408	0.0803660526114613	0.017885572788959	"AD"	"<0.2"
"rs7916858"	1.10039834085388	0.0212868742858442	0.000640055101676892	"AD"	"<0.2"
"rs7917136"	5.21681130892474	2.88044720233288	0.213912544612076	"AD"	"0.2-0.4"
"rs7917145"	5.19736308191719	2.88044720233288	0.213912544612076	"AD"	"0.2-0.4"
"rs7917419"	1.54166437400805	2.08191826425289	0.158490021571067	"AD"	"<0.2"
"rs7918509"	0.4990777608097	0.0818249225099297	1.75245200223006e-05	"AD"	"<0.2"
"rs79192278"	0.206488994207142	0.129980808833985	0.000633091248726306	"AD"	"<0.2"
"rs79192970"	0.789413975094844	2.68432977808036	0.0288345481259277	"AD"	"<0.2"
"rs7919380"	6.86264588862927	9.18326832365478	0.396413200783626	"AD"	"0.2-0.4"
"rs7920037"	0.344093581819785	0.619665725613994	0.0636887728301825	"AD"	"<0.2"
"rs79207756"	0.0247060846437937	0.653064444601374	0.00126668348206216	"AD"	"<0.2"
"rs7920944"	0.00837526546599465	0.187426862570042	0.00013873886066511	"AD"	"<0.2"
"rs7922492"	0.54591772926891	1.3075346874989	0.01674598633925	"AD"	"<0.2"
"rs7922621"	13.6390281162741	20.4045522807741	0.987107533888708	"AD"	">=0.95"
"rs7923028"	2.13513308567147	2.75730455863665	0.201851824181441	"AD"	"0.2-0.4"
"rs7923366"	8.2020403562628	7.57170156612278	0.379387949328425	"AD"	"0.2-0.4"
"rs7923403"	1.04258428527733	0.142243067543573	0.000461486436617162	"AD"	"<0.2"
"rs7923730"	0.561299467099264	1.3075346874989	0.01674598633925	"AD"	"<0.2"
"rs79246134"	0.592779107072604	0.65506765057959	0.000910490048908443	"AD"	"<0.2"
"rs79291416"	0.619065536669298	0.65506765057959	0.000910490048908443	"AD"	"<0.2"
"rs79372878"	0.586532587014175	0.32003365775686	0.0134086538885587	"AD"	"<0.2"
"rs79468664"	0.877129077135565	0.0413448719678353	0.00846336297721061	"AD"	"<0.2"
"rs79470528"	0.418164075942352	0.49854635283603	0.034886270172677	"AD"	"<0.2"
"rs79598430"	0.97798426018228	0.0413448719678353	0.00846336297721061	"AD"	"<0.2"
"rs79689805"	0.319664486585437	0.694691632135856	0.00613272995929454	"AD"	"<0.2"
"rs79808886"	1.45942028349555	0.099256645800077	0.00426170364690466	"AD"	"<0.2"
"rs79819901"	5.57300104124346	3.20708117289253	0.234095211025029	"AD"	"0.2-0.4"
"rs79850083"	0.364616795952501	0.0955652414063802	0.00255611631685548	"AD"	"<0.2"
"rs79863649"	1.12977172098821	0.316248930468645	0.00846336297721061	"AD"	"<0.2"
"rs79906291"	0.563837352959244	0.262312893158673	6.83587855089591e-06	"AD"	"<0.2"
"rs80007362"	0.184887341810187	0.271074300122799	2.64771187529487e-05	"AD"	"<0.2"
"rs80076998"	0.510322708336302	0.32003365775686	0.0117193913699997	"AD"	"<0.2"
"rs80099951"	0.0802422194981058	0.559859480586112	0.00138991541590912	"AD"	"<0.2"
"rs80130113"	0.0742754730639374	0.729335136020485	0.00255611631685548	"AD"	"<0.2"
"rs80189312"	0.344669441990659	1.10344347113614	0.0115542819185175	"AD"	"<0.2"
"rs80234129"	1.38658105496543	0.707208038667663	0.00738768345650718	"AD"	"<0.2"
"rs873257"	5.07396640332116	3.17071810329384	0.202594710202155	"AD"	"0.2-0.4"
"rs873258"	3.58569531187167	2.33942478078653	0.148701634972896	"AD"	"<0.2"
"rs873259"	5.09615066190332	3.17071810329384	0.202594710202155	"AD"	"0.2-0.4"
"rs873395"	7.47599355444263	8.38756053761708	0.376657279918274	"AD"	"0.2-0.4"
"rs878651"	1.91721462968355	0.844873567788185	0.0699284661662089	"AD"	"<0.2"
"rs878652"	0.0667658712851919	0.921963904532272	0.0220878601675808	"AD"	"<0.2"
"rs882682"	5.11696348997232	3.14627563402157	0.222103259243336	"AD"	"0.2-0.4"
"rs9325452"	0.432855954804343	1.0257398379749	0.00762938990475722	"AD"	"<0.2"
"rs9325460"	0.227898430722988	0.0903953025525548	6.92600054950088e-05	"AD"	"<0.2"
"rs9420349"	7.27018749283907	7.6141078652876	0.374766127760853	"AD"	"0.2-0.4"
"rs9420359"	8.04997609347667	8.3058249216585	0.385876300433001	"AD"	"0.2-0.4"
"rs9420370"	7.31425826139774	9.31247638946903	0.370970591322728	"AD"	"0.2-0.4"
"rs9420491"	1.42678017288558	0.849903944046904	0.00343332530314428	"AD"	"<0.2"
"rs9420492"	0.552841968657781	0.77244235311436	0.00129888091012876	"AD"	"<0.2"
"rs9420494"	0.734474664780926	0.459297717672436	0.000689933727754989	"AD"	"<0.2"
"rs9420495"	1.46230680563261	0.898909674323499	0.00551326278095019	"AD"	"<0.2"
"rs9420496"	0.0721165896692931	0.512513762434138	1.25034902663727e-06	"AD"	"<0.2"
"rs9420497"	1.54882784248746	0.376853091082554	0.0053732726353913	"AD"	"<0.2"
"rs9420499"	1.34275287011628	1.09807385167244	0.00613278491779649	"AD"	"<0.2"
"rs9420501"	0.97387548325455	1.1509548426627	0.00692010185045416	"AD"	"<0.2"
"rs9420502"	0.883392256011751	0.257724317172851	0.000308879427724451	"AD"	"<0.2"
"rs9421449"	0.38132446111486	0.122673007422981	0.0180127523921373	"AD"	"<0.2"
"rs9421450"	0.213177620500813	0.415565869080933	0.01686943243102	"AD"	"<0.2"
"rs9421464"	7.67592342026051	8.10327046124905	0.374766127760853	"AD"	"0.2-0.4"
"rs9421673"	0.246646787358504	0.687503177916613	0.00333787714199725	"AD"	"<0.2"
"rs9421678"	1.3040807471686	0.590381304758102	0.00447733077253918	"AD"	"<0.2"
"rs9421681"	0.692076296388119	0.306933786552045	0.00130749925851725	"AD"	"<0.2"
"rs9421682"	0.745451922891026	0.212145084712752	0.00329616558006622	"AD"	"<0.2"
"rs9421683"	1.58603002825194	0.428849239890049	0.00593853047980608	"AD"	"<0.2"
"rs9421684"	0.114356128164236	0.341750999503298	0.00640956388126739	"AD"	"<0.2"
"rs9421690"	0.909741947068684	0.274542491765909	0.000308879427724451	"AD"	"<0.2"
"rs9421691"	0.0314703556251604	0.529708610841531	0.00017807561962283	"AD"	"<0.2"
"rs9421693"	0.0511470938002865	0.529708610841531	0.00026275358750176	"AD"	"<0.2"
"rs946889"	0.216167856615559	0.732152706436846	0.012437813861543	"AD"	"<0.2"
"rs946892"	6.8153085691824	9.18326832365478	0.396413200783626	"AD"	"0.2-0.4"
"rs946893"	7.60345196201287	8.32483872135799	0.380766122895907	"AD"	"0.2-0.4"
"rs9633739"	3.11776015198118	4.72432477391282	0.287758108085505	"AD"	"0.2-0.4"
"rs9633740"	13.3104247842401	19.777889883769	0.993524634828474	"AD"	">=0.95"
"rs9651483"	0.315423912611545	0.896473358382158	0.0166409434321569	"AD"	"<0.2"
"rs9663163"	9.52900183033913	9.76630095252618	0.420217767903894	"AD"	"0.4-0.6"
"rs9665686"	5.06223143295006	1.26754833810616	0.0837973819172986	"AD"	"<0.2"
"rs9703804"	7.41770931728101	9.31247638946903	0.370970591322728	"AD"	"0.2-0.4"
"rs9730767"	0.510041520575165	1.04387865267325	0.00762938990475722	"AD"	"<0.2"
"rs9804223"	6.81644546638114	9.18326832365478	0.396413200783626	"AD"	"0.2-0.4"
"rs9804233"	6.79425445905734	9.18326832365478	0.396413200783626	"AD"	"0.2-0.4"
"rs9804236"	6.7956086680807	9.18326832365478	0.396413200783626	"AD"	"0.2-0.4"
"rs9888061"	0.382789905442566	0.0518140221779264	8.16409491145678e-08	"AD"	"<0.2"
"rs9971172"	1.11838712752165	0.172166306108445	1.60595340597417e-06	"AD"	"<0.2"
"rs9971214"	0.914709421769935	0.0886170429056799	2.86883116821057e-06	"AD"	"<0.2"
"rs1001527"	0.351639989019068	0.494157060818106	1.42225767148056e-05	"TC"	"<0.2"
"rs1007521"	0.97061622231479	0.0413448719678353	0.0111327836122536	"TC"	"<0.2"
"rs1010245"	0.896196279044043	4.63793807459034	0.187326724545825	"TC"	"<0.2"
"rs1010246"	0.35359627377693	1.81576581249045	0.0725163115184642	"TC"	"<0.2"
"rs10160056"	1.25258819211358	2.89771726018474	0.112517397525422	"TC"	"<0.2"
"rs10400045"	2.43533393574791	9.31247638946903	0.370970591322728	"TC"	"0.2-0.4"
"rs10444009"	2.04914854111145	1.03332101356642	0.00769902234636871	"TC"	"<0.2"
"rs10458743"	1.32148162095989	1.41189307612839	0.00704037464375467	"TC"	"<0.2"
"rs10466235"	2.66354026615147	9.02402118719944	0.396839641591914	"TC"	"0.2-0.4"
"rs10466236"	2.53760200210104	4.89507267171459	0.229625504908745	"TC"	"0.2-0.4"
"rs1047951"	1.18442225167573	0.0674039803706177	0.00626536247232623	"TC"	"<0.2"
"rs10509415"	0.159893905543242	0.0350924766469924	0.000892143451171604	"TC"	"<0.2"
"rs1052631"	1.86327943284359	0.798389877796844	0.0158050356101063	"TC"	"<0.2"
"rs1063161"	0.721246399047171	0.0425095620135659	0.027591277575724	"TC"	"<0.2"
"rs10736340"	1.57839607313017	9.76630095252618	0.420217767903894	"TC"	"0.4-0.6"
"rs10736342"	2.25336580106242	10.3313830181126	0.451595993767578	"TC"	"0.4-0.6"
"rs10736343"	1.14691047014813	3.61537781154846	0.177093258088484	"TC"	"<0.2"
"rs10736344"	3.19859628998265	9.18326832365478	0.396413200783626	"TC"	"0.2-0.4"
"rs10736345"	3.1944991418416	9.18326832365478	0.396413200783626	"TC"	"0.2-0.4"
"rs10736346"	3.19314197048118	9.18326832365478	0.396413200783626	"TC"	"0.2-0.4"
"rs10736347"	3.19314197048118	9.18326832365478	0.396413200783626	"TC"	"0.2-0.4"
"rs10736348"	2.86646109162978	9.30834837322808	0.401261576828224	"TC"	"0.4-0.6"
"rs10736349"	2.83268266525182	9.30834837322808	0.401261576828224	"TC"	"0.4-0.6"
"rs10736356"	2.81815641205523	9.30834837322808	0.393186055408957	"TC"	"0.2-0.4"
"rs10736365"	0.71669877129645	4.04175442935887	0.17320086442336	"TC"	"<0.2"
"rs10736366"	3.07987667370928	5.93686187345518	0.366446860113705	"TC"	"0.2-0.4"
"rs10748526"	9.48412615628832	13.3799285211888	0.93210418807888	"TC"	"0.8-0.95"
"rs10748557"	0.0777937225609836	0.264860385954381	0.000302444563716874	"TC"	"<0.2"
"rs10749549"	1.18309616062434	3.55979800854091	0.171041198957812	"TC"	"<0.2"
"rs10749550"	0.860120913598763	8.38756053761708	0.376657279918274	"TC"	"0.2-0.4"
"rs10749551"	1.10237290870956	8.88090254489974	0.385876300433001	"TC"	"0.2-0.4"
"rs10749559"	1.51712641639125	3.35020285405655	0.118087464218371	"TC"	"<0.2"
"rs10749560"	2.44249279809434	9.31247638946903	0.370970591322728	"TC"	"0.2-0.4"
"rs10749562"	1.40782324260413	9.76630095252618	0.422453445616957	"TC"	"0.4-0.6"
"rs10749569"	3.16178077809237	9.58863454855172	0.396413200783626	"TC"	"0.2-0.4"
"rs10749572"	2.74957999769111	4.6958327282756	0.232225116380786	"TC"	"0.2-0.4"
"rs10749574"	2.08884239126002	9.69561719751093	0.451595993767578	"TC"	"0.4-0.6"
"rs10749575"	2.73992861201493	4.6958327282756	0.232225116380786	"TC"	"0.2-0.4"
"rs10749578"	2.04191415147892	10.447213798334	0.456673145334336	"TC"	"0.4-0.6"
"rs10749579"	2.8153085691824	9.30834837322808	0.401261576828224	"TC"	"0.4-0.6"
"rs10749581"	2.82390874094432	9.30834837322808	0.401261576828224	"TC"	"0.4-0.6"
"rs10749584"	1.1605219526258	3.00426655190753	0.111518048785414	"TC"	"<0.2"
"rs10749592"	2.54060751224077	4.69839060786383	0.229625504908745	"TC"	"0.2-0.4"
"rs10749595"	2.61618463401957	9.80347839659941	0.480201982218575	"TC"	"0.4-0.6"
"rs10749603"	3.96657624451305	3.37238633849435	0.20067030975559	"TC"	"0.2-0.4"
"rs10749604"	3.82681373158773	1.4160908344045	0.0864478290803583	"TC"	"<0.2"
"rs10749608"	6.63827216398241	7.92092010115579	0.467090884948568	"TC"	"0.4-0.6"
"rs10749609"	9.39794000867204	18.2437207530632	0.974688577276089	"TC"	">=0.95"
"rs10749610"	8.31425826139774	4.21652664243157	0.289116916627788	"TC"	"0.2-0.4"
"rs10785884"	5.19722627470802	3.14627563402157	0.218351854391412	"TC"	"0.2-0.4"
"rs10785897"	8.71896663275227	4.47881482667623	0.292410093590186	"TC"	"0.2-0.4"
"rs10785965"	0.0305840876460186	0.28972181485972	0.0235400320791192	"TC"	"<0.2"
"rs10785982"	0.095284454721319	0.771450795176077	0.000671132330614084	"TC"	"<0.2"
"rs10786002"	0.866461091629783	0.0677033377535229	0.00173768711281599	"TC"	"<0.2"
"rs10786020"	0.7594507517174	0.0797681136582413	9.74082953647788e-05	"TC"	"<0.2"
"rs10788541"	0.856985199745905	8.37276424638169	0.375759301425193	"TC"	"0.2-0.4"
"rs10788544"	0.349692476868064	1.81576581249045	0.0725163115184642	"TC"	"<0.2"
"rs10788545"	0.856985199745905	8.38756053761708	0.376657279918274	"TC"	"0.2-0.4"
"rs10788546"	1.05060999335509	6.88943048991387	0.338698415685062	"TC"	"0.2-0.4"
"rs10788549"	0.818156412055228	2.61337620387492	0.136291791487081	"TC"	"<0.2"
"rs10788554"	1.35163998901907	3.16369867585535	0.121258038969414	"TC"	"<0.2"
"rs10788562"	2.77469071827414	9.31247638946903	0.363090376680328	"TC"	"0.2-0.4"
"rs10788563"	1.59006687666871	3.35020285405655	0.118087464218371	"TC"	"<0.2"
"rs10788570"	1.25258819211358	3.05077495899086	0.117644229655627	"TC"	"<0.2"
"rs10788571"	1.17263072694617	3.35020285405655	0.115733813031399	"TC"	"<0.2"
"rs10788576"	2.07935499859321	9.31247638946903	0.37286748901672	"TC"	"0.2-0.4"
"rs10788579"	1.17069622716898	3.35020285405655	0.115733813031399	"TC"	"<0.2"
"rs10788586"	2.66554624884907	9.18326832365478	0.396413200783626	"TC"	"0.2-0.4"
"rs10788588"	1.26201267366657	2.89771726018474	0.112517397525422	"TC"	"<0.2"
"rs10788603"	2.48811663902113	4.72341872383242	0.229625504908745	"TC"	"0.2-0.4"
"rs10788619"	0.645891560852599	4.04175442935887	0.173030716856869	"TC"	"<0.2"
"rs10788620"	1.24108810760203	2.99877701316314	0.145660776239712	"TC"	"<0.2"
"rs10788622"	1.35261702988538	2.69467658109766	0.1469784098276	"TC"	"<0.2"
"rs10788623"	1.19314197048118	2.07341731707927	0.198145279485821	"TC"	"<0.2"
"rs10788625"	1.23433144524099	2.69467658109766	0.1469784098276	"TC"	"<0.2"
"rs10788626"	1.73754891026957	2.88044720233288	0.213912544612076	"TC"	"0.2-0.4"
"rs10788627"	1.74472749489669	3.12358469272143	0.213912544612076	"TC"	"0.2-0.4"
"rs10788630"	1.93554201077308	2.94220081397066	0.234095211025029	"TC"	"0.2-0.4"
"rs10788640"	3.13489602535887	2.09655295261766	0.144144111202481	"TC"	"<0.2"
"rs10881600"	8.15242734085789	4.21652664243157	0.287758108085505	"TC"	"0.2-0.4"
"rs10881776"	2.79860287567955	3.85364246931395	0.302366918053475	"TC"	"0.2-0.4"
"rs10881799"	0.935542010773082	0.420962201282934	2.50808840229876e-07	"TC"	"<0.2"
"rs10881806"	0.406713932979543	2.33383502714047	0.0238753128855341	"TC"	"<0.2"
"rs10881815"	0.425968732272281	3.36403497584204	0.036348809071621	"TC"	"<0.2"
"rs10881816"	0.614393726401688	2.45895021906863	0.0330668755625594	"TC"	"<0.2"
"rs10881857"	0.795880017344075	0.0495309663947341	0.0139035448403502	"TC"	"<0.2"
"rs10881906"	0.709965388637482	0.417259574787052	0.00265236431727307	"TC"	"<0.2"
"rs10881912"	1.19722627470802	0.145601035195598	0.00115101297611995	"TC"	"<0.2"
"rs10881916"	0.202040356262804	0.325359276023088	0.000321106436360573	"TC"	"<0.2"
"rs10881952"	0.234331445240986	0.075789999774844	0.000171939541998546	"TC"	"<0.2"
"rs10881953"	0.435333935747911	0.0797681136582413	9.74082953647788e-05	"TC"	"<0.2"
"rs10881984"	0.71669877129645	0.0797681136582413	9.74082953647788e-05	"TC"	"<0.2"
"rs10882008"	0.309803919971486	0.0369983904244862	0.000667972674324001	"TC"	"<0.2"
"rs10882011"	0.482804102050026	0.310666274010612	0.00207669415209219	"TC"	"<0.2"
"rs10887701"	0.226945306635737	3.49958375019749	0.14537415169423	"TC"	"<0.2"
"rs10887705"	0.22548303427145	3.40823218282447	0.143551755020569	"TC"	"<0.2"
"rs10887706"	0.530177984021837	1.16968148618986	0.0199977799158712	"TC"	"<0.2"
"rs10887708"	0.349692476868064	1.81576581249045	0.0725163115184642	"TC"	"<0.2"
"rs10887710"	0.527243550682788	1.6490855410261	0.0568150635758904	"TC"	"<0.2"
"rs10887711"	1.05799194697769	6.88943048991387	0.338698415685062	"TC"	"0.2-0.4"
"rs10887718"	0.677780705266081	4.11345569634589	0.229480717084185	"TC"	"0.2-0.4"
"rs10887736"	1.25414480482627	9.76630095252618	0.420217767903894	"TC"	"0.4-0.6"
"rs10887739"	2.45842075605342	9.31247638946903	0.370970591322728	"TC"	"0.2-0.4"
"rs10887761"	1.16621562534352	3.61537781154846	0.171783949575164	"TC"	"<0.2"
"rs10887798"	2.14691047014813	9.18326832365478	0.399227748355551	"TC"	"0.2-0.4"
"rs10887808"	2.94309514866353	9.18326832365478	0.397264421378555	"TC"	"0.2-0.4"
"rs10887825"	2.79860287567955	9.30834837322808	0.401261576828224	"TC"	"0.4-0.6"
"rs10887826"	2.54975089168064	4.79658360115356	0.229625504908745	"TC"	"0.2-0.4"
"rs10887828"	2.86327943284359	4.87726655456901	0.242021643331153	"TC"	"0.2-0.4"
"rs10887838"	2.31695296176115	10.4486427264773	0.469393624865787	"TC"	"0.4-0.6"
"rs10887847"	1.20690839982342	3.70254371096075	0.139474062428119	"TC"	"<0.2"
"rs10887865"	1.1444808443322	3.1670404213428	0.148202844484406	"TC"	"<0.2"
"rs10887868"	1.10902040301031	3.07757870651929	0.148202844484406	"TC"	"<0.2"
"rs10887869"	2.1232050237993	5.37132504073736	0.307960102398409	"TC"	"0.2-0.4"
"rs10887871"	1.2572748686953	3.2530787012421	0.145660776239712	"TC"	"<0.2"
"rs10887872"	1.02641037657274	3.92064868858259	0.171241678039859	"TC"	"<0.2"
"rs10887873"	1.24795155218056	3.2530787012421	0.148920230511854	"TC"	"<0.2"
"rs10887880"	2.09366495819491	3.20708117289253	0.234095211025029	"TC"	"0.2-0.4"
"rs10887884"	2.09691001300806	3.20708117289253	0.234095211025029	"TC"	"0.2-0.4"
"rs10887894"	1.15801519540989	3.231259071177	0.276222273296138	"TC"	"0.2-0.4"
"rs10887895"	1.15864052954515	3.231259071177	0.276222273296138	"TC"	"0.2-0.4"
"rs10887896"	1.16241156176449	3.231259071177	0.271950652745491	"TC"	"0.2-0.4"
"rs10887898"	1.9100948885606	2.90453075755126	0.237285982900882	"TC"	"0.2-0.4"
"rs10887899"	1.17198493577602	3.231259071177	0.271950652745491	"TC"	"0.2-0.4"
"rs10887900"	1.15739076038944	3.231259071177	0.276222273296138	"TC"	"0.2-0.4"
"rs10887901"	1.14996674231023	3.231259071177	0.275007022016137	"TC"	"0.2-0.4"
"rs10887902"	1.15366288787019	3.231259071177	0.275007022016137	"TC"	"0.2-0.4"
"rs10887903"	1.15428198203334	3.231259071177	0.275007022016137	"TC"	"0.2-0.4"
"rs10887914"	1.25649023527157	3.57425715959529	0.286476842256746	"TC"	"0.2-0.4"
"rs10887933"	3.69464863055338	3.08551139710121	0.202278598882496	"TC"	"0.2-0.4"
"rs10887949"	2.98296666070122	1.04582650061097	0.0922720878352723	"TC"	"<0.2"
"rs111391217"	1.15490195998574	0.497313473379138	0.00738768345650718	"TC"	"<0.2"
"rs111397159"	0.318758762624413	0.0226262569416014	0.00255611631685548	"TC"	"<0.2"
"rs111442768"	0.0366844886138887	0.163134935933756	2.26230807774861e-05	"TC"	"<0.2"
"rs111457648"	0.779891911959945	0.0380699169064382	0.000834153865432407	"TC"	"<0.2"
"rs111638833"	0.598599459218456	0.214000017704385	0.00255611631685548	"TC"	"<0.2"
"rs111712776"	0.202040356262804	0.180668657570622	0.0193560912257174	"TC"	"<0.2"
"rs111715594"	0.673664139071249	0.105536058634459	0.00255611631685548	"TC"	"<0.2"
"rs111791162"	0.0259490972071227	0.959338334090889	0.00013873886066511	"TC"	"<0.2"
"rs111791542"	0.832682665251824	0.230779284522305	0.00339704130116269	"TC"	"<0.2"
"rs11185829"	0.0172766123314547	1.37240988412128	0.0700037174728361	"TC"	"<0.2"
"rs11185835"	1.68402965454308	6.34014652532576	0.204290377943996	"TC"	"0.2-0.4"
"rs11185932"	2.98716277529483	1.60283024379531	0.124387067681062	"TC"	"<0.2"
"rs11185939"	0.285670240254767	1.3740458438393	0.0244424727505111	"TC"	"<0.2"
"rs11185982"	4.95078197732982	11.2879221591141	0.610032689426398	"TC"	"0.6-0.8"
"rs11186024"	2.54363396687096	4.30695844061248	0.260724498165299	"TC"	"0.2-0.4"
"rs11186029"	1.11069829749369	1.14731449707267	0.0866672925324146	"TC"	"<0.2"
"rs11186034"	0.510041520575165	0.428158455036695	0.000645825505429471	"TC"	"<0.2"
"rs11186045"	3.26360349772336	1.62013452191694	0.018944762935447	"TC"	"<0.2"
"rs11186047"	1.17069622716898	0.887083463726355	0.082536897002486	"TC"	"<0.2"
"rs11186065"	0.0619809025237897	0.0285817297389937	0.0200498298132634	"TC"	"<0.2"
"rs11186102"	2.74957999769111	4.20095459531847	0.302366918053475	"TC"	"0.2-0.4"
"rs11186124"	0.249491605148654	0.431198893842858	0.0410163986623974	"TC"	"<0.2"
"rs11186128"	2.78781239559604	4.20095459531847	0.295450981079297	"TC"	"0.2-0.4"
"rs11186141"	2.78781239559604	4.20095459531847	0.290904614999058	"TC"	"0.2-0.4"
"rs11186149"	1.16178077809237	1.00296722454644	0.0159643406732183	"TC"	"<0.2"
"rs11186151"	0.244887733604929	0.0613492057162855	0.0233297680626217	"TC"	"<0.2"
"rs11186192"	0.806875401645538	0.678515490991412	0.0391141669567985	"TC"	"<0.2"
"rs11186196"	0.96657624451305	0.863260413063794	0.0418146896264026	"TC"	"<0.2"
"rs11186197"	0.954677021213343	0.863260413063794	0.0418146896264026	"TC"	"<0.2"
"rs11186200"	0.950781977329818	0.863260413063794	0.0418146896264026	"TC"	"<0.2"
"rs11186203"	1.03245202378114	0.745401173579604	0.010843572880277	"TC"	"<0.2"
"rs11186207"	0.863279432843593	0.702478033487252	0.0419679367096179	"TC"	"<0.2"
"rs11186209"	0.866461091629783	0.702478033487252	0.0419679367096179	"TC"	"<0.2"
"rs11186210"	0.869666231504994	0.702478033487252	0.0422177744248802	"TC"	"<0.2"
"rs11186212"	0.863279432843593	0.702478033487252	0.0419679367096179	"TC"	"<0.2"
"rs11186218"	1.0268721464003	0.745401173579604	0.010843572880277	"TC"	"<0.2"
"rs11186220"	0.856985199745905	0.682847968536039	0.0419679367096179	"TC"	"<0.2"
"rs11186223"	0.860120913598763	0.682847968536039	0.0419679367096179	"TC"	"<0.2"
"rs11186224"	0.886056647693163	0.682847968536039	0.0419679367096179	"TC"	"<0.2"
"rs11186234"	0.94692155651658	0.937387935810479	0.0397762689460615	"TC"	"<0.2"
"rs11186236"	0.863279432843593	0.864161597284022	0.040856776653485	"TC"	"<0.2"
"rs11186244"	0.628932137728264	3.37490475058419	0.0480683412477497	"TC"	"<0.2"
"rs11186259"	0.772113295386327	4.53214485335162	0.0532323025750314	"TC"	"<0.2"
"rs11186273"	0.787812395596042	2.58309167712666	0.0448396720992497	"TC"	"<0.2"
"rs11186280"	1.20065945054642	3.01578963473346	0.148517549883646	"TC"	"<0.2"
"rs11186296"	0.181774106386045	1.42499122295375	0.00300061480472801	"TC"	"<0.2"
"rs11186301"	1.16430942850757	0.986497086438944	0.00520776672831329	"TC"	"<0.2"
"rs11186348"	0.903089986991944	0.139868107575506	0.0127093803734185	"TC"	"<0.2"
"rs11186357"	1.58004425151024	1.10344347113614	0.0115542819185175	"TC"	"<0.2"
"rs11186370"	0.595166283380062	0.0120317998602587	0.0145410360546966	"TC"	"<0.2"
"rs11186409"	0.55129368009492	0.0120317998602587	0.0134923893546904	"TC"	"<0.2"
"rs11186419"	0.441291429466834	0.450067802165963	0.00148142418395312	"TC"	"<0.2"
"rs11186429"	0.0414361167780325	0.0446389350428569	0.00624386202812471	"TC"	"<0.2"
"rs11186456"	0.0609802235513335	0.264104221011358	0.000517551339927428	"TC"	"<0.2"
"rs11186460"	0.0716041477432862	0.150084533057333	0.00041112576980422	"TC"	"<0.2"
"rs11186481"	0.129011186239425	0.314275275329261	0.000136923101652747	"TC"	"<0.2"
"rs11186530"	0.54821356447571	0.0748132633583677	1.25046284477228e-05	"TC"	"<0.2"
"rs11186564"	0.610833915635468	0.17619137547262	0.000290155440690247	"TC"	"<0.2"
"rs11186568"	0.659555885159882	0.151908225162443	0.000290155440690247	"TC"	"<0.2"
"rs11186576"	0.149966742310231	0.211591913547175	1.34747654864913e-05	"TC"	"<0.2"
"rs11186592"	0.863279432843593	0.097814286301	0.00173768711281599	"TC"	"<0.2"
"rs11186609"	0.0809219076239261	0.34619531942911	0.00345031700635258	"TC"	"<0.2"
"rs11186615"	0.348721986001856	0.3954175827688	0.00394413378452253	"TC"	"<0.2"
"rs11186617"	0.109578981199086	0.0164093418177633	0.00194578028468366	"TC"	"<0.2"
"rs11186663"	0.166852888087215	0.00837703647371167	0.000644923582413123	"TC"	"<0.2"
"rs11186671"	0.673664139071249	0.0518140221779264	8.16409491145678e-08	"TC"	"<0.2"
"rs11186675"	0.632644078973981	0.0797681136582413	9.74082953647788e-05	"TC"	"<0.2"
"rs11186713"	0.447331783887807	0.0518140221779264	8.16409491145678e-08	"TC"	"<0.2"
"rs11186715"	0.0254883072626717	0.223131085821406	0.000745310043263885	"TC"	"<0.2"
"rs11186730"	0.7594507517174	0.0518140221779264	8.16409491145678e-08	"TC"	"<0.2"
"rs11186741"	0.774690718274137	0.0797681136582413	0.00074667059766642	"TC"	"<0.2"
"rs11186772"	0.337242168318426	0.0579641530202421	0.000661839025338974	"TC"	"<0.2"
"rs11186776"	0.301029995663981	0.0417214401928415	0.000290028304169563	"TC"	"<0.2"
"rs11186779"	0.0793549985932124	0.0091844822753943	3.43203989908375e-07	"TC"	"<0.2"
"rs11186787"	0.605548319173784	0.167231865319019	0.000154866600397328	"TC"	"<0.2"
"rs11186793"	0.460923901207223	0.310666274010612	0.00189133459531375	"TC"	"<0.2"
"rs111953546"	0.273272790973428	0.373302487601351	0.00426170364690466	"TC"	"<0.2"
"rs11202342"	0.995678626217357	4.23916904968093	0.187854296035515	"TC"	"<0.2"
"rs11202356"	0.84163750790475	0.0723961252941651	0.0197615758202352	"TC"	"<0.2"
"rs11202358"	0.829738284605043	0.0723961252941651	0.0197615758202352	"TC"	"<0.2"
"rs11202363"	0.482804102050026	1.69849688115606	0.0578793416726342	"TC"	"<0.2"
"rs11202373"	0.607303046740334	6.1751617784791	0.131256930818317	"TC"	"<0.2"
"rs11202393"	0.806875401645538	0.0723961252941651	0.0197615758202352	"TC"	"<0.2"
"rs11202403"	0.536107011014093	1.6490855410261	0.0568150635758904	"TC"	"<0.2"
"rs11202404"	0.892790030352132	0.0723961252941651	0.0167842486034082	"TC"	"<0.2"
"rs11202421"	0.681936665037239	0.0723961252941651	0.0194589687016165	"TC"	"<0.2"
"rs11202532"	0.0362121726544447	0.160197138887366	0.0123471949528617	"TC"	"<0.2"
"rs11202540"	0.0409586076789064	0.160197138887366	0.0123471949528617	"TC"	"<0.2"
"rs11202551"	0.769551078621726	1.58774110610186	0.0728151515630057	"TC"	"<0.2"
"rs11202665"	0.334419008982047	0.325713095074929	0.011170655915732	"TC"	"<0.2"
"rs11202666"	0.804100347590766	1.30214756918035	0.0689096854626479	"TC"	"<0.2"
"rs11202699"	2.24872089601666	10.3313830181126	0.451595993767578	"TC"	"0.4-0.6"
"rs11202720"	3.06449273417529	9.18326832365478	0.396413200783626	"TC"	"0.2-0.4"
"rs11202721"	3.07417242537526	9.18326832365478	0.396413200783626	"TC"	"0.2-0.4"
"rs11202724"	3.11690664142431	9.18326832365478	0.396413200783626	"TC"	"0.2-0.4"
"rs11202725"	3.1266793981846	9.18326832365478	0.396413200783626	"TC"	"0.2-0.4"
"rs11202737"	0.525783735923745	1.5695250356426	0.0223611013019879	"TC"	"<0.2"
"rs11202751"	2.80410034759077	9.30834837322808	0.401261576828224	"TC"	"0.4-0.6"
"rs11202815"	1.21752737583371	3.83567689143171	0.139333644013008	"TC"	"<0.2"
"rs11202832"	1.18045606445813	3.25548249381422	0.137595828932441	"TC"	"<0.2"
"rs11202934"	1.84466396253494	3.20708117289253	0.234095211025029	"TC"	"0.2-0.4"
"rs11202935"	1.85698519974591	3.20708117289253	0.234095211025029	"TC"	"0.2-0.4"
"rs11202936"	1.99139982823808	2.4548191071093	0.233079546052193	"TC"	"0.2-0.4"
"rs11202957"	1.15739076038944	3.231259071177	0.271950652745491	"TC"	"0.2-0.4"
"rs11202959"	1.15552282425432	3.231259071177	0.276222273296138	"TC"	"0.2-0.4"
"rs11202960"	1.15552282425432	3.231259071177	0.276222273296138	"TC"	"0.2-0.4"
"rs11202963"	1.1438755557577	3.231259071177	0.276222273296138	"TC"	"0.2-0.4"
"rs11203026"	0.821023052706831	0.0796736676133015	0.0104142917197222	"TC"	"<0.2"
"rs11203034"	3.72124639904717	3.08551139710121	0.201472770455365	"TC"	"0.2-0.4"
"rs11203116"	8.64016451766011	4.60434167766587	0.289116916627788	"TC"	"0.2-0.4"
"rs112234136"	0.866461091629783	0.682847968536039	0.0419679367096179	"TC"	"<0.2"
"rs112618690"	0.181774106386045	0.0382705002578627	4.82709920774147e-05	"TC"	"<0.2"
"rs112659149"	1.15242734085789	0.713583952509895	0.017237175856887	"TC"	"<0.2"
"rs112699374"	0.87942606879415	0.848942880792422	4.18963309571718e-05	"TC"	"<0.2"
"rs112718695"	1.02594909720712	1.3075346874989	0.01674598633925	"TC"	"<0.2"
"rs112834316"	0.0204516252959049	0.378259917113024	0.00029784733630008	"TC"	"<0.2"
"rs113022090"	1.16941133131486	0.497313473379138	0.00738768345650718	"TC"	"<0.2"
"rs113077154"	0.368556230986828	0.194638491846184	2.58581857529659e-05	"TC"	"<0.2"
"rs113339529"	0.690369832574101	0.815104243381454	0.000910490048908443	"TC"	"<0.2"
"rs1133838"	0.0809219076239261	0.0803660526114613	0.0202280193364451	"TC"	"<0.2"
"rs113471512"	0.580044251510242	0.152118386097317	0.00559762741190039	"TC"	"<0.2"
"rs113558021"	0.847711655616944	0.864355405705437	0.00255611631685548	"TC"	"<0.2"
"rs113582501"	0.173925197299174	0.0382705002578627	4.82709920774147e-05	"TC"	"<0.2"
"rs113659868"	1.34678748622466	0.000688467869952259	0.00626536247232623	"TC"	"<0.2"
"rs113801934"	0.342944147142896	0.446515056835815	6.4546878484508e-05	"TC"	"<0.2"
"rs113900355"	0.345823458122039	0.0949092738976085	0.00222398640103085	"TC"	"<0.2"
"rs113927442"	0.920818753952375	0.0266014897277192	8.16409491145678e-08	"TC"	"<0.2"
"rs114113383"	0.645891560852599	0.0955652414063802	0.00255611631685548	"TC"	"<0.2"
"rs114240672"	1.1232050237993	0.0674039803706177	0.00626536247232623	"TC"	"<0.2"
"rs1143694"	0.931814138253838	8.38756053761708	0.376657279918274	"TC"	"0.2-0.4"
"rs114419517"	0.259637310505756	0.125923674402527	0.00255611631685548	"TC"	"<0.2"
"rs114437786"	1.0762380391713	0.436072983172712	0.00199793107920486	"TC"	"<0.2"
"rs114457204"	1.73518217699046	0.417921857684629	0.0141511931407551	"TC"	"<0.2"
"rs114665833"	2.74957999769111	0.32003365775686	0.0117193913699997	"TC"	"<0.2"
"rs114784526"	1.1266793981846	0.0674039803706177	0.00626536247232623	"TC"	"<0.2"
"rs114804917"	0.146301788223826	0.274205120447635	0.0200282803182381	"TC"	"<0.2"
"rs114898062"	0.0264103765727431	0.229672402595408	0.0234390064678591	"TC"	"<0.2"
"rs11492703"	0.0710923097560473	0.183548565585098	0.000807761254612771	"TC"	"<0.2"
"rs114958515"	0.696803942579511	0.15769412367114	0.00734786317905254	"TC"	"<0.2"
"rs115141600"	0.847711655616944	0.0413448719678353	0.0111327836122536	"TC"	"<0.2"
"rs11516914"	0.939302159646388	0.863260413063794	0.0418146896264026	"TC"	"<0.2"
"rs115209327"	1.79588001734408	0.681166892524023	0.000910490048908443	"TC"	"<0.2"
"rs115254492"	0.230622673923862	0.125923674402527	0.00255611631685548	"TC"	"<0.2"
"rs11528011"	1.45842075605342	3.16369867585535	0.121258038969414	"TC"	"<0.2"
"rs11528056"	0.667561540084395	0.0518140221779264	8.16409491145678e-08	"TC"	"<0.2"
"rs11528422"	0.294136287716081	1.62196567754267	0.0467744568454127	"TC"	"<0.2"
"rs115292843"	0.744727494896694	0.892535635451621	0.0172863655679977	"TC"	"<0.2"
"rs115481333"	1.52432881167557	0.0295736188888087	0.00255611631685548	"TC"	"<0.2"
"rs11553840"	0.0310503190186574	1.31963819397847	0.0222656567886166	"TC"	"<0.2"
"rs1157794"	0.417936637088291	0.331492013391707	0.000389647831047522	"TC"	"<0.2"
"rs115830718"	0.103473782510445	0.0623281763673679	0.0134233501373405	"TC"	"<0.2"
"rs11592611"	0.10292299679058	4.19463441267422	0.136493892279046	"TC"	"<0.2"
"rs11593669"	0.275724130399211	0.373302487601351	0.00426170364690466	"TC"	"<0.2"
"rs11593762"	0.087246696328677	1.99397917727282	0.116896870572419	"TC"	"<0.2"
"rs115954250"	2.24872089601666	0.32003365775686	0.0139145307039969	"TC"	"<0.2"
"rs11595587"	0.0670191780768018	0.805280353350868	0.0198461310336818	"TC"	"<0.2"
"rs11598179"	0.269217724333611	1.53811147365603	0.091021684526168	"TC"	"<0.2"
"rs11599251"	1.1249387366083	0.554140587515197	0.0186392158847207	"TC"	"<0.2"
"rs116031102"	1.74232142513082	0.461218970218154	0.0180127523921373	"TC"	"<0.2"
"rs116101469"	0.0824944904474534	0.117203472839726	0.0171028826944395	"TC"	"<0.2"
"rs116240977"	1.73518217699046	0.417921857684629	0.0141511931407551	"TC"	"<0.2"
"rs116264537"	0.0560111249262281	0.0228802550862252	0.000142912823177862	"TC"	"<0.2"
"rs116281073"	0.397940008672038	0.543858764842309	0.00243306265076783	"TC"	"<0.2"
"rs116396157"	0.0798766737092761	0.274205120447635	0.0191647763711868	"TC"	"<0.2"
"rs116698876"	0.116338564846382	0.360272524245284	0.0171028826944395	"TC"	"<0.2"
"rs116700065"	1.79588001734408	0.417921857684629	0.0157993940458804	"TC"	"<0.2"
"rs116848392"	1.66354026615147	0.0413448719678353	0.00771179708528108	"TC"	"<0.2"
"rs116865673"	0.669586226650809	0.15769412367114	0.00734786317905254	"TC"	"<0.2"
"rs116895782"	0.0915149811213502	0.466940066715886	0.00238224179563534	"TC"	"<0.2"
"rs116924979"	0.0634862575211067	0.0601469182355772	0.000726122185947846	"TC"	"<0.2"
"rs116928756"	1.18442225167573	0.0674039803706177	0.00626536247232623	"TC"	"<0.2"
"rs116932392"	0.248720896016658	0.2972981142911	0.014152501878062	"TC"	"<0.2"
"rs116946838"	1.1681302257195	0.778298935615403	0.00614345431234083	"TC"	"<0.2"
"rs116971035"	1.6252516539899	0.439817093646502	0.00598498016662126	"TC"	"<0.2"
"rs117006677"	1.61439372640169	0.0413448719678353	0.00697866208114276	"TC"	"<0.2"
"rs117011686"	0.471083299722345	2.05899321846304	0.00585058525153391	"TC"	"<0.2"
"rs117042179"	0.0347982989740879	0.468521082957745	0.00141854275051639	"TC"	"<0.2"
"rs117134471"	0.522878745280338	0.677817932102845	0.00150426006872209	"TC"	"<0.2"
"rs117150063"	0.892790030352132	0.854002272213494	0.000462216768082689	"TC"	"<0.2"
"rs117183232"	1.21041928783557	0.0674039803706177	0.00626536247232623	"TC"	"<0.2"
"rs117210248"	0.552841968657781	0.401156987254484	0.00243306265076783	"TC"	"<0.2"
"rs117230638"	1.51144928349956	0.153684541268776	0.00846336297721061	"TC"	"<0.2"
"rs117293224"	1.22475374025976	0.0674039803706177	0.00626536247232623	"TC"	"<0.2"
"rs117311251"	2.38195190328791	0.32003365775686	0.012437813861543	"TC"	"<0.2"
"rs117321518"	1.00788851221305	0.805960450184778	0.000725892409979144	"TC"	"<0.2"
"rs117373597"	2.3045183235098	0.466983340505744	0.00158063629744753	"TC"	"<0.2"
"rs117374375"	0.653647025549361	0.0166633390828672	0.00734786317905254	"TC"	"<0.2"
"rs117386603"	1.10292299679058	0.772612120977061	0.00409042988186378	"TC"	"<0.2"
"rs117403636"	0.00174066157630127	0.0172418159365918	0.0020750320004935	"TC"	"<0.2"
"rs117405726"	1.95467702121334	0.714523706845486	0.00303638980472368	"TC"	"<0.2"
"rs117417712"	0.528708288941061	0.107361199942385	0.00182527968825391	"TC"	"<0.2"
"rs117445391"	0.943095148663527	0.0413448719678353	0.0111327836122536	"TC"	"<0.2"
"rs117471097"	1.43062609038495	0.153684541268776	0.00846336297721061	"TC"	"<0.2"
"rs117485833"	0.543633966870957	0.661706895601329	0.0155710577532889	"TC"	"<0.2"
"rs117537719"	0.146910470148134	0.0709475690508571	0.0157086069821558	"TC"	"<0.2"
"rs117572636"	0.0560111249262281	0.923687312023142	0.00190231193327412	"TC"	"<0.2"
"rs117590505"	1.13194363817696	0.0674039803706177	0.00626536247232623	"TC"	"<0.2"
"rs117598755"	1.24033215531037	0.0674039803706177	0.00734786317905254	"TC"	"<0.2"
"rs117641451"	1.74472749489669	3.4041126484131	0.0288345481259277	"TC"	"<0.2"
"rs117685683"	1.00043451177402	0.940016500348839	0.00372109994774863	"TC"	"<0.2"
"rs117707674"	1.19178902707578	0.486115484239392	0.000991806040632631	"TC"	"<0.2"
"rs117738726"	1.56383735295924	0.439817093646502	0.00445459470748065	"TC"	"<0.2"
"rs117819764"	0.23284413391782	0.677301178099954	0.00225643824416713	"TC"	"<0.2"
"rs117880525"	0.801342913045577	0.592075691458736	0.00321115666786058	"TC"	"<0.2"
"rs117895943"	1.1791420105603	0.0674039803706177	0.00626536247232623	"TC"	"<0.2"
"rs117910813"	0.785156151952302	0.0930290693829786	0.0060019554806888	"TC"	"<0.2"
"rs117912407"	1.1518108830086	0.0674039803706177	0.00626536247232623	"TC"	"<0.2"
"rs117945051"	0.405607449624573	0.497571514311797	0.00303638980472368	"TC"	"<0.2"
"rs117976013"	0.0996328713435297	0.923687312023142	0.00234486340884178	"TC"	"<0.2"
"rs118003587"	0.294992040666664	0.412721300098328	0.00180427189798247	"TC"	"<0.2"
"rs118004410"	1.42136079003193	0.456791467851992	6.7123298470868e-06	"TC"	"<0.2"
"rs118019862"	0.607303046740334	0.480793058199324	0.00760012070615584	"TC"	"<0.2"
"rs118032778"	0.202040356262804	0.385261984178316	0.00674472607423309	"TC"	"<0.2"
"rs118059818"	0.229147988357856	0.677301178099954	0.00225643824416713	"TC"	"<0.2"
"rs118067046"	1.20481541031758	0.0674039803706177	0.00626536247232623	"TC"	"<0.2"
"rs118068989"	1.16430942850757	0.497313473379138	0.0076518922318608	"TC"	"<0.2"
"rs118086784"	1.95467702121334	0.690325128090126	0.0172902633571258	"TC"	"<0.2"
"rs118102244"	0.673664139071249	0.808375749448127	0.0270881586553464	"TC"	"<0.2"
"rs118111066"	0.42712839779952	2.08357026733267	0.00683116037196973	"TC"	"<0.2"
"rs118121805"	1.32513885926219	0.113380133723061	0.00626536247232623	"TC"	"<0.2"
"rs11812910"	0.476253533188436	0.125963722058373	0.012860463036221	"TC"	"<0.2"
"rs11813417"	0.133712660915805	0.0724946467736827	0.00187931831284148	"TC"	"<0.2"
"rs11814452"	2.33441900898205	0.316622411083757	0.010843572880277	"TC"	"<0.2"
"rs118149092"	1.69250396208679	0.0413448719678353	0.00846336297721061	"TC"	"<0.2"
"rs11815361"	0.534617148551582	1.77098662036078	0.113523239550626	"TC"	"<0.2"
"rs118153632"	0.315154638355588	0.673066371454906	0.00110500129334594	"TC"	"<0.2"
"rs11815743"	1.40340290437354	3.56159848355002	0.171041198957812	"TC"	"<0.2"
"rs11816070"	0.531652669587843	1.77098662036078	0.113523239550626	"TC"	"<0.2"
"rs11816639"	0.0942041196321315	0.409904169883338	6.44599291247846e-06	"TC"	"<0.2"
"rs11817629"	0.97061622231479	4.23916904968093	0.190251977672437	"TC"	"<0.2"
"rs11817631"	1.0433514207948	4.23916904968093	0.190251977672437	"TC"	"<0.2"
"rs12217242"	0.692503962086787	0.474565151331591	0.00238499941712232	"TC"	"<0.2"
"rs12219619"	1.38827669199266	1.41189307612839	0.00585064121426451	"TC"	"<0.2"
"rs12220111"	1.10292299679058	0.0827781610878869	0.0119261436637332	"TC"	"<0.2"
"rs12220642"	4.43297363384094	4.18963707878354	0.327514800094779	"TC"	"0.2-0.4"
"rs12220655"	4.46852108295774	4.50685017739572	0.327514800094779	"TC"	"0.2-0.4"
"rs12240624"	1.61439372640169	0.74937022069246	0.0235241035894223	"TC"	"<0.2"
"rs12240821"	0.219682687859849	1.50574797904592	0.0323193017148385	"TC"	"<0.2"
"rs12240965"	1.13430394008393	1.00296722454644	0.0159643406732183	"TC"	"<0.2"
"rs12241017"	1.16941133131486	1.00296722454644	0.0159643406732183	"TC"	"<0.2"
"rs12242580"	1.13018179202067	1.00296722454644	0.0159643406732183	"TC"	"<0.2"
"rs12242871"	0.677780705266081	4.11345569634589	0.22732913444191	"TC"	"0.2-0.4"
"rs12243395"	0.991399828238082	0.718741585554188	0.00298270647333694	"TC"	"<0.2"
"rs12243537"	0.709965388637482	0.0199125062192902	0.00535453635885584	"TC"	"<0.2"
"rs12246025"	0.10790539730952	0.0228802550862252	3.82372103036386e-05	"TC"	"<0.2"
"rs12246043"	1.04575749056068	0.745401173579604	0.010843572880277	"TC"	"<0.2"
"rs12246432"	0.0428718023231869	1.52557538285375	0.0700037174728361	"TC"	"<0.2"
"rs12246441"	0.0467236633326956	1.52557538285375	0.0700037174728361	"TC"	"<0.2"
"rs12247537"	1.55595520408192	2.28486778879187	0.197079887941066	"TC"	"<0.2"
"rs12248524"	1.02181948306259	0.745401173579604	0.010843572880277	"TC"	"<0.2"
"rs12248820"	0.048176964684088	0.133459248696619	0.0303322831518891	"TC"	"<0.2"
"rs12252644"	0.630784142589857	0.0640526169149326	1.25046284477228e-05	"TC"	"<0.2"
"rs12253992"	3.05012229596313	8.63840058307473	0.408568158315282	"TC"	"0.4-0.6"
"rs12255425"	1.25336580106242	0.0453412499398475	2.13451751224345e-07	"TC"	"<0.2"
"rs12256937"	1.52143350440616	1.18528572192307	0.0268855203241386	"TC"	"<0.2"
"rs12257181"	0.0619809025237897	0.0228802550862252	3.82372103036386e-05	"TC"	"<0.2"
"rs12257612"	1.36251027048749	3.55979800854091	0.170237314566979	"TC"	"<0.2"
"rs12258799"	1.15490195998574	1.3075346874989	0.01674598633925	"TC"	"<0.2"
"rs12260841"	0.472370099128661	0.428158455036695	0.000645825505429471	"TC"	"<0.2"
"rs12260866"	2.84163750790475	4.72403941720609	0.237382965875212	"TC"	"0.2-0.4"
"rs12260962"	0.696803942579511	2.0449591229871	0.0959264818759207	"TC"	"<0.2"
"rs12261331"	4.62160209905186	12.1112040546078	0.647449086223928	"TC"	"0.6-0.8"
"rs12261924"	0.860120913598763	0.178870497390907	0.0149760361564353	"TC"	"<0.2"
"rs12262106"	0.333482019445119	0.0228802550862252	0.00222398640103085	"TC"	"<0.2"
"rs12262228"	2.83268266525182	4.72403941720609	0.237382965875212	"TC"	"0.2-0.4"
"rs12262272"	0.876148359032914	0.0659289836009527	0.0060019554806888	"TC"	"<0.2"
"rs12264252"	0.115771230367396	1.24652265527478	0.0769025772952831	"TC"	"<0.2"
"rs12265331"	1.17848647159523	1.00296722454644	0.0159643406732183	"TC"	"<0.2"
"rs12265354"	1.14691047014813	1.3075346874989	0.01674598633925	"TC"	"<0.2"
"rs12266667"	0.069050968832477	0.0228802550862252	0.000142912823177862	"TC"	"<0.2"
"rs12266780"	1.00130484168834	0.745401173579604	0.010843572880277	"TC"	"<0.2"
"rs12266869"	1.18508681872493	1.00296722454644	0.0159643406732183	"TC"	"<0.2"
"rs12266971"	1.10957898119909	1.00296722454644	0.0183440273289667	"TC"	"<0.2"
"rs12267227"	1.09097914578884	0.856744685960434	0.0837978392013595	"TC"	"<0.2"
"rs12267815"	0.158015195409886	0.0797681136582413	9.74082953647788e-05	"TC"	"<0.2"
"rs12268126"	0.232102383981909	0.293965339285649	0.000910490048908443	"TC"	"<0.2"
"rs12268524"	0.216811308924742	0.0613492057162855	0.0233297680626217	"TC"	"<0.2"
"rs12269333"	0.0259490972071227	1.52557538285375	0.0700037174728361	"TC"	"<0.2"
"rs12269629"	0.0589857562944303	1.54819361501071	0.0696449025804691	"TC"	"<0.2"
"rs12354540"	0.939302159646388	0.0723961252941651	0.0206075032425781	"TC"	"<0.2"
"rs12354594"	1.01908806222316	0.0723961252941651	0.0197615758202352	"TC"	"<0.2"
"rs12355084"	0.0599818449923368	1.44228712836295	0.069926800164244	"TC"	"<0.2"
"rs12355510"	0.910094888560602	0.843220739621824	0.0418146896264026	"TC"	"<0.2"
"rs12355937"	2.13018179202067	6.32586941865307	0.282603091914842	"TC"	"0.2-0.4"
"rs12356882"	0.924453038607469	0.843220739621824	0.0418146896264026	"TC"	"<0.2"
"rs12356883"	0.935542010773082	0.843220739621824	0.0427815028248045	"TC"	"<0.2"
"rs12359973"	0.920818753952375	0.843220739621824	0.0418146896264026	"TC"	"<0.2"
"rs12359987"	0.91721462968355	0.843220739621824	0.0418146896264026	"TC"	"<0.2"
"rs12360005"	0.913640169325252	0.843220739621824	0.0418146896264026	"TC"	"<0.2"
"rs12411484"	0.876148359032914	1.11976222947394	0.0211235506586862	"TC"	"<0.2"
"rs12411742"	0.673664139071249	4.11345569634589	0.229480717084185	"TC"	"0.2-0.4"
"rs12411782"	0.173277479831008	1.60632128028266	0.082176699035513	"TC"	"<0.2"
"rs12411806"	0.170696227168975	1.60632128028266	0.0766611621400514	"TC"	"<0.2"
"rs12411833"	0.0798766737092761	0.956779234636922	0.0322825479629367	"TC"	"<0.2"
"rs12411888"	0.0061230850587888	0.42326140024207	0.000787547620546976	"TC"	"<0.2"
"rs12412193"	0.91721462968355	0.457036466957697	0.0036363979974709	"TC"	"<0.2"
"rs12412927"	1.0695604052333	1.09387569063157	0.0834360332369739	"TC"	"<0.2"
"rs12412959"	0.0291883891274822	1.06459955755569	0.0373727046151965	"TC"	"<0.2"
"rs12412999"	0.11690664142431	0.0848783500873839	0.0266901871315258	"TC"	"<0.2"
"rs12413174"	0.0830199526796178	1.06459955755569	0.0326898848322948	"TC"	"<0.2"
"rs12414465"	1.20690839982342	0.0857494246534289	0.00316643658456891	"TC"	"<0.2"
"rs12414727"	0.108462542327436	0.753506343205831	0.0297845924584305	"TC"	"<0.2"
"rs12414728"	0.103473782510445	1.29110681716246	2.86883116821057e-06	"TC"	"<0.2"
"rs12414791"	0.326979092871104	0.537610987597072	3.25945065322744e-05	"TC"	"<0.2"
"rs12415730"	0.07727454200674	0.956779234636922	0.0322825479629367	"TC"	"<0.2"
"rs12569542"	2.04287180232319	3.25555288925163	0.251483937100818	"TC"	"0.2-0.4"
"rs12569832"	0.0338582672609674	0.938076536719696	0.00690089918968798	"TC"	"<0.2"
"rs12570038"	0.380906669373257	1.5695250356426	0.023929447475772	"TC"	"<0.2"
"rs12572336"	0.134896025358872	1.03315082638194	0.0908646477419352	"TC"	"<0.2"
"rs12762463"	0.892790030352132	0.155152682302129	0.0135929625149547	"TC"	"<0.2"
"rs12764048"	0.0371573187987576	1.06459955755569	0.0352920642716285	"TC"	"<0.2"
"rs12766852"	1.54211810326601	3.03024777946539	0.201851824181441	"TC"	"0.2-0.4"
"rs12767261"	0.0347982989740879	1.06459955755569	0.03554511475766	"TC"	"<0.2"
"rs12767460"	0.129011186239425	0.810119642157295	0.0928128444948158	"TC"	"<0.2"
"rs12768926"	0.0310503190186574	0.160197138887366	0.0123471949528617	"TC"	"<0.2"
"rs12768957"	0.0798766737092761	0.904150960442425	0.0344627908942105	"TC"	"<0.2"
"rs12769131"	0.0741724253752577	0.166334085447516	0.00013873886066511	"TC"	"<0.2"
"rs12770270"	1.54975089168064	3.03024777946539	0.201851824181441	"TC"	"0.2-0.4"
"rs12770472"	0.0433514207947967	1.06459955755569	0.03554511475766	"TC"	"<0.2"
"rs12770500"	0.0472075569559079	1.06459955755569	0.03554511475766	"TC"	"<0.2"
"rs12772279"	1.0423927129399	0.0502626966697237	0.00267265501866931	"TC"	"<0.2"
"rs12772739"	0.939302159646388	4.23916904968093	0.190251977672437	"TC"	"<0.2"
"rs12772895"	0.0443122496864942	0.0889953537971017	0.0281737343497254	"TC"	"<0.2"
"rs12772945"	0.0381045263321496	1.06459955755569	0.03554511475766	"TC"	"<0.2"
"rs12773027"	0.257274868695302	0.619665725613994	0.0615299057316515	"TC"	"<0.2"
"rs12773636"	0.199282921717615	1.23804511293851	0.0702823628576323	"TC"	"<0.2"
"rs12773664"	0.198596289982645	2.5189617545695	0.154798390396456	"TC"	"<0.2"
"rs12774388"	0.00392634551472468	0.132525440917942	0.000446785151393898	"TC"	"<0.2"
"rs12777577"	0.0282604091122217	0.810119642157295	0.090470730732721	"TC"	"<0.2"
"rs12777799"	0.126679398184601	0.812214271194764	0.0217390801098669	"TC"	"<0.2"
"rs12779649"	1.15989390554324	0.410023604982661	0.0194819936594137	"TC"	"<0.2"
"rs12782241"	0.935542010773082	0.139868107575506	0.0141111487121888	"TC"	"<0.2"
"rs12783229"	0.153044674980176	0.812214271194764	0.0217390801098669	"TC"	"<0.2"
"rs12783431"	0.939302159646388	4.23916904968093	0.190251977672437	"TC"	"<0.2"
"rs12783710"	0.496209316942819	0.0120317998602587	0.0129825205549407	"TC"	"<0.2"
"rs12784122"	0.364516253185088	0.0174972049811236	0.00152749244928016	"TC"	"<0.2"
"rs12784607"	4.71219827006977	10.1418280761515	0.616516663940342	"TC"	"0.6-0.8"
"rs12784738"	0.465973893943865	0.0174972049811236	0.00152749244928016	"TC"	"<0.2"
"rs1290317"	2.70774392864352	9.31247638946903	0.370970591322728	"TC"	"0.2-0.4"
"rs1298908"	0.906578314837765	2.63567230629153	0.123878769147778	"TC"	"<0.2"
"rs1340373"	3.16557929631847	9.18326832365478	0.396413200783626	"TC"	"0.2-0.4"
"rs1340374"	3.19586056766465	9.18326832365478	0.388363351762863	"TC"	"0.2-0.4"
"rs1340375"	3.17134010346468	9.18326832365478	0.396413200783626	"TC"	"0.2-0.4"
"rs1340376"	3.16557929631847	9.18326832365478	0.396413200783626	"TC"	"0.2-0.4"
"rs1340379"	3.12033079436795	9.18326832365478	0.396413200783626	"TC"	"0.2-0.4"
"rs1340380"	2.7851561519523	9.11172612892053	0.398454212452636	"TC"	"0.2-0.4"
"rs1340381"	0.97469413473523	3.61537781154846	0.174082706231484	"TC"	"<0.2"
"rs1340383"	2.31515463835559	9.31247638946903	0.37286748901672	"TC"	"0.2-0.4"
"rs1340385"	1.12436006299583	8.3058249216585	0.385876300433001	"TC"	"0.2-0.4"
"rs138014093"	0.769551078621726	0.134782282355224	0.00734786317905254	"TC"	"<0.2"
"rs138082829"	0.54515513999149	0.336645894985152	0.00327217250614985	"TC"	"<0.2"
"rs138103092"	0.112382699664264	0.0788136411023258	0.0203777511754683	"TC"	"<0.2"
"rs138226757"	1.76955107862173	0.417921857684629	0.0157993940458804	"TC"	"<0.2"
"rs138247348"	1.34582345812204	0.0413448719678353	0.00889981276684971	"TC"	"<0.2"
"rs138773069"	1.14691047014813	0.0674039803706177	0.00626536247232623	"TC"	"<0.2"
"rs139392262"	0.288192770958809	0.619665725613994	0.0636887728301825	"TC"	"<0.2"
"rs139430542"	0.00788851221305034	0.619665725613994	0.0636887728301825	"TC"	"<0.2"
"rs139497227"	0.1944991418416	0.132448254221456	0.00551320942382395	"TC"	"<0.2"
"rs139590698"	0.0213630516155257	0.550983139222236	0.0101635608403734	"TC"	"<0.2"
"rs139803256"	0.122628654130226	0.261641260651445	0.00252607413150745	"TC"	"<0.2"
"rs140424965"	0.567030709125594	0.0674039803706177	0.00626536247232623	"TC"	"<0.2"
"rs140644655"	0.0979971086492706	0.0788136411023258	0.0203777511754683	"TC"	"<0.2"
"rs140743841"	0.120330794367946	0.0226665206129119	0.0254013939311916	"TC"	"<0.2"
"rs140849080"	0.104025267640935	0.923687312023142	0.00190231193327412	"TC"	"<0.2"
"rs140867633"	0.701146923590293	0.134782282355224	0.00734786317905254	"TC"	"<0.2"
"rs140905846"	2.11238269966426	1.4209461737553	0.00649164253501167	"TC"	"<0.2"
"rs141022290"	1.6345120151091	0.65506765057959	0.000910490048908443	"TC"	"<0.2"
"rs141148026"	0.0609802235513335	0.325713095074929	0.00585240156863788	"TC"	"<0.2"
"rs141429813"	1.19791074211827	0.0674039803706177	0.00626536247232623	"TC"	"<0.2"
"rs141473704"	1.1605219526258	0.0382207014196485	0.00168146723039478	"TC"	"<0.2"
"rs141721329"	0.856985199745905	0.279163725102854	0.0034294186873482	"TC"	"<0.2"
"rs1417219"	0.928117992693875	8.38756053761708	0.376657279918274	"TC"	"0.2-0.4"
"rs1417220"	0.116338564846382	0.484872247380055	0.0632840199028386	"TC"	"<0.2"
"rs1417221"	2.07314329105031	9.31247638946903	0.37286748901672	"TC"	"0.2-0.4"
"rs141870831"	0.462180904926726	0.673066371454906	0.000232944595692534	"TC"	"<0.2"
"rs142066926"	0.367542707815276	0.00617065744519987	0.00470386358869567	"TC"	"<0.2"
"rs142083553"	0.392544976785331	0.316776396582233	0.000725892409979144	"TC"	"<0.2"
"rs142217719"	0.143271109617117	0.591583638382951	0.000809891277768372	"TC"	"<0.2"
"rs142417987"	1.04624030826677	0.813979336724848	0.000725892409979144	"TC"	"<0.2"
"rs142561255"	0.504455662453552	0.122936340357361	0.0047885893485776	"TC"	"<0.2"
"rs142678951"	0.324221658325915	0.255178360264561	9.74082953647788e-05	"TC"	"<0.2"
"rs142719284"	1.79588001734408	0.417921857684629	0.0157993940458804	"TC"	"<0.2"
"rs142890400"	1.18976748200492	1.10344347113614	0.00762938990475722	"TC"	"<0.2"
"rs142942863"	0.168130225719498	0.255178360264561	0.00411204134884262	"TC"	"<0.2"
"rs143275523"	0.546681659952962	0.0674039803706177	0.00626536247232623	"TC"	"<0.2"
"rs143361357"	1.24795155218056	0.113380133723061	0.00626536247232623	"TC"	"<0.2"
"rs143396142"	0.595166283380062	0.293693669757327	0.0067832384777875	"TC"	"<0.2"
"rs143655784"	0.812479279163537	1.3805163973389	0.0672476399224086	"TC"	"<0.2"
"rs143691481"	1.55752023093555	0.65506765057959	0.000910490048908443	"TC"	"<0.2"
"rs143752221"	0.55129368009492	0.0120317998602587	0.0140118919330432	"TC"	"<0.2"
"rs144452979"	0.34008379993015	0.854002272213494	0.000232944595692534	"TC"	"<0.2"
"rs144469798"	2.23136189875239	0.32003365775686	0.0131696516912621	"TC"	"<0.2"
"rs144573165"	1.11125903931711	0.0217824942560574	0.00499421701481544	"TC"	"<0.2"
"rs144590481"	1.02872415126189	0.805960450184778	0.000725892409979144	"TC"	"<0.2"
"rs144592833"	0.199970640755866	2.28068446062078	0.00948427654422748	"TC"	"<0.2"
"rs144974427"	0.069050968832477	0.0410994182754413	0.00889981276684971	"TC"	"<0.2"
"rs145063151"	1.80134291304558	0.417921857684629	0.0157993940458804	"TC"	"<0.2"
"rs145163495"	0.100726812682396	0.267164128316081	0.0067832384777875	"TC"	"<0.2"
"rs145624889"	0.20551195334083	0.255178360264561	0.00327217250614985	"TC"	"<0.2"
"rs145663320"	0.542118103266008	0.675018296912631	0.0154716685240908	"TC"	"<0.2"
"rs145715346"	0.653647025549361	0.480105095914892	0.00303638980472368	"TC"	"<0.2"
"rs145720640"	0.97061622231479	0.843220739621824	0.0418146896264026	"TC"	"<0.2"
"rs145865540"	1.04963514562388	2.68432977808036	0.031360579822276	"TC"	"<0.2"
"rs145881266"	0.935542010773082	0.24240053822925	0.0060019554806888	"TC"	"<0.2"
"rs145947019"	0.190440285364732	0.0279870333310817	1.65964147070682e-07	"TC"	"<0.2"
"rs146326988"	0.284832642151542	0.255178360264561	9.74082953647788e-05	"TC"	"<0.2"
"rs146506457"	0.218963061378868	0.138130588798689	7.49344438312056e-06	"TC"	"<0.2"
"rs146989859"	0.324221658325915	0.132448254221456	0.00721191852325849	"TC"	"<0.2"
"rs146993166"	0.177831920631983	0.831225646261354	0.00151874682004516	"TC"	"<0.2"
"rs147072668"	0.0634862575211067	0.762838448267291	0.0559057639259141	"TC"	"<0.2"
"rs147190952"	0.806875401645538	0.0384982248360188	0.00499421701481544	"TC"	"<0.2"
"rs147298916"	0.048176964684088	0.483913033554755	2.53103986294642e-07	"TC"	"<0.2"
"rs147357838"	0.496209316942819	0.159485534439548	0.00520776672831329	"TC"	"<0.2"
"rs147390701"	1.20830935097988	0.0674039803706177	0.00626536247232623	"TC"	"<0.2"
"rs147743313"	0.485452247339714	0.426097302468252	0.000778393104734412	"TC"	"<0.2"
"rs147765140"	0.437707135543525	0.0518140221779264	8.16409491145678e-08	"TC"	"<0.2"
"rs148024048"	0.642065152999546	0.0955652414063802	0.00255611631685548	"TC"	"<0.2"
"rs148094678"	0.10292299679058	0.681187735591059	0.0016463908932047	"TC"	"<0.2"
"rs148111397"	0.129011186239425	0.486174014672383	0.000477441845901447	"TC"	"<0.2"
"rs148159232"	0.129596094720973	0.202816278473177	0.00520776672831329	"TC"	"<0.2"
"rs148249203"	1.65757731917779	0.439817093646502	0.00598498016662126	"TC"	"<0.2"
"rs148541155"	0.732828271596986	0.0406108341286134	0.00032085778188047	"TC"	"<0.2"
"rs148618749"	0.295849483160201	0.427790795355611	0.0260277969789342	"TC"	"<0.2"
"rs148951963"	1.18508681872493	1.47917859577637	0.00762938990475722	"TC"	"<0.2"
"rs149073822"	0.6345120151091	0.521006633973702	0.00303638980472368	"TC"	"<0.2"
"rs149256312"	0.0639892042847904	0.300111999438119	0.000403374199813822	"TC"	"<0.2"
"rs149305534"	0.247951552180562	0.904018632151775	0.0136202809208866	"TC"	"<0.2"
"rs149464173"	0.449771646944906	1.3805163973389	0.0535946210971471	"TC"	"<0.2"
"rs149548188"	0.718966632752272	0.658517992516251	0.0264367893177594	"TC"	"<0.2"
"rs149970839"	0.443697499232713	0.0561544311609252	2.78029009703004e-05	"TC"	"<0.2"
"rs150071630"	0.0574958938319193	0.119921902140427	0.0110247607497993	"TC"	"<0.2"
"rs150167697"	1.19654288435159	0.0674039803706177	0.00626536247232623	"TC"	"<0.2"
"rs150362279"	0.0145735259169983	0.237466225232699	6.4546878484508e-05	"TC"	"<0.2"
"rs150503219"	1.20690839982342	0.0674039803706177	0.00626536247232623	"TC"	"<0.2"
"rs150605220"	0.367542707815276	0.00617065744519987	0.00470386358869567	"TC"	"<0.2"
"rs150687636"	0.119186407719209	0.801926028578754	0.0297845924584305	"TC"	"<0.2"
"rs150702536"	1.13667713987954	0.0674039803706177	0.00626536247232623	"TC"	"<0.2"
"rs150745967"	0.104025267640935	0.923687312023142	0.00190231193327412	"TC"	"<0.2"
"rs150916426"	0.381951903287907	0.336645894985152	0.00327217250614985	"TC"	"<0.2"
"rs151006313"	1.6252516539899	0.0413448719678353	0.00697866208114276	"TC"	"<0.2"
"rs151093693"	1.14266750356873	0.0674039803706177	0.00626536247232623	"TC"	"<0.2"
"rs1538815"	2.97881070093006	9.21840904231164	0.396413200783626	"TC"	"0.2-0.4"
"rs1538816"	0.216811308924742	3.57682951957364	0.143551755020569	"TC"	"<0.2"
"rs1538817"	3.14935376481693	9.18326832365478	0.396413200783626	"TC"	"0.2-0.4"
"rs1538818"	0.0154726866562074	1.06459955755569	0.0364276391916257	"TC"	"<0.2"
"rs1538819"	3.1232050237993	9.18326832365478	0.396413200783626	"TC"	"0.2-0.4"
"rs1538821"	0.0793549985932124	0.0226665206129119	0.0244927083898751	"TC"	"<0.2"
"rs1538822"	0.97469413473523	3.61537781154846	0.177093258088484	"TC"	"<0.2"
"rs1538823"	2.44490555142168	9.31247638946903	0.370970591322728	"TC"	"0.2-0.4"
"rs1556894"	0.213958789757446	3.57682951957364	0.143551755020569	"TC"	"<0.2"
"rs1556895"	0.127843727251707	1.42200526137775	0.0464396150291789	"TC"	"<0.2"
"rs1556897"	0.889410289700751	4.63793807459034	0.187326724545825	"TC"	"<0.2"
"rs1559554"	0.0716041477432862	0.17128211549143	0.000510286742052578	"TC"	"<0.2"
"rs1559555"	0.0118871597316481	0.3168169281579	0.000388304692206978	"TC"	"<0.2"
"rs1572816"	2.1157712303674	10.3313830181126	0.451595993767578	"TC"	"0.4-0.6"
"rs1572819"	2.09582563171584	9.31247638946903	0.37286748901672	"TC"	"0.2-0.4"
"rs1573973"	2.22914798835786	3.25555288925163	0.251483937100818	"TC"	"0.2-0.4"
"rs1591958"	0.181774106386045	0.903813254935787	0.0556475630551797	"TC"	"<0.2"
"rs1626322"	0.1944991418416	0.582252704458576	0.0013336289431157	"TC"	"<0.2"
"rs1647207"	0.391473966422806	0.3787073678263	1.56254324953051e-05	"TC"	"<0.2"
"rs1647209"	0.159893905543242	0.572721674883731	0.00163017899288512	"TC"	"<0.2"
"rs1647210"	0.0979971086492706	0.736049270683382	0.00177736703720273	"TC"	"<0.2"
"rs1647212"	0.339134521996131	1.66905889942357	0.00681894215366587	"TC"	"<0.2"
"rs1647214"	0.1944991418416	0.940175402417342	0.00468901589454814	"TC"	"<0.2"
"rs1702224"	0.105683937315562	0.789868831815864	0.00162078427950414	"TC"	"<0.2"
"rs1702226"	0.201349354554731	0.521468133918201	0.00089927628445583	"TC"	"<0.2"
"rs1702227"	0.204815410317576	0.940175402417342	0.00468901589454814	"TC"	"<0.2"
"rs1702238"	0.111259039317107	0.708473535472477	0.00162078427950414	"TC"	"<0.2"
"rs1702239"	0.130181792020672	0.217215741630257	0.000384147895707218	"TC"	"<0.2"
"rs1702240"	0.230622673923862	0.257724317172851	0.000308879427724451	"TC"	"<0.2"
"rs1702243"	0.235823867609669	0.257724317172851	0.000308879427724451	"TC"	"<0.2"
"rs1702244"	0.111820506081675	0.178102785075169	0.000636528199328599	"TC"	"<0.2"
"rs17093759"	0.199970640755866	0.718718859997318	0.00860973119258179	"TC"	"<0.2"
"rs17102596"	0.0788339493622613	0.631568064507161	0.0500201466549071	"TC"	"<0.2"
"rs17103728"	0.175874166083451	0.229672402595408	0.0246507592800736	"TC"	"<0.2"
"rs17104148"	2.33254704711005	0.32003365775686	0.0160377249251594	"TC"	"<0.2"
"rs17104473"	0.269217724333611	0.375789088903505	0.000208162714504779	"TC"	"<0.2"
"rs17105023"	0.319664486585437	0.72933280729507	0.000208162714504779	"TC"	"<0.2"
"rs17105302"	2.10347378251044	0.36205619989136	0.0184164188673692	"TC"	"<0.2"
"rs17106475"	0.869666231504994	0.762117101760308	0.0151946195771195	"TC"	"<0.2"
"rs17106495"	1.62160209905186	0.938472129109492	0.0227173013207518	"TC"	"<0.2"
"rs17107073"	0.0604807473813815	0.590104055219569	0.0208669550662156	"TC"	"<0.2"
"rs17107222"	0.737548910269571	1.02117103737092	0.0123648424397828	"TC"	"<0.2"
"rs17107270"	0.97469413473523	0.843220739621824	0.0418146896264026	"TC"	"<0.2"
"rs17107308"	0.924453038607469	0.843220739621824	0.0391181720024437	"TC"	"<0.2"
"rs17107310"	0.991399828238082	1.01647203781303	0.0407232473368288	"TC"	"<0.2"
"rs17107311"	1.52287874528034	2.06249765459918	0.200483819805501	"TC"	"0.2-0.4"
"rs17107333"	0.297569463554475	1.67234482455559	0.00200627665497052	"TC"	"<0.2"
"rs17107397"	0.11747546204512	1.2890453303959	0.00246900553581187	"TC"	"<0.2"
"rs17107415"	1.38090666937326	1.41189307612839	0.00704037464375467	"TC"	"<0.2"
"rs17107451"	0.112945621949043	0.74930194306462	0.00246186705669833	"TC"	"<0.2"
"rs17107464"	0.187755303199631	0.74930194306462	0.00246186705669833	"TC"	"<0.2"
"rs17107469"	0.148130399270234	0.710560445483113	0.00246186705669833	"TC"	"<0.2"
"rs17107479"	0.735182176990464	0.401263099642419	0.0036363979974709	"TC"	"<0.2"
"rs17107480"	0.707743928643524	0.413394693857521	0.0036363979974709	"TC"	"<0.2"
"rs17107520"	0.892790030352132	0.286933037522201	0.00139368139822103	"TC"	"<0.2"
"rs17107524"	0.815308569182401	0.11226007941546	0.00201921191650644	"TC"	"<0.2"
"rs17107555"	0.312471038785366	0.0382705002578627	0.000186831017836606	"TC"	"<0.2"
"rs17107603"	0.00568284733036327	0.262312893158673	0.000143908935213856	"TC"	"<0.2"
"rs17616738"	1.1944991418416	0.0674039803706177	0.00626536247232623	"TC"	"<0.2"
"rs17616834"	1.18575240426808	0.0674039803706177	0.00626536247232623	"TC"	"<0.2"
"rs17616958"	0.00921730819686218	1.06459955755569	0.0364276391916257	"TC"	"<0.2"
"rs17616964"	0.00656376950238827	1.06459955755569	0.0364276391916257	"TC"	"<0.2"
"rs17617406"	0.0195421077238999	1.20256209953661	0.0358043927450831	"TC"	"<0.2"
"rs17617713"	1.52724355068279	0.153684541268776	0.00846336297721061	"TC"	"<0.2"
"rs17617970"	0.00877392430750515	0.939151126961193	0.0406967264117361	"TC"	"<0.2"
"rs17618275"	0.0236500209967266	0.939151126961193	0.040762652439901	"TC"	"<0.2"
"rs17618331"	1.62893213772826	0.0413448719678353	0.00771179708528108	"TC"	"<0.2"
"rs17620955"	0.493494967595128	0.116919147466416	0.00100619264481473	"TC"	"<0.2"
"rs17637953"	0.0352690789463706	0.926692316176432	0.000216115847781932	"TC"	"<0.2"
"rs17638159"	0.125518182300534	0.593199321018655	0.00243306265076783	"TC"	"<0.2"
"rs17677908"	0.068542129310995	1.06459955755569	0.0326898848322948	"TC"	"<0.2"
"rs17678338"	0.0447934624580583	1.06459955755569	0.0354794237045178	"TC"	"<0.2"
"rs17678737"	0.000434511774017692	1.06459955755569	0.0364276391916257	"TC"	"<0.2"
"rs17679603"	0.0227337875727074	0.728934778767953	0.0364745925646266	"TC"	"<0.2"
"rs17680103"	0.039529222465701	0.939151126961193	0.0406967264117361	"TC"	"<0.2"
"rs17680430"	1.62342304294349	5.28820626381251	0.250583668215119	"TC"	"0.2-0.4"
"rs17680710"	1.34582345812204	0.0413448719678353	0.00889981276684971	"TC"	"<0.2"
"rs17680741"	0.732828271596986	1.87456428067826	0.0959264818759207	"TC"	"<0.2"
"rs17681121"	0.222573177610689	1.19869715681177	0.0128949402904375	"TC"	"<0.2"
"rs17693104"	0.323306390375133	3.78479350862054	0.0181916934616329	"TC"	"<0.2"
"rs1815650"	3.04479346245806	8.63840058307473	0.408568158315282	"TC"	"0.4-0.6"
"rs1815651"	2.31605286924849	10.0760041318441	0.469393624865787	"TC"	"0.4-0.6"
"rs1815652"	1.50307035192679	3.80612438784764	0.119088390941015	"TC"	"<0.2"
"rs1815653"	0.801342913045577	3.37344305274694	0.17375232165385	"TC"	"<0.2"
"rs1819656"	1.80966830182971	0.417921857684629	0.0157993940458804	"TC"	"<0.2"
"rs1819684"	0.665546248849069	0.132794228364561	0.0194589687016165	"TC"	"<0.2"
"rs182290144"	0.392544976785331	0.36594009485993	0.000629514205031555	"TC"	"<0.2"
"rs182313046"	0.578396073130169	0.0674039803706177	0.00626536247232623	"TC"	"<0.2"
"rs1832683"	0.0793549985932124	0.631568064507161	0.0500201466549071	"TC"	"<0.2"
"rs183306711"	0.815308569182401	0.0413448719678353	0.0111327836122536	"TC"	"<0.2"
"rs183527912"	1.13430394008393	0.113380133723061	0.00626536247232623	"TC"	"<0.2"
"rs183590085"	0.13608262304214	2.23019154788737	0.00427765420739339	"TC"	"<0.2"
"rs184101315"	0.0639892042847904	0.584492464407217	0.00366385574791213	"TC"	"<0.2"
"rs184137314"	0.322393047279507	0.00575677608735567	0.00470386358869567	"TC"	"<0.2"
"rs184297860"	0.039529222465701	0.262312893158673	5.40866821748941e-05	"TC"	"<0.2"
"rs184397671"	0.536107011014093	0.75764743644993	0.00149572382258196	"TC"	"<0.2"
"rs185184019"	0.1073489661227	0.41623349926672	6.17244061654909e-06	"TC"	"<0.2"
"rs185264672"	1.14935376481693	0.0674039803706177	0.00626536247232623	"TC"	"<0.2"
"rs1870136"	0.413412695328245	3.32670901066249	0.254932122305687	"TC"	"0.2-0.4"
"rs1870138"	10.0942041196321	19.3360024237544	1	"TC"	">=0.95"
"rs1870140"	10.698970004336	14.6939118153098	0.768765534809411	"TC"	"0.6-0.8"
"rs1870142"	2.69464863055338	10.0978986144289	0.510905519282809	"TC"	"0.4-0.6"
"rs1870143"	1.09474395125155	3.1670404213428	0.150164654805762	"TC"	"<0.2"
"rs1870144"	1.05453141486818	3.1670404213428	0.150164654805762	"TC"	"<0.2"
"rs1870145"	1.87942606879415	2.4548191071093	0.233079546052193	"TC"	"0.2-0.4"
"rs1870146"	0.0209070993616736	0.939151126961193	0.040762652439901	"TC"	"<0.2"
"rs1870148"	8.97469413473523	14.9371173098696	0.881472054582316	"TC"	"0.8-0.95"
"rs1878034"	4.55909091793478	1.8493141579134	0.103215854667857	"TC"	"<0.2"
"rs1878036"	10.2027324591693	17.1468252033052	0.974347208893441	"TC"	">=0.95"
"rs1878041"	0.928117992693875	0.420962201282934	6.7943533129394e-05	"TC"	"<0.2"
"rs1878043"	0.308918507877032	0.766019589158593	0.0192234758450659	"TC"	"<0.2"
"rs1878044"	0.298432014944073	0.766019589158593	0.0198434774265133	"TC"	"<0.2"
"rs1890578"	0.94692155651658	8.3058249216585	0.385876300433001	"TC"	"0.2-0.4"
"rs1890889"	2.45099673797421	9.31247638946903	0.370970591322728	"TC"	"0.2-0.4"
"rs189373983"	1.51570016065321	0.0413448719678353	0.00846336297721061	"TC"	"<0.2"
"rs189773378"	0.522878745280338	0.159485534439548	0.00445459470748065	"TC"	"<0.2"
"rs190213378"	0.111820506081675	0.559859480586112	0.00225643824416713	"TC"	"<0.2"
"rs190600096"	1.17979854051436	0.0674039803706177	0.00626536247232623	"TC"	"<0.2"
"rs191247057"	0.777283528852417	0.805960450184778	0.000725892409979144	"TC"	"<0.2"
"rs1913751"	0.204815410317576	0.869720923883419	0.00210597696011961	"TC"	"<0.2"
"rs1913752"	0.197910742118267	0.761590045285543	0.0215163254042307	"TC"	"<0.2"
"rs1913753"	0.647817481888638	0.0595427863633833	9.68324160782956e-05	"TC"	"<0.2"
"rs1913754"	0.254144804826271	0.0974135435283306	8.19659799298676e-05	"TC"	"<0.2"
"rs1913758"	0.283996656365201	0.619665725613994	0.0636887728301825	"TC"	"<0.2"
"rs1913759"	0.286509456906058	0.619665725613994	0.0636887728301825	"TC"	"<0.2"
"rs1913760"	0.288192770958809	0.619665725613994	0.0636887728301825	"TC"	"<0.2"
"rs1913761"	1.27083521030723	0.506100211132645	0.0366418992547782	"TC"	"<0.2"
"rs1913762"	1.01188715973165	3.28939527954805	0.143677735520434	"TC"	"<0.2"
"rs191523462"	0.829738284605043	0.0413448719678353	0.0111327836122536	"TC"	"<0.2"
"rs192127052"	0.665546248849069	0.865179261771945	0.00797768684071866	"TC"	"<0.2"
"rs192589224"	0.00921730819686218	0.803602715562657	0.00115338649697718	"TC"	"<0.2"
"rs192903832"	0.341988603342888	0.131521906500552	0.0135762813935199	"TC"	"<0.2"
"rs1934146"	2.39794000867204	9.31247638946903	0.370970591322728	"TC"	"0.2-0.4"
"rs1934693"	3.1444808443322	9.18326832365478	0.396413200783626	"TC"	"0.2-0.4"
"rs1934694"	3.14508697769214	9.18326832365478	0.396413200783626	"TC"	"0.2-0.4"
"rs1934695"	2.23582386760967	9.69561719751093	0.451595993767578	"TC"	"0.4-0.6"
"rs1934696"	3.1505805862031	9.18326832365478	0.396413200783626	"TC"	"0.2-0.4"
"rs1934697"	1	3.61537781154846	0.174082706231484	"TC"	"<0.2"
"rs1953970"	1.00086945871263	3.37344305274694	0.17375232165385	"TC"	"<0.2"
"rs1953972"	2.74714696902011	9.30834837322808	0.401261576828224	"TC"	"0.4-0.6"
"rs1970433"	3.11633856484638	9.18326832365478	0.396413200783626	"TC"	"0.2-0.4"
"rs1970434"	2.22112552799726	9.18326832365478	0.396413200783626	"TC"	"0.2-0.4"
"rs1972370"	2.23957751657679	10.3313830181126	0.451595993767578	"TC"	"0.4-0.6"
"rs1972371"	3.1518108830086	9.18326832365478	0.396413200783626	"TC"	"0.2-0.4"
"rs1985908"	1.04095860767891	3.16094388197106	0.0935443491090335	"TC"	"<0.2"
"rs1989126"	0.1438755557577	1.19356834387508	0.00430361739786106	"TC"	"<0.2"
"rs1993484"	5.05012229596313	12.8508948661002	0.731669419189888	"TC"	"0.6-0.8"
"rs199881577"	0.450996737974212	0.0518140221779264	8.16409491145678e-08	"TC"	"<0.2"
"rs2012845"	0.779891911959945	0.368644519446182	0.00252135414979236	"TC"	"<0.2"
"rs2039757"	2.44129142946683	9.31247638946903	0.370970591322728	"TC"	"0.2-0.4"
"rs2050822"	2.82973828460504	4.72403941720609	0.238510949329467	"TC"	"0.2-0.4"
"rs2050823"	2.83863199776503	4.72403941720609	0.238510949329467	"TC"	"0.2-0.4"
"rs2050824"	3.14026143380285	9.18326832365478	0.396413200783626	"TC"	"0.2-0.4"
"rs2066167"	0.138465589140962	0.274205120447635	0.0200282803182381	"TC"	"<0.2"
"rs2068202"	0.643974142806877	0.15769412367114	0.00734786317905254	"TC"	"<0.2"
"rs2075374"	0.0670191780768018	0.324957099612153	0.000695777870662259	"TC"	"<0.2"
"rs2081343"	0.345823458122039	1.66791517953549	0.00133338283874128	"TC"	"<0.2"
"rs2085490"	0.928117992693875	3.00828406833041	0.243651298633759	"TC"	"0.2-0.4"
"rs2095994"	3.1505805862031	9.18326832365478	0.396413200783626	"TC"	"0.2-0.4"
"rs2113595"	0.228412519118745	0.257724317172851	0.000265698475276682	"TC"	"<0.2"
"rs2125037"	0.0589857562944303	0.162470271236682	0.0293851507911789	"TC"	"<0.2"
"rs2125039"	1.87614835903291	2.82850464663863	0.234131065747913	"TC"	"0.2-0.4"
"rs2138285"	4.29670862188134	2.19245820727227	0.148701634972896	"TC"	"<0.2"
"rs2138286"	0.809668301829709	0.208948985386998	0.0122104471463471	"TC"	"<0.2"
"rs2138287"	0.829738284605043	0.678515490991412	0.0391141669567985	"TC"	"<0.2"
"rs2153455"	2.03479829897409	10.447213798334	0.456673145334336	"TC"	"0.4-0.6"
"rs2161885"	0.105130343254747	0.425947886637441	0.000363913302410969	"TC"	"<0.2"
"rs2168721"	3.06550154875643	5.93686187345518	0.371307266217477	"TC"	"0.2-0.4"
"rs2176106"	1.05799194697769	0.49854635283603	0.0339899410138791	"TC"	"<0.2"
"rs2185424"	1.55909091793478	0.485353977750041	0.0180127523921373	"TC"	"<0.2"
"rs2185425"	2.02319166266193	10.447213798334	0.456673145334336	"TC"	"0.4-0.6"
"rs2185426"	2.11633856484638	10.3313830181126	0.451595993767578	"TC"	"0.4-0.6"
"rs2185427"	1.08301995267962	8.3058249216585	0.385876300433001	"TC"	"0.2-0.4"
"rs2203483"	0.595166283380062	0.0120317998602587	0.0145410360546966	"TC"	"<0.2"
"rs2236568"	0.377785977033705	2.4009841998866	0.152020431548627	"TC"	"<0.2"
"rs2236569"	0.935542010773082	8.38756053761708	0.376657279918274	"TC"	"0.2-0.4"
"rs2259619"	0.0310503190186574	2.80818303565879	0.154074300283068	"TC"	"<0.2"
"rs2282367"	0.935542010773082	8.38756053761708	0.376657279918274	"TC"	"0.2-0.4"
"rs2342812"	0.59176003468815	4.47404736505573	0.236347937801858	"TC"	"0.2-0.4"
"rs2342813"	0.97061622231479	8.05486440311555	0.383979704405529	"TC"	"0.2-0.4"
"rs2342815"	2.50863830616573	9.31247638946903	0.370970591322728	"TC"	"0.2-0.4"
"rs2342816"	2.5185573714977	9.31247638946903	0.370970591322728	"TC"	"0.2-0.4"
"rs2343302"	0.0428718023231869	1.06459955755569	0.03554511475766	"TC"	"<0.2"
"rs2343306"	5.32975414692588	12.8508948661002	0.731669419189888	"TC"	"0.6-0.8"
"rs2343308"	8.40450377817443	2.08332027701575	0.154927758511241	"TC"	"<0.2"
"rs2343527"	0.133712660915805	1.00128262659096	0.000645825505429471	"TC"	"<0.2"
"rs2343528"	0.749579997691106	0.171541833058094	0.0105058277296159	"TC"	"<0.2"
"rs2343550"	0.0222763947111523	1.52557538285375	0.0700037174728361	"TC"	"<0.2"
"rs2343551"	8.43533393574791	20.4045522807741	1	"TC"	">=0.95"
"rs2343555"	0.0840727883028842	0.123688611364543	0.0285892005176958	"TC"	"<0.2"
"rs2343556"	0.863279432843593	0.682847968536039	0.0419679367096179	"TC"	"<0.2"
"rs2343558"	0.0209070993616736	0.0818249225099297	9.35709499341181e-05	"TC"	"<0.2"
"rs2343559"	0.581698708680255	0.0120317998602587	0.0140118919330432	"TC"	"<0.2"
"rs2343584"	0.511449283499556	0.0120317998602587	0.0140118919330432	"TC"	"<0.2"
"rs2344765"	1.29929628285498	1.05256235673578	0.00212824511811731	"TC"	"<0.2"
"rs2344766"	0.0798766737092761	0.269655468307099	0.00840735518433941	"TC"	"<0.2"
"rs2344767"	0.191789027075778	0.0366514097716815	0.00244881877163079	"TC"	"<0.2"
"rs2344768"	0.679853713888946	0.0797681136582413	9.74082953647788e-05	"TC"	"<0.2"
"rs2486302"	2.41566877563247	9.31247638946903	0.370970591322728	"TC"	"0.2-0.4"
"rs2486303"	1.62342304294349	9.76630095252618	0.420217767903894	"TC"	"0.4-0.6"
"rs2486304"	1.60554831917378	9.76630095252618	0.420217767903894	"TC"	"0.4-0.6"
"rs2486305"	1.80966830182971	0.417921857684629	0.0157993940458804	"TC"	"<0.2"
"rs2487073"	0.149966742310231	0.455119964103206	0.0171028826944395	"TC"	"<0.2"
"rs2487074"	1.61798295742513	9.76630095252618	0.420217767903894	"TC"	"0.4-0.6"
"rs2573326"	1.00043451177402	2.89557434980268	0.123631671982466	"TC"	"<0.2"
"rs2819898"	0.749579997691106	0.824470792012334	0.049501066877568	"TC"	"<0.2"
"rs28397083"	0.116338564846382	1.41516239406876	0.0757513030398649	"TC"	"<0.2"
"rs28433331"	0.0777937225609836	1.44228712836295	0.0757513030398649	"TC"	"<0.2"
"rs28493052"	0.0904439707588247	0.812524403012287	0.000645825505429471	"TC"	"<0.2"
"rs2880456"	0.673664139071249	0.132794228364561	0.0194589687016165	"TC"	"<0.2"
"rs2880599"	0.0291883891274822	1.06459955755569	0.03554511475766	"TC"	"<0.2"
"rs2880648"	0.0535477349869269	0.193330363701963	0.0301620552094428	"TC"	"<0.2"
"rs2880649"	0.380906669373257	0.744334395075872	0.0107692958944433	"TC"	"<0.2"
"rs2880654"	1.03668448861389	0.348019733766254	8.49509070316312e-05	"TC"	"<0.2"
"rs2880655"	0.856985199745905	3.274617680405	0.0279646187647789	"TC"	"<0.2"
"rs2993759"	1.37263414340727	4.23916904968093	0.19017226169893	"TC"	"<0.2"
"rs2993761"	0.94692155651658	4.46238614182144	0.190251977672437	"TC"	"<0.2"
"rs2993762"	0.928117992693875	4.23916904968093	0.190251977672437	"TC"	"<0.2"
"rs2993763"	0.363512103646635	2.4009841998866	0.152020431548627	"TC"	"<0.2"
"rs2994386"	1.39040559077478	4.23916904968093	0.19017226169893	"TC"	"<0.2"
"rs2994388"	0.386158178123931	2.4009841998866	0.152020431548627	"TC"	"<0.2"
"rs3120976"	0.876148359032914	8.0988371211173	0.379387949328425	"TC"	"0.2-0.4"
"rs3195896"	1.23284413391782	3.2530787012421	0.146383654379106	"TC"	"<0.2"
"rs3195899"	1	3.2530787012421	0.148920230511854	"TC"	"<0.2"
"rs3195900"	1.10127481841051	3.2530787012421	0.15063919564947	"TC"	"<0.2"
"rs34007464"	0.135488918941608	0.903813254935787	0.0560038506638247	"TC"	"<0.2"
"rs34023636"	0.0856568428805593	0.0949838517649594	0.0208715216065038	"TC"	"<0.2"
"rs34033165"	0.0268721464003014	1.64009245730551	0.000658473084892862	"TC"	"<0.2"
"rs34189002"	0.0347982989740879	0.0818249225099297	9.35709499341181e-05	"TC"	"<0.2"
"rs34215840"	0.0109953843014632	0.810119642157295	0.0928128444948158	"TC"	"<0.2"
"rs34268041"	0.0390538042661686	1.06459955755569	0.0352920642716285	"TC"	"<0.2"
"rs34279451"	0.0141246426916063	0.810119642157295	0.0928128444948158	"TC"	"<0.2"
"rs34295552"	0.328827157284917	3.05201811908948	0.178798803889974	"TC"	"<0.2"
"rs34413309"	1.81815641205523	3.85349987135435	0.256746339193454	"TC"	"0.2-0.4"
"rs34486473"	0.0227337875727074	0.044823315211189	0.000446785151393898	"TC"	"<0.2"
"rs34515119"	1.34775365899668	2.97777789549229	0.201851824181441	"TC"	"0.2-0.4"
"rs34533074"	0.995678626217357	3.28939527954805	0.162386774368327	"TC"	"<0.2"
"rs34534994"	0.0788339493622613	0.310332485391201	0.0174166173042762	"TC"	"<0.2"
"rs34560976"	0.0352690789463706	0.0818249225099297	9.35709499341181e-05	"TC"	"<0.2"
"rs34583742"	0.228412519118745	1.65340646956537	0.0784115875683013	"TC"	"<0.2"
"rs34782759"	0.0443122496864942	0.728934778767953	0.0346248247178367	"TC"	"<0.2"
"rs34866993"	0.0510982390297863	0.787812395596042	2.3532604062736e-05	"TC"	"<0.2"
"rs34894697"	0.120330794367946	0.484872247380055	0.0632840199028386	"TC"	"<0.2"
"rs34954495"	0.137868620686963	0.584492464407217	0.00246186705669833	"TC"	"<0.2"
"rs34964315"	0.0343280287798933	0.0818249225099297	9.35709499341181e-05	"TC"	"<0.2"
"rs34965541"	1.73992861201493	3.85349987135435	0.256746339193454	"TC"	"0.2-0.4"
"rs35052296"	0.00877392430750515	0.0818249225099297	1.75245200223006e-05	"TC"	"<0.2"
"rs35154155"	0.0245681914907371	0.810119642157295	0.0928128444948158	"TC"	"<0.2"
"rs35213726"	0.311580177997289	1.5428677944524	0.0477380929134584	"TC"	"<0.2"
"rs35266651"	0.1180450286604	0.160197138887366	0.0115549182259666	"TC"	"<0.2"
"rs35269135"	0.298432014944073	0.902687148600854	0.0680644614469463	"TC"	"<0.2"
"rs35344091"	0.694648630553376	0.132794228364561	0.0194589687016165	"TC"	"<0.2"
"rs35353819"	3.18641901143181	9.18326832365478	0.396413200783626	"TC"	"0.2-0.4"
"rs35414786"	0.0649968485463452	1.54819361501071	0.0696449025804691	"TC"	"<0.2"
"rs35547640"	0.0241088635982073	1.06459955755569	0.0373727046151965	"TC"	"<0.2"
"rs35614327"	0.153662887870195	0.318878210031708	0.00261484332095026	"TC"	"<0.2"
"rs35671072"	0.0136762229492347	1.20256209953661	0.0358043927450831	"TC"	"<0.2"
"rs35740944"	1.51286162452281	2.82230481679452	0.201851824181441	"TC"	"0.2-0.4"
"rs35743232"	1.36251027048749	2.97777789549229	0.201851824181441	"TC"	"0.2-0.4"
"rs35828718"	0.0893755951107988	0.904150960442425	0.0344627908942105	"TC"	"<0.2"
"rs35976818"	0.277366077466188	0.619665725613994	0.0656421060679721	"TC"	"<0.2"
"rs36093436"	1.42021640338319	2.97777789549229	0.201851824181441	"TC"	"0.2-0.4"
"rs36095216"	0.275724130399211	0.619665725613994	0.0636887728301825	"TC"	"<0.2"
"rs36113069"	0.0777937225609836	1.31797502581589	0.0769025772952831	"TC"	"<0.2"
"rs3802638"	2.61261017366127	10.0865278917233	0.503236003833174	"TC"	"0.4-0.6"
"rs3827869"	0.0594835150674328	0.898366324701276	0.0400485417276085	"TC"	"<0.2"
"rs3844126"	0.853871964321762	7.04459754451146	0.304279514487046	"TC"	"0.2-0.4"
"rs3851056"	0.98296666070122	4.46238614182144	0.193838339426167	"TC"	"<0.2"
"rs3851057"	0.449771646944906	1.69849688115606	0.0578793416726342	"TC"	"<0.2"
"rs3851058"	0.476253533188436	1.69849688115606	0.0578793416726342	"TC"	"<0.2"
"rs3851059"	0.34008379993015	1.81576581249045	0.0648088291856554	"TC"	"<0.2"
"rs3862532"	0.935542010773082	8.37276424638169	0.369008095519881	"TC"	"0.2-0.4"
"rs3862533"	0.223298816011589	3.40823218282447	0.143551755020569	"TC"	"<0.2"
"rs3862534"	1.79317412396815	0.417921857684629	0.0157993940458804	"TC"	"<0.2"
"rs4036803"	0.391473966422806	0.0797681136582413	9.74082953647788e-05	"TC"	"<0.2"
"rs4038156"	1.25414480482627	0.486127455731697	0.0121796808304771	"TC"	"<0.2"
"rs4120852"	0.85078088734462	7.04459754451146	0.300007750373653	"TC"	"0.2-0.4"
"rs41284064"	0.119186407719209	0.0156203268680529	0.0171028826944395	"TC"	"<0.2"
"rs41284066"	1.74957999769111	0.461218970218154	0.0180127523921373	"TC"	"<0.2"
"rs41284080"	1.21183162885883	0.0674039803706177	0.00626536247232623	"TC"	"<0.2"
"rs41284082"	0.539102157243452	0.677817932102845	0.00150426006872209	"TC"	"<0.2"
"rs41284090"	1.2580609222708	3.17829000270162	0.0154909906365567	"TC"	"<0.2"
"rs41296143"	0.299296282854981	0.120355431824981	0.00127110959508194	"TC"	"<0.2"
"rs41300223"	0.906578314837765	0.632029418956606	0.00298270647333694	"TC"	"<0.2"
"rs41306848"	0.25649023527157	0.677817932102845	0.00138991541590912	"TC"	"<0.2"
"rs4146515"	2.27490547891853	4.58416726572461	0.232225116380786	"TC"	"0.2-0.4"
"rs4258322"	2.69897000433602	10.0978986144289	0.510905519282809	"TC"	"0.4-0.6"
"rs4265545"	3.11182050608168	9.18326832365478	0.400505356550663	"TC"	"0.4-0.6"
"rs4322334"	0.71669877129645	0.0797681136582413	9.74082953647788e-05	"TC"	"<0.2"
"rs4342966"	0.327902142064283	0.165365063309526	0.00255611631685548	"TC"	"<0.2"
"rs4357632"	3.16115090926275	9.18326832365478	0.396413200783626	"TC"	"0.2-0.4"
"rs4387297"	2.86012091359876	9.31371058991181	0.502671231461377	"TC"	"0.4-0.6"
"rs4394789"	0.747146969020107	0.325116823737576	0.00274956839216627	"TC"	"<0.2"
"rs4406769"	0.889410289700751	0.651187134358285	0.00441953734934931	"TC"	"<0.2"
"rs4433520"	0.133122185662501	1.25062780981259	0.000267889758720672	"TC"	"<0.2"
"rs4515913"	3.52287874528034	9.54540664645044	0.413139349805231	"TC"	"0.4-0.6"
"rs4536152"	3.0287241512619	9.18326832365478	0.400505356550663	"TC"	"0.4-0.6"
"rs4547039"	0.00436480540245009	0.101959151760043	0.0366531729273301	"TC"	"<0.2"
"rs45494892"	1.14752000636314	0.0674039803706177	0.00626536247232623	"TC"	"<0.2"
"rs45526031"	3.11463877996849	0.827058637785759	0.0178871145342329	"TC"	"<0.2"
"rs4578323"	2.84163750790475	2.47605463546024	0.155392563218333	"TC"	"<0.2"
"rs4601708"	3.11747546204512	9.18326832365478	0.396413200783626	"TC"	"0.2-0.4"
"rs4933327"	0.0550240915879521	0.898366324701276	0.0400485417276085	"TC"	"<0.2"
"rs4933377"	2.33161408331	9.25976050968606	0.401261576828224	"TC"	"0.4-0.6"
"rs4933378"	2.7851561519523	9.30834837322808	0.401261576828224	"TC"	"0.4-0.6"
"rs4933379"	0.924453038607469	3.29806953468138	0.175729920614094	"TC"	"<0.2"
"rs4933390"	1.12378215940836	3.41822436720819	0.276222273296138	"TC"	"0.2-0.4"
"rs4933397"	3.16494389827988	2.06821170303662	0.149622104222934	"TC"	"<0.2"
"rs4933445"	0.244887733604929	0.443024863943549	0.045602645314461	"TC"	"<0.2"
"rs4933447"	0.258060922270801	0.260490945331702	0.000578194242264197	"TC"	"<0.2"
"rs4933462"	1.00086945871263	2.15609853713586	0.0408967857983183	"TC"	"<0.2"
"rs4933463"	1.00043451177402	2.15609853713586	0.0408967857983183	"TC"	"<0.2"
"rs4933477"	0.892790030352132	0.0796136711264422	0.00771372119695342	"TC"	"<0.2"
"rs4934012"	0.112945621949043	1.29568558079982	0.0464396150291789	"TC"	"<0.2"
"rs4934027"	0.0609802235513335	0.898366324701276	0.0400485417276085	"TC"	"<0.2"
"rs4934028"	0.214670164989233	2.05925447517393	0.116710224039529	"TC"	"<0.2"
"rs4934038"	1.09963287134353	8.3058249216585	0.385876300433001	"TC"	"0.2-0.4"
"rs4934084"	1.89962945488244	10.3313830181126	0.451595993767578	"TC"	"0.4-0.6"
"rs4934125"	1.99139982823808	10.447213798334	0.456673145334336	"TC"	"0.4-0.6"
"rs4934126"	2.86966623150499	4.87726655456901	0.242021643331153	"TC"	"0.2-0.4"
"rs4934134"	2.87289520163519	4.72403941720609	0.237382965875212	"TC"	"0.2-0.4"
"rs4934139"	2.54821356447571	9.80347839659941	0.482670003947001	"TC"	"0.4-0.6"
"rs4934147"	1.03058408764602	3.1670404213428	0.148202844484406	"TC"	"<0.2"
"rs4934153"	2.62342304294349	10.0978986144289	0.510905519282809	"TC"	"0.4-0.6"
"rs4934165"	1.75202673363819	3.12358469272143	0.213912544612076	"TC"	"0.2-0.4"
"rs4934167"	1.71669877129645	3.12358469272143	0.212775169486987	"TC"	"0.2-0.4"
"rs4934168"	1.72124639904717	2.88044720233288	0.212775169486987	"TC"	"0.2-0.4"
"rs4934169"	3.12262865413023	10.0686662311784	0.56489254438005	"TC"	"0.4-0.6"
"rs4934170"	2.09854167860389	3.20708117289253	0.234095211025029	"TC"	"0.2-0.4"
"rs4934189"	1.30189945437661	3.231259071177	0.28716208127265	"TC"	"0.2-0.4"
"rs4934192"	1.99567862621736	2.64142180722634	0.252975945059639	"TC"	"0.2-0.4"
"rs4934351"	0.287350298372789	0.397657808963773	0.0442974462798202	"TC"	"<0.2"
"rs4934371"	1	2.15609853713586	0.0408967857983183	"TC"	"<0.2"
"rs4934372"	1.00043451177402	2.2557234499524	0.0408967857983183	"TC"	"<0.2"
"rs4934386"	0.554395796726402	0.00222144217674891	0.0134923893546904	"TC"	"<0.2"
"rs4934387"	0.127261172527331	0.53277086512394	0.0155406389837966	"TC"	"<0.2"
"rs4934388"	0.534617148551582	0.0120317998602587	0.0140118919330432	"TC"	"<0.2"
"rs4934394"	1.40120949323689	0.0712365870094229	5.52652189532992e-05	"TC"	"<0.2"
"rs4934395"	0.204815410317576	0.297139690269315	0.000138828289901419	"TC"	"<0.2"
"rs4934417"	0.0222763947111523	0.515525054250086	0.00117997341099576	"TC"	"<0.2"
"rs4934418"	0.0788339493622613	0.435591985686013	0.000254161258049133	"TC"	"<0.2"
"rs4934419"	0.190440285364732	0.148753273401441	0.00184963172346478	"TC"	"<0.2"
"rs4934426"	0.0767559813697235	0.364031963258938	0.000173390705539054	"TC"	"<0.2"
"rs532218801"	0.0757207139381184	0.559859480586112	0.00225643824416713	"TC"	"<0.2"
"rs533871867"	1.02319166266193	0.379036761783674	0.00366385574791213	"TC"	"<0.2"
"rs537617420"	0.863279432843593	0.290286640420594	0.0102189553863261	"TC"	"<0.2"
"rs540546993"	0.282329496997738	0.509461443352688	0.00269497330575134	"TC"	"<0.2"
"rs551564466"	0.269217724333611	0.131196329900143	0.00200372985085213	"TC"	"<0.2"
"rs552738302"	0.0190880622231565	0.300111999438119	2.58581857529659e-05	"TC"	"<0.2"
"rs55654466"	0	0.262312893158673	6.83587855089591e-06	"TC"	"<0.2"
"rs55732213"	0.139063379299906	0.75120554072874	0.00454383925447111	"TC"	"<0.2"
"rs55739791"	0.0385789059335517	0.619665725613994	0.0636887728301825	"TC"	"<0.2"
"rs55855057"	0.0861861476162833	0.801926028578754	0.0306721649576042	"TC"	"<0.2"
"rs55897874"	2.33913452199613	4.66892716760123	0.160268744610907	"TC"	"<0.2"
"rs55899456"	0.0716041477432862	1.06459955755569	0.0326898848322948	"TC"	"<0.2"
"rs55901776"	1.16367588429325	3.61537781154846	0.171783949575164	"TC"	"<0.2"
"rs55931985"	0.363512103646635	0.893095501064357	4.08272092373086e-05	"TC"	"<0.2"
"rs55943223"	0.72584215073632	2.0449591229871	0.0959264818759207	"TC"	"<0.2"
"rs559530232"	5.00921730819686	1.71223632847026	0.0769659764073174	"TC"	"<0.2"
"rs55992253"	0.869666231504994	0.788703212616017	0.00295397187101833	"TC"	"<0.2"
"rs56088018"	0.408935392973501	0.491227951729074	0.00255611631685548	"TC"	"<0.2"
"rs56123000"	1.32422165832592	0.561286814858745	0.000910490048908443	"TC"	"<0.2"
"rs56147535"	0.0931264652779296	0.801926028578754	0.0306721649576042	"TC"	"<0.2"
"rs56154304"	1.34872198600186	0.282158974217376	0.0066846372919217	"TC"	"<0.2"
"rs56184245"	0.115204636051019	0.801926028578754	0.0297845924584305	"TC"	"<0.2"
"rs56219300"	1.28149831113273	0.561286814858745	0.000910490048908443	"TC"	"<0.2"
"rs56219677"	0.779891911959945	3.39744844846474	0.0424321195234759	"TC"	"<0.2"
"rs56239591"	1.5016894462104	0.65506765057959	0.000910490048908443	"TC"	"<0.2"
"rs56295829"	0.221848749616356	1.03389254266448	0.020686971189009	"TC"	"<0.2"
"rs56320756"	1.54363396687096	0.65506765057959	0.000910490048908443	"TC"	"<0.2"
"rs56362625"	0.0746879085003505	0.0500209236736438	2.41292122523378e-05	"TC"	"<0.2"
"rs56364447"	0.59176003468815	0.180822078849391	3.47480128358367e-05	"TC"	"<0.2"
"rs56758452"	0.280668713016273	1.11077507633695	0.000208162714504779	"TC"	"<0.2"
"rs56871714"	0.508638306165727	0.224940322930333	6.4546878484508e-05	"TC"	"<0.2"
"rs56968814"	0.221848749616356	0.729335136020485	0.00255611631685548	"TC"	"<0.2"
"rs571431811"	0.505845405981557	0.766394780837728	2.78029009703004e-05	"TC"	"<0.2"
"rs572697157"	0.815308569182401	0.0413448719678353	0.00846336297721061	"TC"	"<0.2"
"rs572998301"	0.258848401148215	0.686685486301673	0.000725892409979144	"TC"	"<0.2"
"rs57342950"	0.073657553374345	0.807973661095347	0.0322825479629367	"TC"	"<0.2"
"rs57642508"	0.928117992693875	0.843220739621824	0.0418146896264026	"TC"	"<0.2"
"rs57929966"	1.30189945437661	0.037360320846762	0.00255611631685548	"TC"	"<0.2"
"rs58028281"	0.339134521996131	0.251760791303009	3.25945065322744e-05	"TC"	"<0.2"
"rs58082336"	0.316052869248488	1.00476287171127	0.000208162714504779	"TC"	"<0.2"
"rs58167861"	0.737548910269571	0.105536058634459	0.00255611631685548	"TC"	"<0.2"
"rs58411552"	2.12842706445412	0.558026942009221	0.0184164188673692	"TC"	"<0.2"
"rs58560242"	0.295849483160201	0.0226665206129119	0.021348920394961	"TC"	"<0.2"
"rs58702310"	0.795880017344075	0.0641774561293674	8.16409491145678e-08	"TC"	"<0.2"
"rs58844605"	0.636388020107856	0.214000017704385	0.00255611631685548	"TC"	"<0.2"
"rs58903768"	0.739928612014925	0.592006091487676	0.00255611631685548	"TC"	"<0.2"
"rs58991931"	0.838631997765025	0.864355405705437	0.00255611631685548	"TC"	"<0.2"
"rs59028692"	2.10292299679058	3.20708117289253	0.234095211025029	"TC"	"0.2-0.4"
"rs59137417"	0.133712660915805	0.630891801573575	0.000208162714504779	"TC"	"<0.2"
"rs59140600"	0.327902142064283	0.72933280729507	0.000208162714504779	"TC"	"<0.2"
"rs59269369"	2.06803388527183	0.774378035433254	0.0154566681590991	"TC"	"<0.2"
"rs59495777"	0.0114410431213845	0.281241796090211	0.0151859260766109	"TC"	"<0.2"
"rs59577534"	1.67162039656126	3.62249704933839	0.256746339193454	"TC"	"0.2-0.4"
"rs59616746"	0.787812395596042	0.160739468579694	0.00107959066226712	"TC"	"<0.2"
"rs59617064"	0.24033215531037	0.443024863943549	0.0437703755527025	"TC"	"<0.2"
"rs59643748"	2.09691001300806	3.20708117289253	0.234095211025029	"TC"	"0.2-0.4"
"rs59806247"	0.0798766737092761	0.956779234636922	0.0322825479629367	"TC"	"<0.2"
"rs59949474"	0.686132779630847	0.684499870183669	0.00260930389133174	"TC"	"<0.2"
"rs60011422"	1.22548303427145	0.0295736188888087	0.00255611631685548	"TC"	"<0.2"
"rs60089690"	0.920818753952375	0.843220739621824	0.0418146896264026	"TC"	"<0.2"
"rs60204118"	0.75448733218585	3.19305186880484	0.103456110247864	"TC"	"<0.2"
"rs60300749"	0.375717904164332	0.537610987597072	3.25945065322744e-05	"TC"	"<0.2"
"rs60345242"	0.832682665251824	0.710330795112173	0.000417994068003585	"TC"	"<0.2"
"rs60390678"	0.282329496997738	0.604092024433264	0.0636887728301825	"TC"	"<0.2"
"rs60414438"	1.3777859770337	0.0590907359181165	0.00168146723039478	"TC"	"<0.2"
"rs60575307"	0.0195421077238999	1.00128262659096	0.000645825505429471	"TC"	"<0.2"
"rs60624908"	1.33348201944512	0.561286814858745	0.000910490048908443	"TC"	"<0.2"
"rs60890045"	0.244125144327509	0.163134935933756	0.00168428857162563	"TC"	"<0.2"
"rs60991538"	0.18111458540599	0.903813254935787	0.0556475630551797	"TC"	"<0.2"
"rs61188968"	2.02872415126189	0.71556701008611	0.0137470847115685	"TC"	"<0.2"
"rs61411102"	1.16115090926274	1.00296722454644	0.0159643406732183	"TC"	"<0.2"
"rs61435930"	0.416801226031377	1.41847130745429	0.0230526382699221	"TC"	"<0.2"
"rs61859173"	0.175874166083451	0.903813254935787	0.0556475630551797	"TC"	"<0.2"
"rs61859174"	0.147520006363144	0.903813254935787	0.0556475630551797	"TC"	"<0.2"
"rs61859189"	0.0888423912600234	0.956779234636922	0.0322825479629367	"TC"	"<0.2"
"rs61859191"	0.0506099933550872	1.06459955755569	0.0354794237045178	"TC"	"<0.2"
"rs61859195"	0.0433514207947967	0.956779234636922	0.0322825479629367	"TC"	"<0.2"
"rs61859196"	0.0366844886138887	1.06459955755569	0.0354794237045178	"TC"	"<0.2"
"rs61859197"	0.0414361167780325	1.06459955755569	0.0354794237045178	"TC"	"<0.2"
"rs61859198"	0.0362121726544447	1.06459955755569	0.0354794237045178	"TC"	"<0.2"
"rs61859209"	0.00656376950238827	1.06459955755569	0.0364276391916257	"TC"	"<0.2"
"rs61859215"	0.0423927129399047	1.06459955755569	0.0352920642716285	"TC"	"<0.2"
"rs61859233"	1.20690839982342	6.60267886741462	0.24771790227983	"TC"	"0.2-0.4"
"rs61859236"	1.45593195564972	7.18554330052473	0.23038615235584	"TC"	"0.2-0.4"
"rs61859360"	0.815308569182401	0.0288248487284229	0.0123780719766197	"TC"	"<0.2"
"rs61859363"	0.518557371497695	0.125036029469454	0.0102823766574349	"TC"	"<0.2"
"rs61859391"	0.829738284605043	0.359286073990734	0.0036363979974709	"TC"	"<0.2"
"rs61859392"	0.694648630553376	0.180822078849391	3.47480128358367e-05	"TC"	"<0.2"
"rs61859394"	0.265200170411153	0.0339812956628488	0.000142912823177862	"TC"	"<0.2"
"rs61859395"	0.578396073130169	0.0437177262697974	3.82372103036386e-05	"TC"	"<0.2"
"rs61859396"	0.515700160653214	0.00878278755063863	3.82372103036386e-05	"TC"	"<0.2"
"rs61859397"	0.095284454721319	0.0336686276217569	2.41292122523378e-05	"TC"	"<0.2"
"rs61861594"	1.00130484168834	4.14176246070665	0.0902794355067424	"TC"	"<0.2"
"rs61862387"	0.10292299679058	0.801926028578754	0.0297845924584305	"TC"	"<0.2"
"rs62621256"	0.431798275933005	0.110345961449284	0.0227310366949552	"TC"	"<0.2"
"rs6585944"	2.77469071827414	9.11172612892053	0.398454212452636	"TC"	"0.2-0.4"
"rs6585946"	2.9100948885606	9.18326832365478	0.396413200783626	"TC"	"0.2-0.4"
"rs6585947"	1.7851561519523	9.69561719751093	0.451595993767578	"TC"	"0.4-0.6"
"rs6585967"	2.85078088734462	9.30834837322808	0.401261576828224	"TC"	"0.4-0.6"
"rs6585968"	2.77728352885242	9.30834837322808	0.401261576828224	"TC"	"0.4-0.6"
"rs6585986"	2.47108329972235	10.4486427264773	0.480201982218575	"TC"	"0.4-0.6"
"rs6585989"	1.46597389394387	1.36244723231536	0.0851940069208226	"TC"	"<0.2"
"rs6585994"	3.00436480540245	3.86961476261635	0.266672082017704	"TC"	"0.2-0.4"
"rs6586028"	10.0109953843015	20.4045522807741	0.980610100822689	"TC"	">=0.95"
"rs6586030"	10.5575202309356	14.6939118153098	0.774295333069845	"TC"	"0.6-0.8"
"rs6586051"	0.299296282854981	0.766019589158593	0.0198434774265133	"TC"	"<0.2"
"rs6586052"	0.323306390375133	0.766019589158593	0.0198434774265133	"TC"	"<0.2"
"rs6586067"	3.32790214206428	1.39582796700166	0.0182536304899701	"TC"	"<0.2"
"rs6586068"	0.123782159408358	0.305548366666664	0.0319118806775665	"TC"	"<0.2"
"rs6586086"	0.295849483160201	0.619665725613994	0.0636887728301825	"TC"	"<0.2"
"rs6586087"	0.286509456906058	0.619665725613994	0.0636887728301825	"TC"	"<0.2"
"rs6586088"	0.184422251675733	0.0613492057162855	0.0233297680626217	"TC"	"<0.2"
"rs6586089"	0.96657624451305	0.364316242300034	8.49509070316312e-05	"TC"	"<0.2"
"rs6586090"	0.192464971931147	0.0613492057162855	0.0233297680626217	"TC"	"<0.2"
"rs6586099"	0.35359627377693	0.0124861223184514	0.00198712354840307	"TC"	"<0.2"
"rs6586105"	1.01055018233331	2.15609853713586	0.0408967857983183	"TC"	"<0.2"
"rs6586106"	1.00348832784582	2.15609853713586	0.0408967857983183	"TC"	"<0.2"
"rs6586107"	1.1232050237993	2.15609853713586	0.0408967857983183	"TC"	"<0.2"
"rs6586109"	1.07468790850035	2.2557234499524	0.04146615369821	"TC"	"<0.2"
"rs6586110"	1.06651271215129	2.2557234499524	0.04146615369821	"TC"	"<0.2"
"rs6586111"	1.05453141486818	2.2557234499524	0.04146615369821	"TC"	"<0.2"
"rs6586112"	0.411168274405793	0.975641601693186	0.0128166152280957	"TC"	"<0.2"
"rs6586121"	0.769551078621726	0.0394074658356389	0.0133853061342352	"TC"	"<0.2"
"rs6586133"	0.440093374963887	0.128313835762208	0.000108004308688809	"TC"	"<0.2"
"rs6586155"	0.324221658325915	1.38549825628004	0.00877150188786539	"TC"	"<0.2"
"rs66491571"	0.790484985457369	0.272070978926677	0.00213772914124462	"TC"	"<0.2"
"rs66586255"	0.525783735923745	2.96320747670038	0.172075764669778	"TC"	"<0.2"
"rs67036031"	0.85078088734462	0.272070978926677	0.00252135414979236	"TC"	"<0.2"
"rs67126110"	0.903089986991944	0.325116823737576	0.00213772914124462	"TC"	"<0.2"
"rs67413850"	8.25103713874384	4.21652664243157	0.287758108085505	"TC"	"0.2-0.4"
"rs67939785"	0.241088107602027	0.954184317877497	0.0532092240091025	"TC"	"<0.2"
"rs7067612"	2.60205999132796	4.72403941720609	0.237382965875212	"TC"	"0.2-0.4"
"rs7067623"	0.288192770958809	0.619665725613994	0.0636887728301825	"TC"	"<0.2"
"rs7067934"	0.113509274827518	0.854775615901297	6.7930943642114e-05	"TC"	"<0.2"
"rs7067977"	3.02456819149074	5.25874358409551	0.178031102881972	"TC"	"<0.2"
"rs7067984"	3.00656376950239	5.25874358409551	0.178031102881972	"TC"	"<0.2"
"rs7067994"	1.10623823794206	2.2557234499524	0.0408967857983183	"TC"	"<0.2"
"rs7068369"	3.47366072261016	1.47100492820419	0.0169217034375724	"TC"	"<0.2"
"rs7069048"	2.89279003035213	1.66165707530514	0.0431607751808936	"TC"	"<0.2"
"rs7070261"	1.08301995267962	0.0151928481615771	0.00734786317905254	"TC"	"<0.2"
"rs7070672"	1.35261702988538	0.000688467869952259	0.00626536247232623	"TC"	"<0.2"
"rs7070996"	0.378823718224965	1.06514012378335	0.00321115666786058	"TC"	"<0.2"
"rs7071690"	1.05207638016827	2.2557234499524	0.04146615369821	"TC"	"<0.2"
"rs7071752"	2.83564714421556	4.72403941720609	0.241336767097754	"TC"	"0.2-0.4"
"rs7072046"	0.276544327964814	0.635085212652109	0.0636887728301825	"TC"	"<0.2"
"rs7072057"	0.302770657240282	0.635085212652109	0.0636887728301825	"TC"	"<0.2"
"rs7072467"	0.294136287716081	0.619665725613994	0.0636887728301825	"TC"	"<0.2"
"rs7072583"	2.26440110030182	3.25555288925163	0.251483937100818	"TC"	"0.2-0.4"
"rs7072845"	1.63264407897398	9.76630095252618	0.420217767903894	"TC"	"0.4-0.6"
"rs7073839"	0.571865205971211	3.37490475058419	0.0442737021771426	"TC"	"<0.2"
"rs7074356"	0.11690664142431	1.11169748276845	0.0334140534072764	"TC"	"<0.2"
"rs7074908"	0.0061230850587888	0.0818249225099297	1.75245200223006e-05	"TC"	"<0.2"
"rs7075355"	1.15864052954515	3.231259071177	0.27980385834816	"TC"	"0.2-0.4"
"rs7075840"	2.80966830182971	1.66165707530514	0.0431607751808936	"TC"	"<0.2"
"rs7077368"	0.472370099128661	0.310666274010612	0.00207669415209219	"TC"	"<0.2"
"rs7077373"	1.14146280243036	3.231259071177	0.276222273296138	"TC"	"0.2-0.4"
"rs7077636"	0.355561410532161	0.0228802550862252	0.00222398640103085	"TC"	"<0.2"
"rs7077644"	0.625251653989896	0.147020732813517	0.0153443964198231	"TC"	"<0.2"
"rs7077712"	3.04383156952464	9.18326832365478	0.396413200783626	"TC"	"0.2-0.4"
"rs7077758"	0.347753658996677	0.0426254843695797	0.00255611631685548	"TC"	"<0.2"
"rs7077834"	0.285670240254767	0.0802939429602382	0.0018596282847132	"TC"	"<0.2"
"rs7077847"	2.97061622231479	9.18326832365478	0.391608199559901	"TC"	"0.2-0.4"
"rs7077854"	3.14026143380285	9.18326832365478	0.396413200783626	"TC"	"0.2-0.4"
"rs7077907"	1.00130484168834	6.6386518655321	0.300007750373653	"TC"	"0.2-0.4"
"rs7078075"	2.32975414692588	10.4486427264773	0.469393624865787	"TC"	"0.4-0.6"
"rs7078254"	1.14508697769214	3.231259071177	0.276222273296138	"TC"	"0.2-0.4"
"rs7078707"	2.77211329538633	9.54540664645044	0.413139349805231	"TC"	"0.4-0.6"
"rs7078901"	0.0296531237699066	0.170363074182258	0.0366531729273301	"TC"	"<0.2"
"rs7079069"	0.184422251675733	0.686122238630569	0.000277525261556439	"TC"	"<0.2"
"rs7079135"	1.28735029837279	0.0605057075516176	9.12541246997681e-06	"TC"	"<0.2"
"rs7079232"	3.040481623027	1.76636688381677	0.0175895702739395	"TC"	"<0.2"
"rs7079356"	0.935542010773082	2.17333508753964	0.0299450418207382	"TC"	"<0.2"
"rs7080009"	10.1674910872938	20.4045522807741	1	"TC"	">=0.95"
"rs7080169"	0.617982957425132	2.84130588182214	0.143260803939513	"TC"	"<0.2"
"rs7081164"	0.116338564846382	1.44228712836295	0.0757513030398649	"TC"	"<0.2"
"rs7081344"	0.681936665037239	0.15769412367114	0.00734786317905254	"TC"	"<0.2"
"rs7081555"	0.263603497723358	0.619665725613994	0.0636887728301825	"TC"	"<0.2"
"rs7081754"	0.663540266151471	0.147020732813517	0.014802796309096	"TC"	"<0.2"
"rs7081756"	0.254144804826271	1.63003312879196	0.0369189632742059	"TC"	"<0.2"
"rs7081889"	3.14146280243036	8.63840058307473	0.403687035126163	"TC"	"0.4-0.6"
"rs7081903"	2.32422165832592	10.4486427264773	0.469393624865787	"TC"	"0.4-0.6"
"rs7081964"	0.276544327964814	0.619665725613994	0.0636887728301825	"TC"	"<0.2"
"rs7082093"	2.97469413473523	9.18326832365478	0.391608199559901	"TC"	"0.2-0.4"
"rs7082099"	1.04866248120408	0.49854635283603	0.034886270172677	"TC"	"<0.2"
"rs7082102"	1.40340290437354	9.76630095252618	0.422453445616957	"TC"	"0.4-0.6"
"rs7082413"	0.0282604091122217	0.619665725613994	0.0636887728301825	"TC"	"<0.2"
"rs7082488"	1.35556141053216	0.0883279372265537	0.000693529885836685	"TC"	"<0.2"
"rs7082577"	1.27572413039921	0.486127455731697	0.0133689969221131	"TC"	"<0.2"
"rs7082705"	2.44009337496389	10.4486427264773	0.480201982218575	"TC"	"0.4-0.6"
"rs7084378"	0.19586056766465	0.514630693453989	0.00575910175587427	"TC"	"<0.2"
"rs7084388"	0.764471553092451	0.0797681136582413	9.74082953647788e-05	"TC"	"<0.2"
"rs7084416"	5.02826040911222	11.0465868192615	0.606668018495754	"TC"	"0.6-0.8"
"rs7085490"	0.0409586076789064	0.837967586426209	0.00316284747400452	"TC"	"<0.2"
"rs7085606"	1.14508697769214	3.231259071177	0.276222273296138	"TC"	"0.2-0.4"
"rs7085863"	2.30803489723264	0.32003365775686	0.012437813861543	"TC"	"<0.2"
"rs7085913"	0.00130484168834428	0.0818249225099297	1.75245200223006e-05	"TC"	"<0.2"
"rs7085994"	0.694648630553376	0.121043553130143	0.00255611631685548	"TC"	"<0.2"
"rs7086496"	2.06248210798265	2.64142180722634	0.252975945059639	"TC"	"0.2-0.4"
"rs7086627"	4.44977164694491	11.3452018317409	0.639670022812372	"TC"	"0.6-0.8"
"rs7086866"	0.505845405981557	1.07737210058912	0.00739835403278911	"TC"	"<0.2"
"rs7087704"	0.657577319177794	0.147020732813517	0.014802796309096	"TC"	"<0.2"
"rs7087728"	0.0835460514500749	0.631568064507161	0.0500201466549071	"TC"	"<0.2"
"rs7087827"	0.269217724333611	0.619665725613994	0.0636887728301825	"TC"	"<0.2"
"rs7087969"	0.263603497723358	0.619665725613994	0.0636887728301825	"TC"	"<0.2"
"rs7088374"	2.87614835903291	4.72403941720609	0.237382965875212	"TC"	"0.2-0.4"
"rs7088400"	2.5543957967264	4.72403941720609	0.237382965875212	"TC"	"0.2-0.4"
"rs7088704"	0.24184537803261	1.89371728823729	0.109808909511357	"TC"	"<0.2"
"rs7089003"	3.14086170270547	9.18326832365478	0.396413200783626	"TC"	"0.2-0.4"
"rs7089058"	1.64206515299955	9.76630095252618	0.420217767903894	"TC"	"0.4-0.6"
"rs7089598"	0.764471553092451	0.0797681136582413	9.74082953647788e-05	"TC"	"<0.2"
"rs7089872"	0.906578314837765	0.843220739621824	0.0418146896264026	"TC"	"<0.2"
"rs7090145"	1.13018179202067	0.0674039803706177	0.00626536247232623	"TC"	"<0.2"
"rs7090217"	0.575118363368933	3.37490475058419	0.045204078862589	"TC"	"<0.2"
"rs7090351"	2.78781239559604	9.30834837322808	0.401261576828224	"TC"	"0.4-0.6"
"rs7090369"	1.26680273489343	0.275251580191576	0.00261529476056581	"TC"	"<0.2"
"rs7090612"	1.34582345812204	0.000688467869952259	0.00626536247232623	"TC"	"<0.2"
"rs7090863"	0.0877779434675845	0.945279725474193	0.0500201466549071	"TC"	"<0.2"
"rs7091134"	0.283996656365201	0.619665725613994	0.0636887728301825	"TC"	"<0.2"
"rs7092237"	3.17069622716898	8.63840058307473	0.408568158315282	"TC"	"0.4-0.6"
"rs7092394"	0.11747546204512	1.44228712836295	0.0757513030398649	"TC"	"<0.2"
"rs7092609"	0.271646217978772	0.619665725613994	0.0636887728301825	"TC"	"<0.2"
"rs7093787"	1.05749589383192	2.2557234499524	0.0418150576010238	"TC"	"<0.2"
"rs7094314"	2.88605664769316	2.47605463546024	0.155392563218333	"TC"	"<0.2"
"rs7095318"	1.03905380426617	0.49854635283603	0.034886270172677	"TC"	"<0.2"
"rs7096348"	2.42829116819131	3.84687751076317	0.260724498165299	"TC"	"0.2-0.4"
"rs7096715"	2.06499684854635	5.05959558945658	0.304830382904653	"TC"	"0.2-0.4"
"rs7096757"	0.136677139879544	0.903813254935787	0.0556475630551797	"TC"	"<0.2"
"rs7097080"	0.0181813928293364	1.27993914783484	0.0325190466043463	"TC"	"<0.2"
"rs7097208"	1.60906489289662	0.681166892524023	0.000910490048908443	"TC"	"<0.2"
"rs7097297"	1.40011692792631	0.0295736188888087	0.00255611631685548	"TC"	"<0.2"
"rs7097564"	0.97469413473523	2.2557234499524	0.0408967857983183	"TC"	"<0.2"
"rs7097656"	9.90308998699194	20.4045522807741	0.987107533888708	"TC"	">=0.95"
"rs7097741"	0.448550002027125	3.32670901066249	0.252913397017424	"TC"	"0.2-0.4"
"rs7098414"	3.69250396208679	11.1477793185319	0.591250789533514	"TC"	"0.4-0.6"
"rs7098892"	0.756961951313706	0.0797681136582413	9.74082953647788e-05	"TC"	"<0.2"
"rs7098909"	0.0979971086492706	0.123688611364543	0.0278366033450656	"TC"	"<0.2"
"rs7099231"	0.00921730819686218	0.0818249225099297	1.75245200223006e-05	"TC"	"<0.2"
"rs7099331"	1.84466396253494	4.9341850905648	0.1567350826618	"TC"	"<0.2"
"rs7099612"	0.928117992693875	2.81733431688134	0.214158847918601	"TC"	"0.2-0.4"
"rs7100689"	4.85698519974591	12.2787072207788	0.656876670036188	"TC"	"0.6-0.8"
"rs7100769"	0.26440110030182	0.619665725613994	0.0636887728301825	"TC"	"<0.2"
"rs7100854"	0.638272163982407	0.0797681136582413	9.74082953647788e-05	"TC"	"<0.2"
"rs71481580"	1.01233373507373	0.186872889455006	0.0206075032425781	"TC"	"<0.2"
"rs71481596"	0.920818753952375	0.0723961252941651	0.0167842486034082	"TC"	"<0.2"
"rs71481597"	0.924453038607469	0.0723961252941651	0.0167842486034082	"TC"	"<0.2"
"rs71483308"	0.0310503190186574	0.388937662118808	0.00411204134884262	"TC"	"<0.2"
"rs71483311"	2.91721462968355	4.04135681391548	0.277932837392545	"TC"	"0.2-0.4"
"rs71483314"	0.371611069949688	0.0174972049811236	0.00152749244928016	"TC"	"<0.2"
"rs71483318"	0.531652669587843	0.392042344026402	0.00997062895573504	"TC"	"<0.2"
"rs71501376"	0.35359627377693	2.50182044366587	0.156008415495256	"TC"	"<0.2"
"rs720262"	0.148130399270234	0.290134988416301	0.00159237046397177	"TC"	"<0.2"
"rs72805703"	0.667561540084395	0.0413448719678353	0.0111327836122536	"TC"	"<0.2"
"rs72805704"	0.782516055786094	0.0413448719678353	0.0111327836122536	"TC"	"<0.2"
"rs72805707"	0.779891911959945	0.0413448719678353	0.0111327836122536	"TC"	"<0.2"
"rs72805708"	0.730487055782084	0.0413448719678353	0.0111327836122536	"TC"	"<0.2"
"rs72805710"	0.844663962534938	0.101872933350834	0.0128026161323209	"TC"	"<0.2"
"rs72805711"	0.739928612014925	0.101872933350834	0.0119055065623031	"TC"	"<0.2"
"rs72805712"	3.1232050237993	0.827058637785759	0.0178871145342329	"TC"	"<0.2"
"rs72805713"	0.876148359032914	0.0930290693829786	0.0060019554806888	"TC"	"<0.2"
"rs72805715"	2.99139982823808	0.827058637785759	0.0178871145342329	"TC"	"<0.2"
"rs72805716"	0.671620396561262	0.130430366329859	0.0119724805478996	"TC"	"<0.2"
"rs72805718"	0.790484985457369	0.0930290693829786	0.0060019554806888	"TC"	"<0.2"
"rs72805720"	0.782516055786094	0.0930290693829786	0.0060019554806888	"TC"	"<0.2"
"rs72805722"	0.643974142806877	0.134782282355224	0.00734786317905254	"TC"	"<0.2"
"rs72805723"	1.97881070093006	1.4209461737553	0.00753569946964466	"TC"	"<0.2"
"rs72805726"	0.651695136951839	0.15769412367114	0.00734786317905254	"TC"	"<0.2"
"rs72805729"	0.698970004336019	0.134782282355224	0.00734786317905254	"TC"	"<0.2"
"rs72805736"	1.99567862621736	1.32538224253703	0.0080567522665227	"TC"	"<0.2"
"rs72805741"	1.93181413825384	1.45841202033273	0.00863420937083354	"TC"	"<0.2"
"rs72805745"	0.671620396561262	0.0166633390828672	0.00557350032027073	"TC"	"<0.2"
"rs72805746"	1.80687540164554	0.640084872700519	0.00701905763691958	"TC"	"<0.2"
"rs72805755"	0.309803919971486	0.0347818309148491	0.00364631940150486	"TC"	"<0.2"
"rs72805779"	0.102372908709559	0.782768809747486	0.000202113982908271	"TC"	"<0.2"
"rs72805780"	0.145693958198919	0.782768809747486	0.000683038029533469	"TC"	"<0.2"
"rs72805782"	0.1444808443322	0.782768809747486	0.000683038029533469	"TC"	"<0.2"
"rs72805795"	0.00348832784582135	0.262312893158673	6.83587855089591e-06	"TC"	"<0.2"
"rs72809528"	0.153044674980176	0.559859480586112	0.00225643824416713	"TC"	"<0.2"
"rs72809539"	0.229147988357856	0.559859480586112	0.00225643824416713	"TC"	"<0.2"
"rs72809544"	0.19586056766465	0.559859480586112	0.00138991541590912	"TC"	"<0.2"
"rs72809547"	0.224753740259764	0.559859480586112	0.00138991541590912	"TC"	"<0.2"
"rs72809554"	0.279840696594043	0.677817932102845	0.00138991541590912	"TC"	"<0.2"
"rs72809557"	0.0118871597316481	0.677817932102845	0.00138991541590912	"TC"	"<0.2"
"rs72809558"	0.273272790973428	0.677817932102845	0.00138991541590912	"TC"	"<0.2"
"rs72809559"	0.232102383981909	0.677817932102845	0.000778393104734412	"TC"	"<0.2"
"rs72813498"	0.337242168318426	0.677817932102845	0.00225643824416713	"TC"	"<0.2"
"rs72813499"	0.482804102050026	0.901906844718628	0.0130457912406236	"TC"	"<0.2"
"rs72815305"	0.34008379993015	0.869138964335565	0.0113466781141313	"TC"	"<0.2"
"rs72815310"	0.534617148551582	0.901906844718628	0.0139134427801982	"TC"	"<0.2"
"rs72815329"	0.0530567293021746	0.0788136411023258	0.0211773380783598	"TC"	"<0.2"
"rs72815334"	0.346787486224656	0.677817932102845	0.00225643824416713	"TC"	"<0.2"
"rs72815337"	0.0614802748235081	0.0788136411023258	0.0203777511754683	"TC"	"<0.2"
"rs72815345"	0.1791420105603	0.229672402595408	0.0246507592800736	"TC"	"<0.2"
"rs72817596"	0.0315170514460649	1.00771562489615	0.0352920642716285	"TC"	"<0.2"
"rs72819575"	1.55909091793478	4.13592105515266	0.132290154764829	"TC"	"<0.2"
"rs72819577"	1.71669877129645	0.0413448719678353	0.00771179708528108	"TC"	"<0.2"
"rs72819578"	1.68824613894425	0.0413448719678353	0.00771179708528108	"TC"	"<0.2"
"rs72819579"	1.72124639904717	0.0413448719678353	0.00771179708528108	"TC"	"<0.2"
"rs72819584"	0.860120913598763	0.0413448719678353	0.00846336297721061	"TC"	"<0.2"
"rs72819591"	1.26680273489343	0.0413448719678353	0.00811511681339633	"TC"	"<0.2"
"rs72819595"	1.37986394502624	0.0413448719678353	0.00889981276684971	"TC"	"<0.2"
"rs72819601"	1.39794000867204	0.0413448719678353	0.00889981276684971	"TC"	"<0.2"
"rs72821609"	1.34969247686806	0.0413448719678353	0.00970068497917939	"TC"	"<0.2"
"rs72821613"	0.422508200162775	0.25457073136859	0.000737044833676687	"TC"	"<0.2"
"rs72821616"	0.275724130399211	1.19869715681177	0.0128949402904375	"TC"	"<0.2"
"rs72824335"	0.812479279163537	0.25457073136859	0.000737044833676687	"TC"	"<0.2"
"rs72824337"	2.84163750790475	1.05891213643692	0.0277531600181153	"TC"	"<0.2"
"rs72824338"	2.88272870434424	1.05891213643692	0.0277531600181153	"TC"	"<0.2"
"rs72824340"	0.838631997765025	0.0413448719678353	0.0111327836122536	"TC"	"<0.2"
"rs72824341"	2.04527520902094	0.61404892983156	0.00490713187761205	"TC"	"<0.2"
"rs73294406"	0.610833915635468	0.474565151331591	0.00420826971789444	"TC"	"<0.2"
"rs73294445"	0.767003889607846	0.0797681136582413	9.74082953647788e-05	"TC"	"<0.2"
"rs73299582"	0.0467236633326956	0.247361620004575	0.0136433598434865	"TC"	"<0.2"
"rs73301414"	1.15676722190199	0.0295736188888087	0.00255611631685548	"TC"	"<0.2"
"rs73301418"	1.12726117252733	0.0295736188888087	0.00255611631685548	"TC"	"<0.2"
"rs73301467"	0.978810700930062	0.0295736188888087	0.00255611631685548	"TC"	"<0.2"
"rs73301483"	0.97469413473523	0.864355405705437	0.00255611631685548	"TC"	"<0.2"
"rs73303157"	0.761953896871205	0.592006091487676	0.00255611631685548	"TC"	"<0.2"
"rs73303174"	0.578396073130169	0.0474574571042732	0.00255611631685548	"TC"	"<0.2"
"rs73303199"	0.401209493236885	0.491227951729074	0.000208162714504779	"TC"	"<0.2"
"rs73305104"	0.51427857351842	0.105536058634459	0.00255611631685548	"TC"	"<0.2"
"rs73305106"	1.37161106994969	0.0208469494122442	0.00470386358869567	"TC"	"<0.2"
"rs73305108"	0.211831628858832	0.105536058634459	0.00255611631685548	"TC"	"<0.2"
"rs73305111"	2.12901118623942	0.558026942009221	0.0184164188673692	"TC"	"<0.2"
"rs73305113"	2.08460016478773	0.503701505498816	0.0146921005603707	"TC"	"<0.2"
"rs73305114"	1.95078197732982	0.503701505498816	0.0154566681590991	"TC"	"<0.2"
"rs73305115"	1.94692155651658	0.654526285381853	0.0162335461710087	"TC"	"<0.2"
"rs73305120"	2.0893755951108	0.654526285381853	0.0154566681590991	"TC"	"<0.2"
"rs73305122"	2.22841251911874	0.654526285381853	0.0146921005603707	"TC"	"<0.2"
"rs73305140"	1.98716277529483	0.807234678342382	0.0137470847115685	"TC"	"<0.2"
"rs73305142"	1.92081875395238	0.807234678342382	0.0137470847115685	"TC"	"<0.2"
"rs73305144"	1.92081875395238	0.807234678342382	0.0137470847115685	"TC"	"<0.2"
"rs73305195"	1.11520463605102	1.12959609472097	0.0217117651831872	"TC"	"<0.2"
"rs73307107"	0.0931264652779296	0.686122238630569	0.000645825505429471	"TC"	"<0.2"
"rs73309230"	1.03668448861389	0.745401173579604	0.010843572880277	"TC"	"<0.2"
"rs73309245"	0.832682665251824	0.6335789107113	0.00380917303817025	"TC"	"<0.2"
"rs73311213"	0.313363730737707	0.65589866348718	0.00074667059766642	"TC"	"<0.2"
"rs73311221"	0.430626090384954	0.334446211864166	0.00366385574791213	"TC"	"<0.2"
"rs73311272"	0.115771230367396	0.566303754431479	0.00255611631685548	"TC"	"<0.2"
"rs73311273"	0.235823867609669	0.566303754431479	0.00255611631685548	"TC"	"<0.2"
"rs7358283"	0.202732459169284	0.718718859997318	0.00900797066050162	"TC"	"<0.2"
"rs74143116"	1.17327747983101	0.497313473379138	0.00738768345650718	"TC"	"<0.2"
"rs74143117"	0.280668713016273	1.11077507633695	0.000208162714504779	"TC"	"<0.2"
"rs74143119"	0.261219441515631	0.72933280729507	0.000208162714504779	"TC"	"<0.2"
"rs74143132"	1.32790214206428	0.282158974217376	0.0066846372919217	"TC"	"<0.2"
"rs74143134"	0.471083299722345	1.00476287171127	0.00255611631685548	"TC"	"<0.2"
"rs74143136"	0.493494967595128	1.00476287171127	0.00255611631685548	"TC"	"<0.2"
"rs74143168"	1.57186520597121	0.884835659660359	0.0209205286928937	"TC"	"<0.2"
"rs74143174"	1.54975089168064	0.65506765057959	0.000910490048908443	"TC"	"<0.2"
"rs74143175"	1.50723961097316	0.65506765057959	0.000910490048908443	"TC"	"<0.2"
"rs74143176"	1.37365963262496	0.65506765057959	0.000910490048908443	"TC"	"<0.2"
"rs74143200"	0.210419287835575	0.423694362479866	0.00772357673445394	"TC"	"<0.2"
"rs74235055"	0.282329496997738	0.375789088903505	0.000208162714504779	"TC"	"<0.2"
"rs74344040"	1.66354026615147	0.0413448719678353	0.00846336297721061	"TC"	"<0.2"
"rs74356625"	0.330683119433888	0.401156987254484	0.00262354954430764	"TC"	"<0.2"
"rs74500319"	0.200659450546418	0.292882236659578	0.0023799264715639	"TC"	"<0.2"
"rs74685750"	0.258060922270801	0.140697746944741	0.00581335315380711	"TC"	"<0.2"
"rs74702152"	1.25026368443094	0.113380133723061	0.00626536247232623	"TC"	"<0.2"
"rs7474754"	0.769551078621726	0.0797681136582413	9.74082953647788e-05	"TC"	"<0.2"
"rs74751373"	0.856985199745905	0.702478033487252	0.0419679367096179	"TC"	"<0.2"
"rs7476005"	0.226213555018806	0.0797681136582413	0.000401699581658661	"TC"	"<0.2"
"rs7476007"	0.338187314462739	0.0797681136582413	9.74082953647788e-05	"TC"	"<0.2"
"rs7476139"	0.583359492661719	1.16968148618986	0.0199977799158712	"TC"	"<0.2"
"rs74924000"	1.37059040089728	1.41189307612839	0.00704037464375467	"TC"	"<0.2"
"rs74949038"	0.180456064458131	0.805280353350868	0.0198461310336818	"TC"	"<0.2"
"rs74949841"	1.89619627904404	0.531824057686701	0.0157993940458804	"TC"	"<0.2"
"rs75089768"	1.99139982823808	0.558026942009221	0.0154566681590991	"TC"	"<0.2"
"rs75098823"	2.33161408331	0.32003365775686	0.012437813861543	"TC"	"<0.2"
"rs75155642"	0.0535477349869269	0.193431370695817	0.00251083204068066	"TC"	"<0.2"
"rs75181364"	0.991399828238082	0.843220739621824	0.0418146896264026	"TC"	"<0.2"
"rs75183035"	0.0893755951107988	0.186365645189187	0.000208162714504779	"TC"	"<0.2"
"rs75226706"	1.12901118623942	0.0674039803706177	0.00626536247232623	"TC"	"<0.2"
"rs75247933"	1.0096611452124	0.49854635283603	0.034886270172677	"TC"	"<0.2"
"rs75307965"	0.126098402135539	0.923687312023142	0.00059840855007521	"TC"	"<0.2"
"rs75323073"	0.115204636051019	0.0803660526114613	0.017885572788959	"TC"	"<0.2"
"rs75379066"	0.133122185662501	2.08357026733267	0.00612042840633249	"TC"	"<0.2"
"rs75401701"	0.665546248849069	0.31397897002955	2.20992182739789e-05	"TC"	"<0.2"
"rs75419717"	1.73282827159699	0.417921857684629	0.0141511931407551	"TC"	"<0.2"
"rs75442315"	0.826813731587726	0.640175896703905	0.0136556910009717	"TC"	"<0.2"
"rs75456003"	0.0291883891274822	0.483913033554755	0.000787547620546976	"TC"	"<0.2"
"rs75474894"	0.329754146925876	0.187542557711997	0.000357937246903726	"TC"	"<0.2"
"rs75503642"	1.60032627851896	0.0413448719678353	0.00771179708528108	"TC"	"<0.2"
"rs75549923"	0.468521082957745	0.119075562485052	0.00255611631685548	"TC"	"<0.2"
"rs756208"	0.913640169325252	8.38756053761708	0.376657279918274	"TC"	"0.2-0.4"
"rs75702394"	0.610833915635468	0.769632835866302	0.0291937100668115	"TC"	"<0.2"
"rs75726624"	1.47366072261016	0.65506765057959	0.000910490048908443	"TC"	"<0.2"
"rs75808472"	1.80410034759077	0.417921857684629	0.0157993940458804	"TC"	"<0.2"
"rs75841224"	0.440093374963887	0.487352952580084	0.0126657313558333	"TC"	"<0.2"
"rs75880892"	1.47108329972235	0.65506765057959	0.000910490048908443	"TC"	"<0.2"
"rs75907892"	1.62342304294349	0.0413448719678353	0.00771179708528108	"TC"	"<0.2"
"rs75909911"	1.83564714421556	0.122673007422981	0.0180127523921373	"TC"	"<0.2"
"rs75935286"	1.67571754470231	0.0413448719678353	0.00771179708528108	"TC"	"<0.2"
"rs759873"	0.149966742310231	0.206303885596209	0.000350530335921853	"TC"	"<0.2"
"rs76038438"	0.614393726401688	0.0955652414063802	0.00255611631685548	"TC"	"<0.2"
"rs76080317"	0.0273344077338891	0.0468266874943353	0.00557350032027073	"TC"	"<0.2"
"rs76143299"	1.17522353752445	0.0674039803706177	0.00626536247232623	"TC"	"<0.2"
"rs76152102"	0.226945306635737	0.805296996068177	0.000208162714504779	"TC"	"<0.2"
"rs76200242"	0.728158393463501	0.636668239832609	0.00255611631685548	"TC"	"<0.2"
"rs76262927"	3.19044028536473	1.11184073242763	0.0161702301077218	"TC"	"<0.2"
"rs76298292"	1.38090666937326	1.41189307612839	0.00704037464375467	"TC"	"<0.2"
"rs76371919"	0.411168274405793	2.22446600620079	0.0335738761156051	"TC"	"<0.2"
"rs76387506"	0.5016894462104	0.569970118586033	0.0024453809645195	"TC"	"<0.2"
"rs76411982"	0.180456064458131	0.434789929300188	0.00738768345650718	"TC"	"<0.2"
"rs76442860"	0.104025267640935	0.0168520157808536	0.0187430338470653	"TC"	"<0.2"
"rs76508758"	0.109578981199086	0.0803660526114613	0.0193560912257174	"TC"	"<0.2"
"rs76558489"	0.0958256317158365	0.229672402595408	0.0255047300578984	"TC"	"<0.2"
"rs76560809"	1.1511952989482	0.0674039803706177	0.00626536247232623	"TC"	"<0.2"
"rs76589414"	1.73518217699046	0.417921857684629	0.0141511931407551	"TC"	"<0.2"
"rs76656360"	0.621602099051862	0.301127288525135	0.00238224179563534	"TC"	"<0.2"
"rs76698922"	0.96657624451305	0.843220739621824	0.0418146896264026	"TC"	"<0.2"
"rs76776628"	1.74232142513082	0.461218970218154	0.0180127523921373	"TC"	"<0.2"
"rs76779124"	0.530177984021837	0.21898894725188	0.00130255749807372	"TC"	"<0.2"
"rs76786147"	0.254144804826271	0.455681377994196	0.000738706885048806	"TC"	"<0.2"
"rs76820872"	1.73282827159699	0.417921857684629	0.0141511931407551	"TC"	"<0.2"
"rs76823730"	0.442492798094342	0.266988212618979	0.00117321540278025	"TC"	"<0.2"
"rs769380"	0.338187314462739	0.373302487601351	0.00490491047606603	"TC"	"<0.2"
"rs76941332"	0.218963061378868	0.559859480586112	0.00138991541590912	"TC"	"<0.2"
"rs76986874"	2.93930215964639	0.354653394877749	0.00289737226049849	"TC"	"<0.2"
"rs76995205"	0.00348832784582135	1.17507793025373	0.000865451406652525	"TC"	"<0.2"
"rs77000305"	0.11069829749369	0.0803660526114613	0.017885572788959	"TC"	"<0.2"
"rs77096864"	0.511449283499556	1.00476287171127	0.00255611631685548	"TC"	"<0.2"
"rs77118199"	0.448550002027125	0.0955652414063802	0.00255611631685548	"TC"	"<0.2"
"rs77129501"	1.74232142513082	0.417921857684629	0.0149693465515641	"TC"	"<0.2"
"rs77161010"	0.253365801062421	0.579806527970848	0.0347483525321293	"TC"	"<0.2"
"rs77164637"	0.453457336521869	0.543858764842309	0.00243306265076783	"TC"	"<0.2"
"rs77244906"	1.70774392864352	0.0413448719678353	0.00846336297721061	"TC"	"<0.2"
"rs77269295"	0.627087997029894	0.855702957580722	0.00010140077110354	"TC"	"<0.2"
"rs77270459"	1.35556141053216	0.113380133723061	0.00626536247232623	"TC"	"<0.2"
"rs77293309"	0.954677021213343	0.863260413063794	0.0418146896264026	"TC"	"<0.2"
"rs77349870"	0.145086977692144	0.256162678154957	0.00201961793343216	"TC"	"<0.2"
"rs77374007"	0.573488738635425	0.152118386097317	0.00559762741190039	"TC"	"<0.2"
"rs77394033"	0.10790539730952	0.0803660526114613	0.0202280193364451	"TC"	"<0.2"
"rs77417851"	1.1232050237993	0.0674039803706177	0.00626536247232623	"TC"	"<0.2"
"rs77545021"	2.46980030179692	0.32003365775686	0.0131696516912621	"TC"	"<0.2"
"rs77564921"	0.94692155651658	0.863260413063794	0.0418146896264026	"TC"	"<0.2"
"rs77585901"	0.79317412396815	0.848942880792422	9.51136940779527e-05	"TC"	"<0.2"
"rs77745801"	0.039529222465701	1.06956142470511	0.00598498016662126	"TC"	"<0.2"
"rs77810325"	1.19586056766465	1.46801172442505	0.00511500416727283	"TC"	"<0.2"
"rs77824090"	0.157390760389438	0.41623349926672	6.17244061654909e-06	"TC"	"<0.2"
"rs77868607"	0.0291883891274822	0.253247514732858	0.000787547620546976	"TC"	"<0.2"
"rs77945229"	0.325138859262188	0.887710110296799	0.000208162714504779	"TC"	"<0.2"
"rs77956036"	0.080398976215889	0.120345118300793	0.00266989023656101	"TC"	"<0.2"
"rs77958190"	1.7281583934635	0.417921857684629	0.0141511931407551	"TC"	"<0.2"
"rs77993680"	1.54211810326601	0.00364464945380563	0.00846336297721061	"TC"	"<0.2"
"rs78029190"	1.18842499412941	0.0674039803706177	0.00626536247232623	"TC"	"<0.2"
"rs78077741"	1.35654732351381	1.41189307612839	0.00704037464375467	"TC"	"<0.2"
"rs78097142"	1.25884840114821	2.72365770069622	0.120661459909598	"TC"	"<0.2"
"rs78227559"	1.08512818245995	0.581367312645935	0.0086475574097811	"TC"	"<0.2"
"rs78263418"	0.752026733638193	0.848942880792422	1.17434098752167e-06	"TC"	"<0.2"
"rs78368710"	0.168130225719498	0.274205120447635	0.0200282803182381	"TC"	"<0.2"
"rs78429616"	0.300162274132754	0.0411290181737439	0.021348920394961	"TC"	"<0.2"
"rs78607715"	0.178486471595227	0.441356218559022	0.000738706885048806	"TC"	"<0.2"
"rs78680144"	1.29413628771608	1.03975380077951	0.0132546335098646	"TC"	"<0.2"
"rs78741120"	1.13608262304214	0.707208038667663	0.0076518922318608	"TC"	"<0.2"
"rs78829712"	0.254925208417943	0.311865945209089	0.0014959398205702	"TC"	"<0.2"
"rs7894153"	1.01547268665621	1.3075346874989	0.01674598633925	"TC"	"<0.2"
"rs7894899"	0.218244625347531	0.00158197250826787	0.0233297680626217	"TC"	"<0.2"
"rs7894923"	0.290730039024169	0.260490945331702	0.000578194242264197	"TC"	"<0.2"
"rs7895042"	1.56863623584101	9.76630095252618	0.422453445616957	"TC"	"0.4-0.6"
"rs7895125"	1.24718356881173	0.860712964526515	0.0198091007426717	"TC"	"<0.2"
"rs78951791"	0.196542884351586	0.441356218559022	0.000738706885048806	"TC"	"<0.2"
"rs7895413"	3.13727247168203	0.827058637785759	0.0178871145342329	"TC"	"<0.2"
"rs7895661"	0.180456064458131	1.05074567057541	0.0232685392556462	"TC"	"<0.2"
"rs7895779"	1.89962945488244	2.88044720233288	0.213912544612076	"TC"	"0.2-0.4"
"rs7896067"	0.0400051616715838	0.605004041083836	0.00162078427950414	"TC"	"<0.2"
"rs7896832"	9.85387196432176	20.4045522807741	0.987107533888708	"TC"	">=0.95"
"rs7897591"	0.342944147142896	0.619665725613994	0.0617628884970156	"TC"	"<0.2"
"rs7897652"	0.40340290437354	0.296166307517955	0.00182461478863089	"TC"	"<0.2"
"rs7897697"	1.05403929642243	1.3075346874989	0.01674598633925	"TC"	"<0.2"
"rs7897708"	2.06398920428479	0.65506765057959	0.000910490048908443	"TC"	"<0.2"
"rs7897994"	3.16941133131486	9.18326832365478	0.396413200783626	"TC"	"0.2-0.4"
"rs7898558"	0.302770657240282	1.29104824234667	0.0561593725752938	"TC"	"<0.2"
"rs7898568"	0.168770306132937	1.29104824234667	0.0561593725752938	"TC"	"<0.2"
"rs7898787"	2.83268266525182	4.72403941720609	0.238510949329467	"TC"	"0.2-0.4"
"rs7899513"	2.52724355068279	4.87726655456901	0.229625504908745	"TC"	"0.2-0.4"
"rs7899790"	0.0231916626619338	0.166334085447516	0.00013873886066511	"TC"	"<0.2"
"rs7900536"	9.93181413825384	20.4045522807741	0.987107533888708	"TC"	">=0.95"
"rs7900843"	0.35359627377693	0.67395308197069	0.00120118252848935	"TC"	"<0.2"
"rs7900931"	0.251037138743839	0.287065911785976	0.0222298405838237	"TC"	"<0.2"
"rs7900954"	0.500312917381596	0.428158455036695	0.000645825505429471	"TC"	"<0.2"
"rs7901404"	1.5185573714977	2.97777789549229	0.201851824181441	"TC"	"0.2-0.4"
"rs7902071"	2.83863199776503	4.87726655456901	0.23885722487625	"TC"	"0.2-0.4"
"rs7902355"	0.428291168191312	1.37757665401361	0.0834005179014591	"TC"	"<0.2"
"rs7902939"	2.97881070093006	2.08191826425289	0.155392563218333	"TC"	"<0.2"
"rs7903701"	3.14569395819892	9.18326832365478	0.396413200783626	"TC"	"0.2-0.4"
"rs7903798"	0.571865205971211	0.718244167803752	0.0241890762681135	"TC"	"<0.2"
"rs79040756"	1.21681130892474	0.0674039803706177	0.00626536247232623	"TC"	"<0.2"
"rs7904536"	0.0798766737092761	0.0130706946751978	4.27240828262425e-07	"TC"	"<0.2"
"rs7904557"	3	2.08191826425289	0.155392563218333	"TC"	"<0.2"
"rs7904697"	0.401209493236885	0.387774729648613	0.0507168870659784	"TC"	"<0.2"
"rs79048666"	0.659555885159882	0.296113916811072	0.00468981995213702	"TC"	"<0.2"
"rs7904867"	0.958607314841775	0.461239067314415	6.7943533129394e-05	"TC"	"<0.2"
"rs7904935"	0.46344155742847	0.0308940757509243	0.0224262003126975	"TC"	"<0.2"
"rs7905249"	0.0163737128754655	0.653312630192283	0.00249274616954301	"TC"	"<0.2"
"rs7905288"	3.28650945690606	1.58050025233203	0.0175895702739395	"TC"	"<0.2"
"rs7905891"	1.03668448861389	3.6080227781931	0.17375232165385	"TC"	"<0.2"
"rs7906131"	1.03385826726097	3.6080227781931	0.17375232165385	"TC"	"<0.2"
"rs79064644"	0.11069829749369	0.117203472839726	0.0171028826944395	"TC"	"<0.2"
"rs7906605"	1.02365002099673	1.3075346874989	0.01674598633925	"TC"	"<0.2"
"rs7906736"	2.1944991418416	9.69561719751093	0.451595993767578	"TC"	"0.4-0.6"
"rs7907224"	0.602059991327962	1.53168221443509	0.0951758670446034	"TC"	"<0.2"
"rs7907575"	3.08777794346758	4.87726655456901	0.23885722487625	"TC"	"0.2-0.4"
"rs7907770"	1.31695296176115	0.865262051854457	0.0813955532239531	"TC"	"<0.2"
"rs7908544"	0.638272163982407	0.0595427863633833	0.000147809652135727	"TC"	"<0.2"
"rs7908701"	0.684029654543082	0.0710641761602415	9.68324160782956e-05	"TC"	"<0.2"
"rs7909061"	0.00656376950238827	0.033479539852754	0.000168512947842558	"TC"	"<0.2"
"rs7909966"	0.301029995663981	0.619665725613994	0.0636887728301825	"TC"	"<0.2"
"rs7910595"	0.244887733604929	0.58856212978817	0.00110500129334594	"TC"	"<0.2"
"rs7910643"	9.94309514866353	20.4045522807741	0.987107533888708	"TC"	">=0.95"
"rs7911454"	0.714442690992226	0.147020732813517	0.014802796309096	"TC"	"<0.2"
"rs7912008"	2.84163750790475	4.73338264417867	0.23885722487625	"TC"	"0.2-0.4"
"rs7912629"	2.98716277529483	2.08191826425289	0.155392563218333	"TC"	"<0.2"
"rs7913282"	0.087246696328677	0.142243067543573	0.000384147895707218	"TC"	"<0.2"
"rs7914156"	2.08354605145008	9.31247638946903	0.37286748901672	"TC"	"0.2-0.4"
"rs7914246"	0.42021640338319	0.216520922404547	0.00121003232734623	"TC"	"<0.2"
"rs7914621"	2.54668165995296	4.87726655456901	0.229625504908745	"TC"	"0.2-0.4"
"rs7914650"	0.0931264652779296	0.327556691967202	0.0311165831619572	"TC"	"<0.2"
"rs79154216"	1.38510278396687	0.316248930468645	0.00846336297721061	"TC"	"<0.2"
"rs7915642"	1.05898575629443	2.2557234499524	0.0420376690938455	"TC"	"<0.2"
"rs7916349"	2.84466396253494	4.87726655456901	0.23885722487625	"TC"	"0.2-0.4"
"rs7916467"	0.590066876668706	0.863863110909874	0.00843094660263655	"TC"	"<0.2"
"rs7916618"	0.0904439707588247	0.0803660526114613	0.017885572788959	"TC"	"<0.2"
"rs7916858"	0.484126156288321	0.0212868742858442	0.000640055101676892	"TC"	"<0.2"
"rs7917136"	1.89279003035213	2.88044720233288	0.213912544612076	"TC"	"0.2-0.4"
"rs7917145"	1.91364016932525	2.88044720233288	0.213912544612076	"TC"	"0.2-0.4"
"rs7917419"	2.85078088734462	2.08191826425289	0.158490021571067	"TC"	"<0.2"
"rs7918509"	0	0.0818249225099297	1.75245200223006e-05	"TC"	"<0.2"
"rs79192278"	0.0376306643299789	0.129980808833985	0.000633091248726306	"TC"	"<0.2"
"rs79192970"	1.53610701101409	2.68432977808036	0.0288345481259277	"TC"	"<0.2"
"rs7919380"	3.1791420105603	9.18326832365478	0.396413200783626	"TC"	"0.2-0.4"
"rs7920037"	0.298432014944073	0.619665725613994	0.0636887728301825	"TC"	"<0.2"
"rs79207756"	0.476253533188436	0.653064444601374	0.00126668348206216	"TC"	"<0.2"
"rs7920944"	0.435333935747911	0.187426862570042	0.00013873886066511	"TC"	"<0.2"
"rs7922492"	1.0096611452124	1.3075346874989	0.01674598633925	"TC"	"<0.2"
"rs7922621"	9.89619627904404	20.4045522807741	0.987107533888708	"TC"	">=0.95"
"rs7923028"	1.40450377817443	2.75730455863665	0.201851824181441	"TC"	"0.2-0.4"
"rs7923366"	0.739928612014925	7.57170156612278	0.379387949328425	"TC"	"0.2-0.4"
"rs7923403"	0.0925886392254138	0.142243067543573	0.000461486436617162	"TC"	"<0.2"
"rs7923730"	1.02594909720712	1.3075346874989	0.01674598633925	"TC"	"<0.2"
"rs79246134"	1.57186520597121	0.65506765057959	0.000910490048908443	"TC"	"<0.2"
"rs79291416"	1.52432881167557	0.65506765057959	0.000910490048908443	"TC"	"<0.2"
"rs79372878"	2.67162039656126	0.32003365775686	0.0134086538885587	"TC"	"<0.2"
"rs79468664"	1.62893213772826	0.0413448719678353	0.00846336297721061	"TC"	"<0.2"
"rs79470528"	1.05256627811295	0.49854635283603	0.034886270172677	"TC"	"<0.2"
"rs79598430"	1.52578373592374	0.0413448719678353	0.00846336297721061	"TC"	"<0.2"
"rs79689805"	0.40340290437354	0.694691632135856	0.00613272995929454	"TC"	"<0.2"
"rs79808886"	0.0540392964224314	0.099256645800077	0.00426170364690466	"TC"	"<0.2"
"rs79819901"	2.07109230975605	3.20708117289253	0.234095211025029	"TC"	"0.2-0.4"
"rs79850083"	0.554395796726402	0.0955652414063802	0.00255611631685548	"TC"	"<0.2"
"rs79863649"	1.36351210364663	0.316248930468645	0.00846336297721061	"TC"	"<0.2"
"rs79906291"	0.00744648216786438	0.262312893158673	6.83587855089591e-06	"TC"	"<0.2"
"rs80007362"	0.18111458540599	0.271074300122799	2.64771187529487e-05	"TC"	"<0.2"
"rs80076998"	2.76700388960785	0.32003365775686	0.0117193913699997	"TC"	"<0.2"
"rs80099951"	0.218244625347531	0.559859480586112	0.00138991541590912	"TC"	"<0.2"
"rs80130113"	0.283162276700476	0.729335136020485	0.00255611631685548	"TC"	"<0.2"
"rs80189312"	1.58335949266172	1.10344347113614	0.0115542819185175	"TC"	"<0.2"
"rs80234129"	1.1180450286604	0.707208038667663	0.00738768345650718	"TC"	"<0.2"
"rs873257"	5.91721462968355	3.17071810329384	0.202594710202155	"TC"	"0.2-0.4"
"rs873258"	4.46344155742847	2.33942478078653	0.148701634972896	"TC"	"<0.2"
"rs873259"	5.91364016932525	3.17071810329384	0.202594710202155	"TC"	"0.2-0.4"
"rs873395"	0.856985199745905	8.38756053761708	0.376657279918274	"TC"	"0.2-0.4"
"rs878651"	0.335358024443875	0.844873567788185	0.0699284661662089	"TC"	"<0.2"
"rs878652"	0.651695136951839	0.921963904532272	0.0220878601675808	"TC"	"<0.2"
"rs882682"	5.50863830616573	3.14627563402157	0.222103259243336	"TC"	"0.2-0.4"
"rs9325452"	1.63827216398241	1.0257398379749	0.00762938990475722	"TC"	"<0.2"
"rs9325460"	0.429457060118103	0.0903953025525548	6.92600054950088e-05	"TC"	"<0.2"
"rs9420349"	0.844663962534938	7.6141078652876	0.374766127760853	"TC"	"0.2-0.4"
"rs9420359"	1.08565684288056	8.3058249216585	0.385876300433001	"TC"	"0.2-0.4"
"rs9420370"	2.46470587995723	9.31247638946903	0.370970591322728	"TC"	"0.2-0.4"
"rs9420491"	0.91721462968355	0.849903944046904	0.00343332530314428	"TC"	"<0.2"
"rs9420492"	0.333482019445119	0.77244235311436	0.00129888091012876	"TC"	"<0.2"
"rs9420494"	0.122628654130226	0.459297717672436	0.000689933727754989	"TC"	"<0.2"
"rs9420495"	1.16115090926274	0.898909674323499	0.00551326278095019	"TC"	"<0.2"
"rs9420496"	1.05453141486818	0.512513762434138	1.25034902663727e-06	"TC"	"<0.2"
"rs9420497"	1.00305075150462	0.376853091082554	0.0053732726353913	"TC"	"<0.2"
"rs9420499"	0.987162775294828	1.09807385167244	0.00613278491779649	"TC"	"<0.2"
"rs9420501"	0.505845405981557	1.1509548426627	0.00692010185045416	"TC"	"<0.2"
"rs9420502"	0.19586056766465	0.257724317172851	0.000308879427724451	"TC"	"<0.2"
"rs9421449"	1.88272870434424	0.122673007422981	0.0180127523921373	"TC"	"<0.2"
"rs9421450"	0.886056647693163	0.415565869080933	0.01686943243102	"TC"	"<0.2"
"rs9421464"	0.924453038607469	8.10327046124905	0.374766127760853	"TC"	"0.2-0.4"
"rs9421673"	0.294992040666664	0.687503177916613	0.00333787714199725	"TC"	"<0.2"
"rs9421678"	1.39685562737982	0.590381304758102	0.00447733077253918	"TC"	"<0.2"
"rs9421681"	0.152427340857888	0.306933786552045	0.00130749925851725	"TC"	"<0.2"
"rs9421682"	0.0400051616715838	0.212145084712752	0.00329616558006622	"TC"	"<0.2"
"rs9421683"	0.950781977329818	0.428849239890049	0.00593853047980608	"TC"	"<0.2"
"rs9421684"	0.632644078973981	0.341750999503298	0.00640956388126739	"TC"	"<0.2"
"rs9421690"	0.175874166083451	0.274542491765909	0.000308879427724451	"TC"	"<0.2"
"rs9421691"	0.114638779968488	0.529708610841531	0.00017807561962283	"TC"	"<0.2"
"rs9421693"	0.126098402135539	0.529708610841531	0.00026275358750176	"TC"	"<0.2"
"rs946889"	2.87614835903291	0.732152706436846	0.012437813861543	"TC"	"<0.2"
"rs946892"	3.14691047014813	9.18326832365478	0.396413200783626	"TC"	"0.2-0.4"
"rs946893"	0.866461091629783	8.32483872135799	0.380766122895907	"TC"	"0.2-0.4"
"rs9633739"	8.93930215964639	4.72432477391282	0.287758108085505	"TC"	"0.2-0.4"
"rs9633740"	10.0893755951108	19.777889883769	0.993524634828474	"TC"	">=0.95"
"rs9651483"	1.79588001734408	0.896473358382158	0.0166409434321569	"TC"	"<0.2"
"rs9663163"	1.61439372640169	9.76630095252618	0.420217767903894	"TC"	"0.4-0.6"
"rs9665686"	1.55129368009492	1.26754833810616	0.0837973819172986	"TC"	"<0.2"
"rs9703804"	2.44009337496389	9.31247638946903	0.370970591322728	"TC"	"0.2-0.4"
"rs9730767"	1.18111458540599	1.04387865267325	0.00762938990475722	"TC"	"<0.2"
"rs9804223"	3.00744648216786	9.18326832365478	0.396413200783626	"TC"	"0.2-0.4"
"rs9804233"	3.19382002601611	9.18326832365478	0.396413200783626	"TC"	"0.2-0.4"
"rs9804236"	3.02319166266193	9.18326832365478	0.396413200783626	"TC"	"0.2-0.4"
"rs9888061"	0.767003889607846	0.0518140221779264	8.16409491145678e-08	"TC"	"<0.2"
"rs9971172"	1.20760831050175	0.172166306108445	1.60595340597417e-06	"TC"	"<0.2"
"rs9971214"	0.531652669587843	0.0886170429056799	2.86883116821057e-06	"TC"	"<0.2"
"rs1001527"	0.338187314462739	0.494157060818106	1.42225767148056e-05	"LDL"	"<0.2"
"rs1007521"	0.301029995663981	0.0413448719678353	0.0111327836122536	"LDL"	"<0.2"
"rs1010245"	0.45717457304082	4.63793807459034	0.187326724545825	"LDL"	"<0.2"
"rs1010246"	0.228412519118745	1.81576581249045	0.0725163115184642	"LDL"	"<0.2"
"rs10160056"	0.821023052706831	2.89771726018474	0.112517397525422	"LDL"	"<0.2"
"rs10400045"	1.38615817812393	9.31247638946903	0.370970591322728	"LDL"	"0.2-0.4"
"rs10444009"	1.18708664335714	1.03332101356642	0.00769902234636871	"LDL"	"<0.2"
"rs10458743"	1.16241156176449	1.41189307612839	0.00704037464375467	"LDL"	"<0.2"
"rs10466235"	1.93930215964639	9.02402118719944	0.396839641591914	"LDL"	"0.2-0.4"
"rs10466236"	1.21538270736712	4.89507267171459	0.229625504908745	"LDL"	"0.2-0.4"
"rs1047951"	0.496209316942819	0.0674039803706177	0.00626536247232623	"LDL"	"<0.2"
"rs10509415"	0.392544976785331	0.0350924766469924	0.000892143451171604	"LDL"	"<0.2"
"rs1052631"	1.70774392864352	0.798389877796844	0.0158050356101063	"LDL"	"<0.2"
"rs1063161"	1.10902040301031	0.0425095620135659	0.027591277575724	"LDL"	"<0.2"
"rs10736340"	1.05354773498693	9.76630095252618	0.420217767903894	"LDL"	"0.4-0.6"
"rs10736342"	1.80134291304558	10.3313830181126	0.451595993767578	"LDL"	"0.4-0.6"
"rs10736343"	0.434152181326482	3.61537781154846	0.177093258088484	"LDL"	"<0.2"
"rs10736344"	2.14935376481693	9.18326832365478	0.396413200783626	"LDL"	"0.2-0.4"
"rs10736345"	2.14206473528057	9.18326832365478	0.396413200783626	"LDL"	"0.2-0.4"
"rs10736346"	2.14206473528057	9.18326832365478	0.396413200783626	"LDL"	"0.2-0.4"
"rs10736347"	2.14086170270547	9.18326832365478	0.396413200783626	"LDL"	"0.2-0.4"
"rs10736348"	2.04769199033787	9.30834837322808	0.401261576828224	"LDL"	"0.4-0.6"
"rs10736349"	2.03385826726097	9.30834837322808	0.401261576828224	"LDL"	"0.4-0.6"
"rs10736356"	2.04431224968649	9.30834837322808	0.393186055408957	"LDL"	"0.2-0.4"
"rs10736365"	0.289882634888184	4.04175442935887	0.17320086442336	"LDL"	"<0.2"
"rs10736366"	1.88605664769316	5.93686187345518	0.366446860113705	"LDL"	"0.2-0.4"
"rs10748526"	8.1157712303674	13.3799285211888	0.93210418807888	"LDL"	"0.8-0.95"
"rs10748557"	0.0958256317158365	0.264860385954381	0.000302444563716874	"LDL"	"<0.2"
"rs10749549"	0.742321425130815	3.55979800854091	0.171041198957812	"LDL"	"<0.2"
"rs10749550"	0.375717904164332	8.38756053761708	0.376657279918274	"LDL"	"0.2-0.4"
"rs10749551"	0.642065152999546	8.88090254489974	0.385876300433001	"LDL"	"0.2-0.4"
"rs10749559"	1.04000516167158	3.35020285405655	0.118087464218371	"LDL"	"<0.2"
"rs10749560"	1.39040559077478	9.31247638946903	0.370970591322728	"LDL"	"0.2-0.4"
"rs10749562"	0.97469413473523	9.76630095252618	0.422453445616957	"LDL"	"0.4-0.6"
"rs10749569"	2.13846558914096	9.58863454855172	0.396413200783626	"LDL"	"0.2-0.4"
"rs10749572"	1.45967052520913	4.6958327282756	0.232225116380786	"LDL"	"0.2-0.4"
"rs10749574"	1.65955588515988	9.69561719751093	0.451595993767578	"LDL"	"0.4-0.6"
"rs10749575"	1.45593195564972	4.6958327282756	0.232225116380786	"LDL"	"0.2-0.4"
"rs10749578"	1.74957999769111	10.447213798334	0.456673145334336	"LDL"	"0.4-0.6"
"rs10749579"	2.03810452633215	9.30834837322808	0.401261576828224	"LDL"	"0.4-0.6"
"rs10749581"	2.0395292224657	9.30834837322808	0.401261576828224	"LDL"	"0.4-0.6"
"rs10749584"	0.856985199745905	3.00426655190753	0.111518048785414	"LDL"	"<0.2"
"rs10749592"	1.27408836770495	4.69839060786383	0.229625504908745	"LDL"	"0.2-0.4"
"rs10749595"	2.00656376950239	9.80347839659941	0.480201982218575	"LDL"	"0.4-0.6"
"rs10749603"	2.57348873863542	3.37238633849435	0.20067030975559	"LDL"	"0.2-0.4"
"rs10749604"	2.68193666503724	1.4160908344045	0.0864478290803583	"LDL"	"<0.2"
"rs10749608"	6.00744648216787	7.92092010115579	0.467090884948568	"LDL"	"0.4-0.6"
"rs10749609"	8.67778070526608	18.2437207530632	0.974688577276089	"LDL"	">=0.95"
"rs10749610"	7.10292299679058	4.21652664243157	0.289116916627788	"LDL"	"0.2-0.4"
"rs10785884"	4.20411998265593	3.14627563402157	0.218351854391412	"LDL"	"0.2-0.4"
"rs10785897"	7.03574036980315	4.47881482667623	0.292410093590186	"LDL"	"0.2-0.4"
"rs10785965"	0.00348832784582135	0.28972181485972	0.0235400320791192	"LDL"	"<0.2"
"rs10785982"	0.149353764816934	0.771450795176077	0.000671132330614084	"LDL"	"<0.2"
"rs10786002"	0.166852888087215	0.0677033377535229	0.00173768711281599	"LDL"	"<0.2"
"rs10786020"	0.684029654543082	0.0797681136582413	9.74082953647788e-05	"LDL"	"<0.2"
"rs10788541"	0.458420756053419	8.37276424638169	0.375759301425193	"LDL"	"0.2-0.4"
"rs10788544"	0.22767829327708	1.81576581249045	0.0725163115184642	"LDL"	"<0.2"
"rs10788545"	0.379863945026243	8.38756053761708	0.376657279918274	"LDL"	"0.2-0.4"
"rs10788546"	0.543633966870957	6.88943048991387	0.338698415685062	"LDL"	"0.2-0.4"
"rs10788549"	0.397940008672038	2.61337620387492	0.136291791487081	"LDL"	"<0.2"
"rs10788554"	0.889410289700751	3.16369867585535	0.121258038969414	"LDL"	"<0.2"
"rs10788562"	1.65169513695184	9.31247638946903	0.363090376680328	"LDL"	"0.2-0.4"
"rs10788563"	1.11463877996849	3.35020285405655	0.118087464218371	"LDL"	"<0.2"
"rs10788570"	0.85078088734462	3.05077495899086	0.117644229655627	"LDL"	"<0.2"
"rs10788571"	0.7594507517174	3.35020285405655	0.115733813031399	"LDL"	"<0.2"
"rs10788576"	1.2298847052129	9.31247638946903	0.37286748901672	"LDL"	"0.2-0.4"
"rs10788579"	0.856985199745905	3.35020285405655	0.115733813031399	"LDL"	"<0.2"
"rs10788586"	1.86012091359876	9.18326832365478	0.396413200783626	"LDL"	"0.2-0.4"
"rs10788588"	0.906578314837765	2.89771726018474	0.112517397525422	"LDL"	"<0.2"
"rs10788603"	1.22475374025976	4.72341872383242	0.229625504908745	"LDL"	"0.2-0.4"
"rs10788619"	0.2518119729938	4.04175442935887	0.173030716856869	"LDL"	"<0.2"
"rs10788620"	0.617982957425132	2.99877701316314	0.145660776239712	"LDL"	"<0.2"
"rs10788622"	0.657577319177794	2.69467658109766	0.1469784098276	"LDL"	"<0.2"
"rs10788623"	0.357535479757879	2.07341731707927	0.198145279485821	"LDL"	"<0.2"
"rs10788625"	0.596879478824182	2.69467658109766	0.1469784098276	"LDL"	"<0.2"
"rs10788626"	0.647817481888638	2.88044720233288	0.213912544612076	"LDL"	"0.2-0.4"
"rs10788627"	0.636388020107856	3.12358469272143	0.213912544612076	"LDL"	"0.2-0.4"
"rs10788630"	0.872895201635192	2.94220081397066	0.234095211025029	"LDL"	"0.2-0.4"
"rs10788640"	1.73282827159699	2.09655295261766	0.144144111202481	"LDL"	"<0.2"
"rs10881600"	6.68402965454308	4.21652664243157	0.287758108085505	"LDL"	"0.2-0.4"
"rs10881776"	2.23210238398191	3.85364246931395	0.302366918053475	"LDL"	"0.2-0.4"
"rs10881799"	1.31158017799729	0.420962201282934	2.50808840229876e-07	"LDL"	"<0.2"
"rs10881806"	0.438898616350944	2.33383502714047	0.0238753128855341	"LDL"	"<0.2"
"rs10881815"	0.400116927926312	3.36403497584204	0.036348809071621	"LDL"	"<0.2"
"rs10881816"	0.585026652029182	2.45895021906863	0.0330668755625594	"LDL"	"<0.2"
"rs10881857"	0.94692155651658	0.0495309663947341	0.0139035448403502	"LDL"	"<0.2"
"rs10881906"	0.764471553092451	0.417259574787052	0.00265236431727307	"LDL"	"<0.2"
"rs10881912"	1.3585258894959	0.145601035195598	0.00115101297611995	"LDL"	"<0.2"
"rs10881916"	0.58838029403677	0.325359276023088	0.000321106436360573	"LDL"	"<0.2"
"rs10881952"	0.166852888087215	0.075789999774844	0.000171939541998546	"LDL"	"<0.2"
"rs10881953"	0.361510743045363	0.0797681136582413	9.74082953647788e-05	"LDL"	"<0.2"
"rs10881984"	0.686132779630847	0.0797681136582413	9.74082953647788e-05	"LDL"	"<0.2"
"rs10882008"	0.274088367704952	0.0369983904244862	0.000667972674324001	"LDL"	"<0.2"
"rs10882011"	0.747146969020107	0.310666274010612	0.00207669415209219	"LDL"	"<0.2"
"rs10887701"	0.0315170514460649	3.49958375019749	0.14537415169423	"LDL"	"<0.2"
"rs10887705"	0.0506099933550872	3.40823218282447	0.143551755020569	"LDL"	"<0.2"
"rs10887706"	0.735182176990464	1.16968148618986	0.0199977799158712	"LDL"	"<0.2"
"rs10887708"	0.229147988357856	1.81576581249045	0.0725163115184642	"LDL"	"<0.2"
"rs10887710"	0.235077015350112	1.6490855410261	0.0568150635758904	"LDL"	"<0.2"
"rs10887711"	0.54821356447571	6.88943048991387	0.338698415685062	"LDL"	"0.2-0.4"
"rs10887718"	0.536107011014093	4.11345569634589	0.229480717084185	"LDL"	"0.2-0.4"
"rs10887736"	0.749579997691106	9.76630095252618	0.420217767903894	"LDL"	"0.4-0.6"
"rs10887739"	1.39254497678533	9.31247638946903	0.370970591322728	"LDL"	"0.2-0.4"
"rs10887761"	0.488116639021126	3.61537781154846	0.171783949575164	"LDL"	"<0.2"
"rs10887798"	1.43533393574791	9.18326832365478	0.399227748355551	"LDL"	"0.2-0.4"
"rs10887808"	2.02410886359821	9.18326832365478	0.397264421378555	"LDL"	"0.2-0.4"
"rs10887825"	2.02872415126189	9.30834837322808	0.401261576828224	"LDL"	"0.4-0.6"
"rs10887826"	1.27327279097343	4.79658360115356	0.229625504908745	"LDL"	"0.2-0.4"
"rs10887828"	1.4145392704915	4.87726655456901	0.242021643331153	"LDL"	"0.2-0.4"
"rs10887838"	1.59687947882418	10.4486427264773	0.469393624865787	"LDL"	"0.4-0.6"
"rs10887847"	0.575118363368933	3.70254371096075	0.139474062428119	"LDL"	"<0.2"
"rs10887865"	0.643974142806877	3.1670404213428	0.148202844484406	"LDL"	"<0.2"
"rs10887868"	0.596879478824182	3.07757870651929	0.148202844484406	"LDL"	"<0.2"
"rs10887869"	0.903089986991944	5.37132504073736	0.307960102398409	"LDL"	"0.2-0.4"
"rs10887871"	0.595166283380062	3.2530787012421	0.145660776239712	"LDL"	"<0.2"
"rs10887872"	0.677780705266081	3.92064868858259	0.171241678039859	"LDL"	"<0.2"
"rs10887873"	0.600326278518962	3.2530787012421	0.148920230511854	"LDL"	"<0.2"
"rs10887880"	1.14874165128092	3.20708117289253	0.234095211025029	"LDL"	"0.2-0.4"
"rs10887884"	1.14996674231023	3.20708117289253	0.234095211025029	"LDL"	"0.2-0.4"
"rs10887894"	0.485452247339714	3.231259071177	0.276222273296138	"LDL"	"0.2-0.4"
"rs10887895"	0.485452247339714	3.231259071177	0.276222273296138	"LDL"	"0.2-0.4"
"rs10887896"	0.496209316942819	3.231259071177	0.271950652745491	"LDL"	"0.2-0.4"
"rs10887898"	1.03198428600636	2.90453075755126	0.237285982900882	"LDL"	"0.2-0.4"
"rs10887899"	0.503070351926785	3.231259071177	0.271950652745491	"LDL"	"0.2-0.4"
"rs10887900"	0.486782399932061	3.231259071177	0.276222273296138	"LDL"	"0.2-0.4"
"rs10887901"	0.537602002101044	3.231259071177	0.275007022016137	"LDL"	"0.2-0.4"
"rs10887902"	0.539102157243452	3.231259071177	0.275007022016137	"LDL"	"0.2-0.4"
"rs10887903"	0.482804102050026	3.231259071177	0.275007022016137	"LDL"	"0.2-0.4"
"rs10887914"	0.539102157243452	3.57425715959529	0.286476842256746	"LDL"	"0.2-0.4"
"rs10887933"	2.23657200643706	3.08551139710121	0.202278598882496	"LDL"	"0.2-0.4"
"rs10887949"	1.62708799702989	1.04582650061097	0.0922720878352723	"LDL"	"<0.2"
"rs111391217"	0.835647144215563	0.497313473379138	0.00738768345650718	"LDL"	"<0.2"
"rs111397159"	0.0472075569559079	0.0226262569416014	0.00255611631685548	"LDL"	"<0.2"
"rs111442768"	0.886056647693163	0.163134935933756	2.26230807774861e-05	"LDL"	"<0.2"
"rs111457648"	1.68193666503724	0.0380699169064382	0.000834153865432407	"LDL"	"<0.2"
"rs111638833"	0.756961951313706	0.214000017704385	0.00255611631685548	"LDL"	"<0.2"
"rs111712776"	0.151810883008601	0.180668657570622	0.0193560912257174	"LDL"	"<0.2"
"rs111715594"	1.27736607746619	0.105536058634459	0.00255611631685548	"LDL"	"<0.2"
"rs111791162"	0.0589857562944303	0.959338334090889	0.00013873886066511	"LDL"	"<0.2"
"rs111791542"	0.209011524911184	0.230779284522305	0.00339704130116269	"LDL"	"<0.2"
"rs11185829"	0.11069829749369	1.37240988412128	0.0700037174728361	"LDL"	"<0.2"
"rs11185835"	1.77728352885242	6.34014652532576	0.204290377943996	"LDL"	"0.2-0.4"
"rs11185932"	1.47755576649368	1.60283024379531	0.124387067681062	"LDL"	"<0.2"
"rs11185939"	0.255707016877324	1.3740458438393	0.0244424727505111	"LDL"	"<0.2"
"rs11185982"	4.60906489289662	11.2879221591141	0.610032689426398	"LDL"	"0.6-0.8"
"rs11186024"	2.04624030826677	4.30695844061248	0.260724498165299	"LDL"	"0.2-0.4"
"rs11186029"	0.368556230986828	1.14731449707267	0.0866672925324146	"LDL"	"<0.2"
"rs11186034"	0.0259490972071227	0.428158455036695	0.000645825505429471	"LDL"	"<0.2"
"rs11186045"	2.57024771999759	1.62013452191694	0.018944762935447	"LDL"	"<0.2"
"rs11186047"	0.671620396561262	0.887083463726355	0.082536897002486	"LDL"	"<0.2"
"rs11186065"	0.0899094544059319	0.0285817297389937	0.0200498298132634	"LDL"	"<0.2"
"rs11186102"	2.1438755557577	4.20095459531847	0.302366918053475	"LDL"	"0.2-0.4"
"rs11186124"	0.0329202658555029	0.431198893842858	0.0410163986623974	"LDL"	"<0.2"
"rs11186128"	2.23433144524099	4.20095459531847	0.295450981079297	"LDL"	"0.2-0.4"
"rs11186141"	2.24336389175415	4.20095459531847	0.290904614999058	"LDL"	"0.2-0.4"
"rs11186149"	1.61261017366127	1.00296722454644	0.0159643406732183	"LDL"	"<0.2"
"rs11186151"	0.686132779630847	0.0613492057162855	0.0233297680626217	"LDL"	"<0.2"
"rs11186192"	0.595166283380062	0.678515490991412	0.0391141669567985	"LDL"	"<0.2"
"rs11186196"	0.815308569182401	0.863260413063794	0.0418146896264026	"LDL"	"<0.2"
"rs11186197"	0.818156412055228	0.863260413063794	0.0418146896264026	"LDL"	"<0.2"
"rs11186200"	0.806875401645538	0.863260413063794	0.0418146896264026	"LDL"	"<0.2"
"rs11186203"	1.39040559077478	0.745401173579604	0.010843572880277	"LDL"	"<0.2"
"rs11186207"	0.747146969020107	0.702478033487252	0.0419679367096179	"LDL"	"<0.2"
"rs11186209"	0.742321425130815	0.702478033487252	0.0419679367096179	"LDL"	"<0.2"
"rs11186210"	0.747146969020107	0.702478033487252	0.0422177744248802	"LDL"	"<0.2"
"rs11186212"	0.739928612014925	0.702478033487252	0.0419679367096179	"LDL"	"<0.2"
"rs11186218"	1.3767507096021	0.745401173579604	0.010843572880277	"LDL"	"<0.2"
"rs11186220"	0.742321425130815	0.682847968536039	0.0419679367096179	"LDL"	"<0.2"
"rs11186223"	0.739928612014925	0.682847968536039	0.0419679367096179	"LDL"	"<0.2"
"rs11186224"	0.7594507517174	0.682847968536039	0.0419679367096179	"LDL"	"<0.2"
"rs11186234"	0.728158393463501	0.937387935810479	0.0397762689460615	"LDL"	"<0.2"
"rs11186236"	0.714442690992226	0.864161597284022	0.040856776653485	"LDL"	"<0.2"
"rs11186244"	0.698970004336019	3.37490475058419	0.0480683412477497	"LDL"	"<0.2"
"rs11186259"	0.537602002101044	4.53214485335162	0.0532323025750314	"LDL"	"<0.2"
"rs11186273"	0.863279432843593	2.58309167712666	0.0448396720992497	"LDL"	"<0.2"
"rs11186280"	1.61261017366127	3.01578963473346	0.148517549883646	"LDL"	"<0.2"
"rs11186296"	0.111259039317107	1.42499122295375	0.00300061480472801	"LDL"	"<0.2"
"rs11186301"	1.75448733218585	0.986497086438944	0.00520776672831329	"LDL"	"<0.2"
"rs11186348"	1.02826040911222	0.139868107575506	0.0127093803734185	"LDL"	"<0.2"
"rs11186357"	1.86012091359876	1.10344347113614	0.0115542819185175	"LDL"	"<0.2"
"rs11186370"	0.777283528852417	0.0120317998602587	0.0145410360546966	"LDL"	"<0.2"
"rs11186409"	0.705533773838407	0.0120317998602587	0.0134923893546904	"LDL"	"<0.2"
"rs11186419"	0.362510270487489	0.450067802165963	0.00148142418395312	"LDL"	"<0.2"
"rs11186429"	0.276544327964814	0.0446389350428569	0.00624386202812471	"LDL"	"<0.2"
"rs11186456"	0.46344155742847	0.264104221011358	0.000517551339927428	"LDL"	"<0.2"
"rs11186460"	0.485452247339714	0.150084533057333	0.00041112576980422	"LDL"	"<0.2"
"rs11186481"	0.211124884224583	0.314275275329261	0.000136923101652747	"LDL"	"<0.2"
"rs11186530"	0.94692155651658	0.0748132633583677	1.25046284477228e-05	"LDL"	"<0.2"
"rs11186564"	1.07314329105031	0.17619137547262	0.000290155440690247	"LDL"	"<0.2"
"rs11186568"	1.23210238398191	0.151908225162443	0.000290155440690247	"LDL"	"<0.2"
"rs11186576"	0.183758700008217	0.211591913547175	1.34747654864913e-05	"LDL"	"<0.2"
"rs11186592"	0.17134010346468	0.097814286301	0.00173768711281599	"LDL"	"<0.2"
"rs11186609"	0.405607449624573	0.34619531942911	0.00345031700635258	"LDL"	"<0.2"
"rs11186615"	0.767003889607846	0.3954175827688	0.00394413378452253	"LDL"	"<0.2"
"rs11186617"	0.224025668870631	0.0164093418177633	0.00194578028468366	"LDL"	"<0.2"
"rs11186663"	0.421360790031928	0.00837703647371167	0.000644923582413123	"LDL"	"<0.2"
"rs11186671"	0.675717544702307	0.0518140221779264	8.16409491145678e-08	"LDL"	"<0.2"
"rs11186675"	0.612610173661271	0.0797681136582413	9.74082953647788e-05	"LDL"	"<0.2"
"rs11186713"	0.505845405981557	0.0518140221779264	8.16409491145678e-08	"LDL"	"<0.2"
"rs11186715"	0.244887733604929	0.223131085821406	0.000745310043263885	"LDL"	"<0.2"
"rs11186730"	0.7594507517174	0.0518140221779264	8.16409491145678e-08	"LDL"	"<0.2"
"rs11186741"	0.801342913045577	0.0797681136582413	0.00074667059766642	"LDL"	"<0.2"
"rs11186772"	0.341035157335565	0.0579641530202421	0.000661839025338974	"LDL"	"<0.2"
"rs11186776"	0.283996656365201	0.0417214401928415	0.000290028304169563	"LDL"	"<0.2"
"rs11186779"	0.193820026016113	0.0091844822753943	3.43203989908375e-07	"LDL"	"<0.2"
"rs11186787"	0.818156412055228	0.167231865319019	0.000154866600397328	"LDL"	"<0.2"
"rs11186793"	0.809668301829709	0.310666274010612	0.00189133459531375	"LDL"	"<0.2"
"rs111953546"	0.522878745280338	0.373302487601351	0.00426170364690466	"LDL"	"<0.2"
"rs11202342"	0.598599459218456	4.23916904968093	0.187854296035515	"LDL"	"<0.2"
"rs11202356"	1.31069114087638	0.0723961252941651	0.0197615758202352	"LDL"	"<0.2"
"rs11202358"	1.30189945437661	0.0723961252941651	0.0197615758202352	"LDL"	"<0.2"
"rs11202363"	0.270025714300444	1.69849688115606	0.0578793416726342	"LDL"	"<0.2"
"rs11202373"	0.31695296176115	6.1751617784791	0.131256930818317	"LDL"	"<0.2"
"rs11202393"	1.24412514432751	0.0723961252941651	0.0197615758202352	"LDL"	"<0.2"
"rs11202403"	0.246416941107093	1.6490855410261	0.0568150635758904	"LDL"	"<0.2"
"rs11202404"	1.18045606445813	0.0723961252941651	0.0167842486034082	"LDL"	"<0.2"
"rs11202421"	0.954677021213343	0.0723961252941651	0.0194589687016165	"LDL"	"<0.2"
"rs11202532"	0.677780705266081	0.160197138887366	0.0123471949528617	"LDL"	"<0.2"
"rs11202540"	0.692503962086787	0.160197138887366	0.0123471949528617	"LDL"	"<0.2"
"rs11202551"	0.1791420105603	1.58774110610186	0.0728151515630057	"LDL"	"<0.2"
"rs11202665"	0.0726296369609765	0.325713095074929	0.011170655915732	"LDL"	"<0.2"
"rs11202666"	0.22112552799726	1.30214756918035	0.0689096854626479	"LDL"	"<0.2"
"rs11202699"	1.78781239559604	10.3313830181126	0.451595993767578	"LDL"	"0.4-0.6"
"rs11202720"	2.06600683616876	9.18326832365478	0.396413200783626	"LDL"	"0.2-0.4"
"rs11202721"	2.07314329105031	9.18326832365478	0.396413200783626	"LDL"	"0.2-0.4"
"rs11202724"	2.10182351650232	9.18326832365478	0.396413200783626	"LDL"	"0.2-0.4"
"rs11202725"	2.10347378251044	9.18326832365478	0.396413200783626	"LDL"	"0.2-0.4"
"rs11202737"	0.71669877129645	1.5695250356426	0.0223611013019879	"LDL"	"<0.2"
"rs11202751"	2.0268721464003	9.30834837322808	0.401261576828224	"LDL"	"0.4-0.6"
"rs11202815"	0.536107011014093	3.83567689143171	0.139333644013008	"LDL"	"<0.2"
"rs11202832"	0.568636235841013	3.25548249381422	0.137595828932441	"LDL"	"<0.2"
"rs11202934"	0.94692155651658	3.20708117289253	0.234095211025029	"LDL"	"0.2-0.4"
"rs11202935"	0.958607314841775	3.20708117289253	0.234095211025029	"LDL"	"0.2-0.4"
"rs11202936"	1.17783192063198	2.4548191071093	0.233079546052193	"LDL"	"0.2-0.4"
"rs11202957"	0.485452247339714	3.231259071177	0.271950652745491	"LDL"	"0.2-0.4"
"rs11202959"	0.482804102050026	3.231259071177	0.276222273296138	"LDL"	"0.2-0.4"
"rs11202960"	0.485452247339714	3.231259071177	0.276222273296138	"LDL"	"0.2-0.4"
"rs11202963"	0.480172006224281	3.231259071177	0.276222273296138	"LDL"	"0.2-0.4"
"rs11203026"	0.430626090384954	0.0796736676133015	0.0104142917197222	"LDL"	"<0.2"
"rs11203034"	2.39794000867204	3.08551139710121	0.201472770455365	"LDL"	"0.2-0.4"
"rs11203116"	7.03479829897409	4.60434167766587	0.289116916627788	"LDL"	"0.2-0.4"
"rs112234136"	0.752026733638193	0.682847968536039	0.0419679367096179	"LDL"	"<0.2"
"rs112618690"	0.145693958198919	0.0382705002578627	4.82709920774147e-05	"LDL"	"<0.2"
"rs112659149"	0.145086977692144	0.713583952509895	0.017237175856887	"LDL"	"<0.2"
"rs112699374"	0.428291168191312	0.848942880792422	4.18963309571718e-05	"LDL"	"<0.2"
"rs112718695"	1.49214412830417	1.3075346874989	0.01674598633925	"LDL"	"<0.2"
"rs112834316"	0.145693958198919	0.378259917113024	0.00029784733630008	"LDL"	"<0.2"
"rs113022090"	0.856985199745905	0.497313473379138	0.00738768345650718	"LDL"	"<0.2"
"rs113077154"	0.614393726401688	0.194638491846184	2.58581857529659e-05	"LDL"	"<0.2"
"rs113339529"	0.200659450546418	0.815104243381454	0.000910490048908443	"LDL"	"<0.2"
"rs1133838"	0.404503778174426	0.0803660526114613	0.0202280193364451	"LDL"	"<0.2"
"rs113471512"	0.339134521996131	0.152118386097317	0.00559762741190039	"LDL"	"<0.2"
"rs113558021"	0.84163750790475	0.864355405705437	0.00255611631685548	"LDL"	"<0.2"
"rs113582501"	0.0680338852718274	0.0382705002578627	4.82709920774147e-05	"LDL"	"<0.2"
"rs113659868"	0.690369832574101	0.000688467869952259	0.00626536247232623	"LDL"	"<0.2"
"rs113801934"	0.0604807473813815	0.446515056835815	6.4546878484508e-05	"LDL"	"<0.2"
"rs113900355"	0.721246399047171	0.0949092738976085	0.00222398640103085	"LDL"	"<0.2"
"rs113927442"	0.804100347590766	0.0266014897277192	8.16409491145678e-08	"LDL"	"<0.2"
"rs114113383"	0.294136287716081	0.0955652414063802	0.00255611631685548	"LDL"	"<0.2"
"rs114240672"	0.464705879957229	0.0674039803706177	0.00626536247232623	"LDL"	"<0.2"
"rs1143694"	0.459670525209126	8.38756053761708	0.376657279918274	"LDL"	"0.2-0.4"
"rs114419517"	0.669586226650809	0.125923674402527	0.00255611631685548	"LDL"	"<0.2"
"rs114437786"	0.250263684430939	0.436072983172712	0.00199793107920486	"LDL"	"<0.2"
"rs114457204"	1.18976748200492	0.417921857684629	0.0141511931407551	"LDL"	"<0.2"
"rs114665833"	2.34390179798717	0.32003365775686	0.0117193913699997	"LDL"	"<0.2"
"rs114784526"	0.459670525209126	0.0674039803706177	0.00626536247232623	"LDL"	"<0.2"
"rs114804917"	0.213958789757446	0.274205120447635	0.0200282803182381	"LDL"	"<0.2"
"rs114898062"	0.5016894462104	0.229672402595408	0.0234390064678591	"LDL"	"<0.2"
"rs11492703"	0.289882634888184	0.183548565585098	0.000807761254612771	"LDL"	"<0.2"
"rs114958515"	0.137272471682025	0.15769412367114	0.00734786317905254	"LDL"	"<0.2"
"rs115141600"	0.173925197299174	0.0413448719678353	0.0111327836122536	"LDL"	"<0.2"
"rs11516914"	0.798602875679548	0.863260413063794	0.0418146896264026	"LDL"	"<0.2"
"rs115209327"	1.92445303860747	0.681166892524023	0.000910490048908443	"LDL"	"<0.2"
"rs115254492"	0.647817481888638	0.125923674402527	0.00255611631685548	"LDL"	"<0.2"
"rs11528011"	0.98296666070122	3.16369867585535	0.121258038969414	"LDL"	"<0.2"
"rs11528056"	0.995678626217357	0.0518140221779264	8.16409491145678e-08	"LDL"	"<0.2"
"rs11528422"	0.139661993429006	1.62196567754267	0.0467744568454127	"LDL"	"<0.2"
"rs115292843"	0.872895201635192	0.892535635451621	0.0172863655679977	"LDL"	"<0.2"
"rs115481333"	2.74714696902011	0.0295736188888087	0.00255611631685548	"LDL"	"<0.2"
"rs11553840"	0.30803489723264	1.31963819397847	0.0222656567886166	"LDL"	"<0.2"
"rs1157794"	0.428291168191312	0.331492013391707	0.000389647831047522	"LDL"	"<0.2"
"rs115830718"	0.101274818410506	0.0623281763673679	0.0134233501373405	"LDL"	"<0.2"
"rs11592611"	0.261219441515631	4.19463441267422	0.136493892279046	"LDL"	"<0.2"
"rs11593669"	0.497572880015567	0.373302487601351	0.00426170364690466	"LDL"	"<0.2"
"rs11593762"	0.068542129310995	1.99397917727282	0.116896870572419	"LDL"	"<0.2"
"rs115954250"	2.01322826573376	0.32003365775686	0.0139145307039969	"LDL"	"<0.2"
"rs11595587"	0.116338564846382	0.805280353350868	0.0198461310336818	"LDL"	"<0.2"
"rs11598179"	0.0570004066339595	1.53811147365603	0.091021684526168	"LDL"	"<0.2"
"rs11599251"	1.31425826139774	0.554140587515197	0.0186392158847207	"LDL"	"<0.2"
"rs116031102"	1.21609642072727	0.461218970218154	0.0180127523921373	"LDL"	"<0.2"
"rs116101469"	0.283996656365201	0.117203472839726	0.0171028826944395	"LDL"	"<0.2"
"rs116240977"	1.19517932127884	0.417921857684629	0.0141511931407551	"LDL"	"<0.2"
"rs116264537"	0.0942041196321315	0.0228802550862252	0.000142912823177862	"LDL"	"<0.2"
"rs116281073"	0.0305840876460186	0.543858764842309	0.00243306265076783	"LDL"	"<0.2"
"rs116396157"	0.287350298372789	0.274205120447635	0.0191647763711868	"LDL"	"<0.2"
"rs116698876"	0.274088367704952	0.360272524245284	0.0171028826944395	"LDL"	"<0.2"
"rs116700065"	1.27245874297144	0.417921857684629	0.0157993940458804	"LDL"	"<0.2"
"rs116848392"	0.987162775294828	0.0413448719678353	0.00771179708528108	"LDL"	"<0.2"
"rs116865673"	0.126679398184601	0.15769412367114	0.00734786317905254	"LDL"	"<0.2"
"rs116895782"	1.46980030179692	0.466940066715886	0.00238224179563534	"LDL"	"<0.2"
"rs116924979"	0.0909791457888439	0.0601469182355772	0.000726122185947846	"LDL"	"<0.2"
"rs116928756"	0.47755576649368	0.0674039803706177	0.00626536247232623	"LDL"	"<0.2"
"rs116932392"	0.429457060118103	0.2972981142911	0.014152501878062	"LDL"	"<0.2"
"rs116946838"	0.832682665251824	0.778298935615403	0.00614345431234083	"LDL"	"<0.2"
"rs116971035"	1.85387196432176	0.439817093646502	0.00598498016662126	"LDL"	"<0.2"
"rs117006677"	0.958607314841775	0.0413448719678353	0.00697866208114276	"LDL"	"<0.2"
"rs117011686"	0.0824944904474534	2.05899321846304	0.00585058525153391	"LDL"	"<0.2"
"rs117042179"	0.0083309926200515	0.468521082957745	0.00141854275051639	"LDL"	"<0.2"
"rs117134471"	0.481486060122113	0.677817932102845	0.00150426006872209	"LDL"	"<0.2"
"rs117150063"	1.13194363817696	0.854002272213494	0.000462216768082689	"LDL"	"<0.2"
"rs117183232"	0.507239610973163	0.0674039803706177	0.00626536247232623	"LDL"	"<0.2"
"rs117210248"	0.0936649581949093	0.401156987254484	0.00243306265076783	"LDL"	"<0.2"
"rs117230638"	0.856985199745905	0.153684541268776	0.00846336297721061	"LDL"	"<0.2"
"rs117293224"	0.500312917381596	0.0674039803706177	0.00626536247232623	"LDL"	"<0.2"
"rs117311251"	2.17979854051436	0.32003365775686	0.012437813861543	"LDL"	"<0.2"
"rs117321518"	0.283162276700476	0.805960450184778	0.000725892409979144	"LDL"	"<0.2"
"rs117373597"	1.17005330405836	0.466983340505744	0.00158063629744753	"LDL"	"<0.2"
"rs117374375"	0.1073489661227	0.0166633390828672	0.00734786317905254	"LDL"	"<0.2"
"rs117386603"	1.33629907461035	0.772612120977061	0.00409042988186378	"LDL"	"<0.2"
"rs117403636"	0.319664486585437	0.0172418159365918	0.0020750320004935	"LDL"	"<0.2"
"rs117405726"	2.57024771999759	0.714523706845486	0.00303638980472368	"LDL"	"<0.2"
"rs117417712"	0.34008379993015	0.107361199942385	0.00182527968825391	"LDL"	"<0.2"
"rs117445391"	0.285670240254767	0.0413448719678353	0.0111327836122536	"LDL"	"<0.2"
"rs117471097"	0.795880017344075	0.153684541268776	0.00846336297721061	"LDL"	"<0.2"
"rs117485833"	0.728158393463501	0.661706895601329	0.0155710577532889	"LDL"	"<0.2"
"rs117537719"	0.19586056766465	0.0709475690508571	0.0157086069821558	"LDL"	"<0.2"
"rs117572636"	0.123782159408358	0.923687312023142	0.00190231193327412	"LDL"	"<0.2"
"rs117590505"	0.442492798094342	0.0674039803706177	0.00626536247232623	"LDL"	"<0.2"
"rs117598755"	0.505845405981557	0.0674039803706177	0.00734786317905254	"LDL"	"<0.2"
"rs117641451"	1.57348873863542	3.4041126484131	0.0288345481259277	"LDL"	"<0.2"
"rs117685683"	0.752026733638193	0.940016500348839	0.00372109994774863	"LDL"	"<0.2"
"rs117707674"	0.712198270069774	0.486115484239392	0.000991806040632631	"LDL"	"<0.2"
"rs117738726"	1.69250396208679	0.439817093646502	0.00445459470748065	"LDL"	"<0.2"
"rs117819764"	0.24184537803261	0.677301178099954	0.00225643824416713	"LDL"	"<0.2"
"rs117880525"	0.79317412396815	0.592075691458736	0.00321115666786058	"LDL"	"<0.2"
"rs117895943"	0.474955192963155	0.0674039803706177	0.00626536247232623	"LDL"	"<0.2"
"rs117910813"	0.0491485411114536	0.0930290693829786	0.0060019554806888	"LDL"	"<0.2"
"rs117912407"	0.482804102050026	0.0674039803706177	0.00626536247232623	"LDL"	"<0.2"
"rs117945051"	1.91721462968355	0.497571514311797	0.00303638980472368	"LDL"	"<0.2"
"rs117976013"	0.1791420105603	0.923687312023142	0.00234486340884178	"LDL"	"<0.2"
"rs118003587"	0.347753658996677	0.412721300098328	0.00180427189798247	"LDL"	"<0.2"
"rs118004410"	1.26042765554991	0.456791467851992	6.7123298470868e-06	"LDL"	"<0.2"
"rs118019862"	0.790484985457369	0.480793058199324	0.00760012070615584	"LDL"	"<0.2"
"rs118032778"	0.133712660915805	0.385261984178316	0.00674472607423309	"LDL"	"<0.2"
"rs118059818"	0.235823867609669	0.677301178099954	0.00225643824416713	"LDL"	"<0.2"
"rs118067046"	0.489454989793388	0.0674039803706177	0.00626536247232623	"LDL"	"<0.2"
"rs118068989"	0.844663962534938	0.497313473379138	0.0076518922318608	"LDL"	"<0.2"
"rs118086784"	2.08618614761628	0.690325128090126	0.0172902633571258	"LDL"	"<0.2"
"rs118102244"	1.14327110961712	0.808375749448127	0.0270881586553464	"LDL"	"<0.2"
"rs118111066"	0.114638779968488	2.08357026733267	0.00683116037196973	"LDL"	"<0.2"
"rs118121805"	0.684029654543082	0.113380133723061	0.00626536247232623	"LDL"	"<0.2"
"rs11812910"	0.339134521996131	0.125963722058373	0.012860463036221	"LDL"	"<0.2"
"rs11813417"	0.161780778092374	0.0724946467736827	0.00187931831284148	"LDL"	"<0.2"
"rs11814452"	1.89279003035213	0.316622411083757	0.010843572880277	"LDL"	"<0.2"
"rs118149092"	1.03810452633215	0.0413448719678353	0.00846336297721061	"LDL"	"<0.2"
"rs11815361"	0.17134010346468	1.77098662036078	0.113523239550626	"LDL"	"<0.2"
"rs118153632"	0.434152181326482	0.673066371454906	0.00110500129334594	"LDL"	"<0.2"
"rs11815743"	0.928117992693875	3.56159848355002	0.171041198957812	"LDL"	"<0.2"
"rs11816070"	0.171984935776023	1.77098662036078	0.113523239550626	"LDL"	"<0.2"
"rs11816639"	0.127261172527331	0.409904169883338	6.44599291247846e-06	"LDL"	"<0.2"
"rs11817629"	0.567030709125594	4.23916904968093	0.190251977672437	"LDL"	"<0.2"
"rs11817631"	0.573488738635425	4.23916904968093	0.190251977672437	"LDL"	"<0.2"
"rs12217242"	0.24033215531037	0.474565151331591	0.00238499941712232	"LDL"	"<0.2"
"rs12219619"	1.21395878975745	1.41189307612839	0.00585064121426451	"LDL"	"<0.2"
"rs12220111"	2.27327279097343	0.0827781610878869	0.0119261436637332	"LDL"	"<0.2"
"rs12220642"	2.76447155309245	4.18963707878354	0.327514800094779	"LDL"	"0.2-0.4"
"rs12220655"	2.7851561519523	4.50685017739572	0.327514800094779	"LDL"	"0.2-0.4"
"rs12240624"	1.15490195998574	0.74937022069246	0.0235241035894223	"LDL"	"<0.2"
"rs12240821"	0.458420756053419	1.50574797904592	0.0323193017148385	"LDL"	"<0.2"
"rs12240965"	1.59516628338006	1.00296722454644	0.0159643406732183	"LDL"	"<0.2"
"rs12241017"	1.62342304294349	1.00296722454644	0.0159643406732183	"LDL"	"<0.2"
"rs12242580"	1.57839607313017	1.00296722454644	0.0159643406732183	"LDL"	"<0.2"
"rs12242871"	0.531652669587843	4.11345569634589	0.22732913444191	"LDL"	"0.2-0.4"
"rs12243395"	1.49214412830417	0.718741585554188	0.00298270647333694	"LDL"	"<0.2"
"rs12243537"	0.653647025549361	0.0199125062192902	0.00535453635885584	"LDL"	"<0.2"
"rs12246025"	0.148741651280925	0.0228802550862252	3.82372103036386e-05	"LDL"	"<0.2"
"rs12246043"	1.40011692792631	0.745401173579604	0.010843572880277	"LDL"	"<0.2"
"rs12246432"	0.0061230850587888	1.52557538285375	0.0700037174728361	"LDL"	"<0.2"
"rs12246441"	0.00966114521239857	1.52557538285375	0.0700037174728361	"LDL"	"<0.2"
"rs12247537"	0.991399828238082	2.28486778879187	0.197079887941066	"LDL"	"<0.2"
"rs12248524"	1.37571790416433	0.745401173579604	0.010843572880277	"LDL"	"<0.2"
"rs12248820"	0.131943638176958	0.133459248696619	0.0303322831518891	"LDL"	"<0.2"
"rs12252644"	1.04383156952464	0.0640526169149326	1.25046284477228e-05	"LDL"	"<0.2"
"rs12253992"	2.21395878975745	8.63840058307473	0.408568158315282	"LDL"	"0.4-0.6"
"rs12255425"	1.36051351073141	0.0453412499398475	2.13451751224345e-07	"LDL"	"<0.2"
"rs12256937"	1.96257350205938	1.18528572192307	0.0268855203241386	"LDL"	"<0.2"
"rs12257181"	0.104025267640935	0.0228802550862252	3.82372103036386e-05	"LDL"	"<0.2"
"rs12257612"	0.913640169325252	3.55979800854091	0.170237314566979	"LDL"	"<0.2"
"rs12258799"	1.62893213772826	1.3075346874989	0.01674598633925	"LDL"	"<0.2"
"rs12260841"	0.0296531237699066	0.428158455036695	0.000645825505429471	"LDL"	"<0.2"
"rs12260866"	1.24184537803261	4.72403941720609	0.237382965875212	"LDL"	"0.2-0.4"
"rs12260962"	0.806875401645538	2.0449591229871	0.0959264818759207	"LDL"	"<0.2"
"rs12261331"	4.01999662841625	12.1112040546078	0.647449086223928	"LDL"	"0.6-0.8"
"rs12261924"	1.02826040911222	0.178870497390907	0.0149760361564353	"LDL"	"<0.2"
"rs12262106"	0.273272790973428	0.0228802550862252	0.00222398640103085	"LDL"	"<0.2"
"rs12262228"	1.23136189875239	4.72403941720609	0.237382965875212	"LDL"	"0.2-0.4"
"rs12262272"	0.0915149811213502	0.0659289836009527	0.0060019554806888	"LDL"	"<0.2"
"rs12264252"	0.0390538042661686	1.24652265527478	0.0769025772952831	"LDL"	"<0.2"
"rs12265331"	1.63264407897398	1.00296722454644	0.0159643406732183	"LDL"	"<0.2"
"rs12265354"	1.61978875828839	1.3075346874989	0.01674598633925	"LDL"	"<0.2"
"rs12266667"	0.106793246940152	0.0228802550862252	0.000142912823177862	"LDL"	"<0.2"
"rs12266780"	1.36855623098683	0.745401173579604	0.010843572880277	"LDL"	"<0.2"
"rs12266869"	1.6345120151091	1.00296722454644	0.0159643406732183	"LDL"	"<0.2"
"rs12266971"	1.53313237964589	1.00296722454644	0.0183440273289667	"LDL"	"<0.2"
"rs12267227"	0.657577319177794	0.856744685960434	0.0837978392013595	"LDL"	"<0.2"
"rs12267815"	0.115204636051019	0.0797681136582413	9.74082953647788e-05	"LDL"	"<0.2"
"rs12268126"	0.0172766123314547	0.293965339285649	0.000910490048908443	"LDL"	"<0.2"
"rs12268524"	0.621602099051862	0.0613492057162855	0.0233297680626217	"LDL"	"<0.2"
"rs12269333"	0.0264103765727431	1.52557538285375	0.0700037174728361	"LDL"	"<0.2"
"rs12269629"	0.0291883891274822	1.54819361501071	0.0696449025804691	"LDL"	"<0.2"
"rs12354540"	1.32975414692588	0.0723961252941651	0.0206075032425781	"LDL"	"<0.2"
"rs12354594"	1.48148606012211	0.0723961252941651	0.0197615758202352	"LDL"	"<0.2"
"rs12355084"	0.303643611266668	1.44228712836295	0.069926800164244	"LDL"	"<0.2"
"rs12355510"	0.79317412396815	0.843220739621824	0.0418146896264026	"LDL"	"<0.2"
"rs12355937"	2.28650945690606	6.32586941865307	0.282603091914842	"LDL"	"0.2-0.4"
"rs12356882"	0.809668301829709	0.843220739621824	0.0418146896264026	"LDL"	"<0.2"
"rs12356883"	0.826813731587726	0.843220739621824	0.0427815028248045	"LDL"	"<0.2"
"rs12359973"	0.801342913045577	0.843220739621824	0.0418146896264026	"LDL"	"<0.2"
"rs12359987"	0.798602875679548	0.843220739621824	0.0418146896264026	"LDL"	"<0.2"
"rs12360005"	0.79317412396815	0.843220739621824	0.0418146896264026	"LDL"	"<0.2"
"rs12411484"	0.950781977329818	1.11976222947394	0.0211235506586862	"LDL"	"<0.2"
"rs12411742"	0.531652669587843	4.11345569634589	0.229480717084185	"LDL"	"0.2-0.4"
"rs12411782"	0.346787486224656	1.60632128028266	0.082176699035513	"LDL"	"<0.2"
"rs12411806"	0.30189945437661	1.60632128028266	0.0766611621400514	"LDL"	"<0.2"
"rs12411833"	0.0491485411114536	0.956779234636922	0.0322825479629367	"LDL"	"<0.2"
"rs12411888"	0.147520006363144	0.42326140024207	0.000787547620546976	"LDL"	"<0.2"
"rs12412193"	0.441291429466834	0.457036466957697	0.0036363979974709	"LDL"	"<0.2"
"rs12412927"	0.402304814074488	1.09387569063157	0.0834360332369739	"LDL"	"<0.2"
"rs12412959"	0.399027104313252	1.06459955755569	0.0373727046151965	"LDL"	"<0.2"
"rs12412999"	0.663540266151471	0.0848783500873839	0.0266901871315258	"LDL"	"<0.2"
"rs12413174"	0.199282921717615	1.06459955755569	0.0326898848322948	"LDL"	"<0.2"
"rs12414465"	1.82102305270683	0.0857494246534289	0.00316643658456891	"LDL"	"<0.2"
"rs12414727"	0.138465589140962	0.753506343205831	0.0297845924584305	"LDL"	"<0.2"
"rs12414728"	0.00392634551472468	1.29110681716246	2.86883116821057e-06	"LDL"	"<0.2"
"rs12414791"	0.0114410431213845	0.537610987597072	3.25945065322744e-05	"LDL"	"<0.2"
"rs12415730"	0.0530567293021746	0.956779234636922	0.0322825479629367	"LDL"	"<0.2"
"rs12569542"	1.78781239559604	3.25555288925163	0.251483937100818	"LDL"	"0.2-0.4"
"rs12569832"	0.0570004066339595	0.938076536719696	0.00690089918968798	"LDL"	"<0.2"
"rs12570038"	0.612610173661271	1.5695250356426	0.023929447475772	"LDL"	"<0.2"
"rs12572336"	0.0218194830625861	1.03315082638194	0.0908646477419352	"LDL"	"<0.2"
"rs12762463"	1.05012229596313	0.155152682302129	0.0135929625149547	"LDL"	"<0.2"
"rs12764048"	0.419075024324381	1.06459955755569	0.0352920642716285	"LDL"	"<0.2"
"rs12766852"	0.896196279044043	3.03024777946539	0.201851824181441	"LDL"	"0.2-0.4"
"rs12767261"	0.46344155742847	1.06459955755569	0.03554511475766	"LDL"	"<0.2"
"rs12767460"	0.13608262304214	0.810119642157295	0.0928128444948158	"LDL"	"<0.2"
"rs12768926"	0.667561540084395	0.160197138887366	0.0123471949528617	"LDL"	"<0.2"
"rs12768957"	0.605548319173784	0.904150960442425	0.0344627908942105	"LDL"	"<0.2"
"rs12769131"	0.153662887870195	0.166334085447516	0.00013873886066511	"LDL"	"<0.2"
"rs12770270"	0.899629454882437	3.03024777946539	0.201851824181441	"LDL"	"0.2-0.4"
"rs12770472"	0.454692883534176	1.06459955755569	0.03554511475766	"LDL"	"<0.2"
"rs12770500"	0.446116973356126	1.06459955755569	0.03554511475766	"LDL"	"<0.2"
"rs12772279"	1.52578373592374	0.0502626966697237	0.00267265501866931	"LDL"	"<0.2"
"rs12772739"	0.546681659952962	4.23916904968093	0.190251977672437	"LDL"	"<0.2"
"rs12772895"	0.22112552799726	0.0889953537971017	0.0281737343497254	"LDL"	"<0.2"
"rs12772945"	0.444905551421681	1.06459955755569	0.03554511475766	"LDL"	"<0.2"
"rs12773027"	0.0639892042847904	0.619665725613994	0.0615299057316515	"LDL"	"<0.2"
"rs12773636"	0.0163737128754655	1.23804511293851	0.0702823628576323	"LDL"	"<0.2"
"rs12773664"	0.189767482004916	2.5189617545695	0.154798390396456	"LDL"	"<0.2"
"rs12774388"	0.058488567365597	0.132525440917942	0.000446785151393898	"LDL"	"<0.2"
"rs12777577"	0.0296531237699066	0.810119642157295	0.090470730732721	"LDL"	"<0.2"
"rs12777799"	0.24033215531037	0.812214271194764	0.0217390801098669	"LDL"	"<0.2"
"rs12779649"	1.61261017366127	0.410023604982661	0.0194819936594137	"LDL"	"<0.2"
"rs12782241"	1.07417242537526	0.139868107575506	0.0141111487121888	"LDL"	"<0.2"
"rs12783229"	0.257274868695302	0.812214271194764	0.0217390801098669	"LDL"	"<0.2"
"rs12783431"	0.54821356447571	4.23916904968093	0.190251977672437	"LDL"	"<0.2"
"rs12783710"	0.655607726314889	0.0120317998602587	0.0129825205549407	"LDL"	"<0.2"
"rs12784122"	0.0762380391712997	0.0174972049811236	0.00152749244928016	"LDL"	"<0.2"
"rs12784607"	4.44611697335613	10.1418280761515	0.616516663940342	"LDL"	"0.6-0.8"
"rs12784738"	0.148130399270234	0.0174972049811236	0.00152749244928016	"LDL"	"<0.2"
"rs1290317"	1.63638802010786	9.31247638946903	0.370970591322728	"LDL"	"0.2-0.4"
"rs1298908"	0.801342913045577	2.63567230629153	0.123878769147778	"LDL"	"<0.2"
"rs1340373"	2.14935376481693	9.18326832365478	0.396413200783626	"LDL"	"0.2-0.4"
"rs1340374"	2.17979854051436	9.18326832365478	0.388363351762863	"LDL"	"0.2-0.4"
"rs1340375"	2.15490195998574	9.18326832365478	0.396413200783626	"LDL"	"0.2-0.4"
"rs1340376"	2.14630178822383	9.18326832365478	0.396413200783626	"LDL"	"0.2-0.4"
"rs1340379"	2.1266793981846	9.18326832365478	0.396413200783626	"LDL"	"0.2-0.4"
"rs1340380"	1.98716277529483	9.11172612892053	0.398454212452636	"LDL"	"0.2-0.4"
"rs1340381"	0.407823242604133	3.61537781154846	0.174082706231484	"LDL"	"<0.2"
"rs1340383"	1.31336373073771	9.31247638946903	0.37286748901672	"LDL"	"0.2-0.4"
"rs1340385"	0.655607726314889	8.3058249216585	0.385876300433001	"LDL"	"0.2-0.4"
"rs138014093"	0.158015195409886	0.134782282355224	0.00734786317905254	"LDL"	"<0.2"
"rs138082829"	0.928117992693875	0.336645894985152	0.00327217250614985	"LDL"	"<0.2"
"rs138103092"	0.469800301796918	0.0788136411023258	0.0203777511754683	"LDL"	"<0.2"
"rs138226757"	1.26841123481326	0.417921857684629	0.0157993940458804	"LDL"	"<0.2"
"rs138247348"	0.636388020107856	0.0413448719678353	0.00889981276684971	"LDL"	"<0.2"
"rs138773069"	0.478861916295964	0.0674039803706177	0.00626536247232623	"LDL"	"<0.2"
"rs139392262"	0.0846001647877302	0.619665725613994	0.0636887728301825	"LDL"	"<0.2"
"rs139430542"	0.133712660915805	0.619665725613994	0.0636887728301825	"LDL"	"<0.2"
"rs139497227"	0.228412519118745	0.132448254221456	0.00551320942382395	"LDL"	"<0.2"
"rs139590698"	0.0545314148681803	0.550983139222236	0.0101635608403734	"LDL"	"<0.2"
"rs139803256"	0.00130484168834428	0.261641260651445	0.00252607413150745	"LDL"	"<0.2"
"rs140424965"	0.199970640755866	0.0674039803706177	0.00626536247232623	"LDL"	"<0.2"
"rs140644655"	0.454692883534176	0.0788136411023258	0.0203777511754683	"LDL"	"<0.2"
"rs140743841"	0.296708621881339	0.0226665206129119	0.0254013939311916	"LDL"	"<0.2"
"rs140849080"	0.11747546204512	0.923687312023142	0.00190231193327412	"LDL"	"<0.2"
"rs140867633"	0.132532512140949	0.134782282355224	0.00734786317905254	"LDL"	"<0.2"
"rs140905846"	1.55284196865778	1.4209461737553	0.00649164253501167	"LDL"	"<0.2"
"rs141022290"	1.94309514866353	0.65506765057959	0.000910490048908443	"LDL"	"<0.2"
"rs141148026"	0.357535479757879	0.325713095074929	0.00585240156863788	"LDL"	"<0.2"
"rs141429813"	0.489454989793388	0.0674039803706177	0.00626536247232623	"LDL"	"<0.2"
"rs141473704"	0.79317412396815	0.0382207014196485	0.00168146723039478	"LDL"	"<0.2"
"rs141721329"	0.777283528852417	0.279163725102854	0.0034294186873482	"LDL"	"<0.2"
"rs1417219"	0.455931955649724	8.38756053761708	0.376657279918274	"LDL"	"0.2-0.4"
"rs1417220"	0.233587152887601	0.484872247380055	0.0632840199028386	"LDL"	"<0.2"
"rs1417221"	1.21324857785444	9.31247638946903	0.37286748901672	"LDL"	"0.2-0.4"
"rs141870831"	0.540607512240769	0.673066371454906	0.000232944595692534	"LDL"	"<0.2"
"rs142066926"	0.0329202658555029	0.00617065744519987	0.00470386358869567	"LDL"	"<0.2"
"rs142083553"	0.38933983691012	0.316776396582233	0.000725892409979144	"LDL"	"<0.2"
"rs142217719"	0.000434511774017692	0.591583638382951	0.000809891277768372	"LDL"	"<0.2"
"rs142417987"	0.322393047279507	0.813979336724848	0.000725892409979144	"LDL"	"<0.2"
"rs142561255"	1.86327943284359	0.122936340357361	0.0047885893485776	"LDL"	"<0.2"
"rs142678951"	0.220403508742175	0.255178360264561	9.74082953647788e-05	"LDL"	"<0.2"
"rs142719284"	1.27984069659404	0.417921857684629	0.0157993940458804	"LDL"	"<0.2"
"rs142890400"	1.36251027048749	1.10344347113614	0.00762938990475722	"LDL"	"<0.2"
"rs142942863"	0.377785977033705	0.255178360264561	0.00411204134884262	"LDL"	"<0.2"
"rs143275523"	0.181774106386045	0.0674039803706177	0.00626536247232623	"LDL"	"<0.2"
"rs143361357"	0.600326278518962	0.113380133723061	0.00626536247232623	"LDL"	"<0.2"
"rs143396142"	1.00877392430751	0.293693669757327	0.0067832384777875	"LDL"	"<0.2"
"rs143655784"	0.649751981665837	1.3805163973389	0.0672476399224086	"LDL"	"<0.2"
"rs143691481"	1.95467702121334	0.65506765057959	0.000910490048908443	"LDL"	"<0.2"
"rs143752221"	0.709965388637482	0.0120317998602587	0.0140118919330432	"LDL"	"<0.2"
"rs144452979"	0.386158178123931	0.854002272213494	0.000232944595692534	"LDL"	"<0.2"
"rs144469798"	1.99567862621736	0.32003365775686	0.0131696516912621	"LDL"	"<0.2"
"rs144573165"	0.829738284605043	0.0217824942560574	0.00499421701481544	"LDL"	"<0.2"
"rs144590481"	0.344861565188618	0.805960450184778	0.000725892409979144	"LDL"	"<0.2"
"rs144592833"	0.0963674839157623	2.28068446062078	0.00948427654422748	"LDL"	"<0.2"
"rs144974427"	0.254144804826271	0.0410994182754413	0.00889981276684971	"LDL"	"<0.2"
"rs145063151"	1.29499204066666	0.417921857684629	0.0157993940458804	"LDL"	"<0.2"
"rs145163495"	0.467245621007502	0.267164128316081	0.0067832384777875	"LDL"	"<0.2"
"rs145624889"	0.567030709125594	0.255178360264561	0.00327217250614985	"LDL"	"<0.2"
"rs145663320"	0.218963061378868	0.675018296912631	0.0154716685240908	"LDL"	"<0.2"
"rs145715346"	0.462180904926726	0.480105095914892	0.00303638980472368	"LDL"	"<0.2"
"rs145720640"	0.844663962534938	0.843220739621824	0.0418146896264026	"LDL"	"<0.2"
"rs145865540"	0.838631997765025	2.68432977808036	0.031360579822276	"LDL"	"<0.2"
"rs145881266"	0.151810883008601	0.24240053822925	0.0060019554806888	"LDL"	"<0.2"
"rs145947019"	0.787812395596042	0.0279870333310817	1.65964147070682e-07	"LDL"	"<0.2"
"rs146326988"	0.169411331314856	0.255178360264561	9.74082953647788e-05	"LDL"	"<0.2"
"rs146506457"	0.173925197299174	0.138130588798689	7.49344438312056e-06	"LDL"	"<0.2"
"rs146989859"	0.40340290437354	0.132448254221456	0.00721191852325849	"LDL"	"<0.2"
"rs146993166"	0.121478204498793	0.831225646261354	0.00151874682004516	"LDL"	"<0.2"
"rs147072668"	0.214670164989233	0.762838448267291	0.0559057639259141	"LDL"	"<0.2"
"rs147190952"	0.187086643357144	0.0384982248360188	0.00499421701481544	"LDL"	"<0.2"
"rs147298916"	0.101823516502323	0.483913033554755	2.53103986294642e-07	"LDL"	"<0.2"
"rs147357838"	0.087246696328677	0.159485534439548	0.00520776672831329	"LDL"	"<0.2"
"rs147390701"	0.489454989793388	0.0674039803706177	0.00626536247232623	"LDL"	"<0.2"
"rs147743313"	0.450996737974212	0.426097302468252	0.000778393104734412	"LDL"	"<0.2"
"rs147765140"	0.504455662453552	0.0518140221779264	8.16409491145678e-08	"LDL"	"<0.2"
"rs148024048"	0.274905478918531	0.0955652414063802	0.00255611631685548	"LDL"	"<0.2"
"rs148094678"	0.11069829749369	0.681187735591059	0.0016463908932047	"LDL"	"<0.2"
"rs148111397"	0.468521082957745	0.486174014672383	0.000477441845901447	"LDL"	"<0.2"
"rs148159232"	0.00305075150461883	0.202816278473177	0.00520776672831329	"LDL"	"<0.2"
"rs148249203"	1.82681373158773	0.439817093646502	0.00598498016662126	"LDL"	"<0.2"
"rs148541155"	1.11294562194904	0.0406108341286134	0.00032085778188047	"LDL"	"<0.2"
"rs148618749"	0.351639989019068	0.427790795355611	0.0260277969789342	"LDL"	"<0.2"
"rs148951963"	1.31785492362617	1.47917859577637	0.00762938990475722	"LDL"	"<0.2"
"rs149073822"	1.98296666070122	0.521006633973702	0.00303638980472368	"LDL"	"<0.2"
"rs149256312"	0.0920514783877277	0.300111999438119	0.000403374199813822	"LDL"	"<0.2"
"rs149305534"	0.0655015487564323	0.904018632151775	0.0136202809208866	"LDL"	"<0.2"
"rs149464173"	0.393618634889395	1.3805163973389	0.0535946210971471	"LDL"	"<0.2"
"rs149548188"	1.29756946355447	0.658517992516251	0.0264367893177594	"LDL"	"<0.2"
"rs149970839"	0.251037138743839	0.0561544311609252	2.78029009703004e-05	"LDL"	"<0.2"
"rs150071630"	0.0705810742857073	0.119921902140427	0.0110247607497993	"LDL"	"<0.2"
"rs150167697"	0.489454989793388	0.0674039803706177	0.00626536247232623	"LDL"	"<0.2"
"rs150362279"	0.126679398184601	0.237466225232699	6.4546878484508e-05	"LDL"	"<0.2"
"rs150503219"	0.489454989793388	0.0674039803706177	0.00626536247232623	"LDL"	"<0.2"
"rs150605220"	0.0357403698031511	0.00617065744519987	0.00470386358869567	"LDL"	"<0.2"
"rs150687636"	0.129596094720973	0.801926028578754	0.0297845924584305	"LDL"	"<0.2"
"rs150702536"	0.480172006224281	0.0674039803706177	0.00626536247232623	"LDL"	"<0.2"
"rs150745967"	0.1890957193313	0.923687312023142	0.00190231193327412	"LDL"	"<0.2"
"rs150916426"	0.829738284605043	0.336645894985152	0.00327217250614985	"LDL"	"<0.2"
"rs151006313"	0.987162775294828	0.0413448719678353	0.00697866208114276	"LDL"	"<0.2"
"rs151093693"	0.472370099128661	0.0674039803706177	0.00626536247232623	"LDL"	"<0.2"
"rs1538815"	2.04527520902094	9.21840904231164	0.396413200783626	"LDL"	"0.2-0.4"
"rs1538816"	0.0385789059335517	3.57682951957364	0.143551755020569	"LDL"	"<0.2"
"rs1538817"	2.12378215940836	9.18326832365478	0.396413200783626	"LDL"	"0.2-0.4"
"rs1538818"	0.350665141287858	1.06459955755569	0.0364276391916257	"LDL"	"<0.2"
"rs1538819"	2.12901118623942	9.18326832365478	0.396413200783626	"LDL"	"0.2-0.4"
"rs1538821"	0.299296282854981	0.0226665206129119	0.0244927083898751	"LDL"	"<0.2"
"rs1538822"	0.337242168318426	3.61537781154846	0.177093258088484	"LDL"	"<0.2"
"rs1538823"	1.3829996588791	9.31247638946903	0.370970591322728	"LDL"	"0.2-0.4"
"rs1556894"	0.0376306643299789	3.57682951957364	0.143551755020569	"LDL"	"<0.2"
"rs1556895"	0.140261433802853	1.42200526137775	0.0464396150291789	"LDL"	"<0.2"
"rs1556897"	0.452225294612178	4.63793807459034	0.187326724545825	"LDL"	"<0.2"
"rs1559554"	0.407823242604133	0.17128211549143	0.000510286742052578	"LDL"	"<0.2"
"rs1559555"	0.324221658325915	0.3168169281579	0.000388304692206978	"LDL"	"<0.2"
"rs1572816"	1.71444269099223	10.3313830181126	0.451595993767578	"LDL"	"0.4-0.6"
"rs1572819"	1.26201267366657	9.31247638946903	0.37286748901672	"LDL"	"0.2-0.4"
"rs1573973"	1.93554201077308	3.25555288925163	0.251483937100818	"LDL"	"0.2-0.4"
"rs1591958"	0.266802734893431	0.903813254935787	0.0556475630551797	"LDL"	"<0.2"
"rs1626322"	0.0793549985932124	0.582252704458576	0.0013336289431157	"LDL"	"<0.2"
"rs1647207"	0.366531544420413	0.3787073678263	1.56254324953051e-05	"LDL"	"<0.2"
"rs1647209"	0.0329202658555029	0.572721674883731	0.00163017899288512	"LDL"	"<0.2"
"rs1647210"	0.0338582672609674	0.736049270683382	0.00177736703720273	"LDL"	"<0.2"
"rs1647212"	0.415668775632469	1.66905889942357	0.00681894215366587	"LDL"	"<0.2"
"rs1647214"	0.0204516252959049	0.940175402417342	0.00468901589454814	"LDL"	"<0.2"
"rs1702224"	0.0357403698031511	0.789868831815864	0.00162078427950414	"LDL"	"<0.2"
"rs1702226"	0.344861565188618	0.521468133918201	0.00089927628445583	"LDL"	"<0.2"
"rs1702227"	0.0291883891274822	0.940175402417342	0.00468901589454814	"LDL"	"<0.2"
"rs1702238"	0.0357403698031511	0.708473535472477	0.00162078427950414	"LDL"	"<0.2"
"rs1702239"	0.0506099933550872	0.217215741630257	0.000384147895707218	"LDL"	"<0.2"
"rs1702240"	0.129596094720973	0.257724317172851	0.000308879427724451	"LDL"	"<0.2"
"rs1702243"	0.127843727251707	0.257724317172851	0.000308879427724451	"LDL"	"<0.2"
"rs1702244"	0.0204516252959049	0.178102785075169	0.000636528199328599	"LDL"	"<0.2"
"rs17093759"	0.489454989793388	0.718718859997318	0.00860973119258179	"LDL"	"<0.2"
"rs17102596"	0.0856568428805593	0.631568064507161	0.0500201466549071	"LDL"	"<0.2"
"rs17103728"	0.583359492661719	0.229672402595408	0.0246507592800736	"LDL"	"<0.2"
"rs17104148"	2.12551818230053	0.32003365775686	0.0160377249251594	"LDL"	"<0.2"
"rs17104473"	0.182434630440219	0.375789088903505	0.000208162714504779	"LDL"	"<0.2"
"rs17105023"	0.0338582672609674	0.72933280729507	0.000208162714504779	"LDL"	"<0.2"
"rs17105302"	1.83564714421556	0.36205619989136	0.0184164188673692	"LDL"	"<0.2"
"rs17106475"	1.11407366019857	0.762117101760308	0.0151946195771195	"LDL"	"<0.2"
"rs17106495"	1.14996674231023	0.938472129109492	0.0227173013207518	"LDL"	"<0.2"
"rs17107073"	0.0545314148681803	0.590104055219569	0.0208669550662156	"LDL"	"<0.2"
"rs17107222"	0.801342913045577	1.02117103737092	0.0123648424397828	"LDL"	"<0.2"
"rs17107270"	0.847711655616944	0.843220739621824	0.0418146896264026	"LDL"	"<0.2"
"rs17107308"	0.79317412396815	0.843220739621824	0.0391181720024437	"LDL"	"<0.2"
"rs17107310"	0.785156151952302	1.01647203781303	0.0407232473368288	"LDL"	"<0.2"
"rs17107311"	1.01412464269161	2.06249765459918	0.200483819805501	"LDL"	"0.2-0.4"
"rs17107333"	0.145693958198919	1.67234482455559	0.00200627665497052	"LDL"	"<0.2"
"rs17107397"	0.0639892042847904	1.2890453303959	0.00246900553581187	"LDL"	"<0.2"
"rs17107415"	1.21896306137887	1.41189307612839	0.00704037464375467	"LDL"	"<0.2"
"rs17107451"	0.095284454721319	0.74930194306462	0.00246186705669833	"LDL"	"<0.2"
"rs17107464"	0.0381045263321496	0.74930194306462	0.00246186705669833	"LDL"	"<0.2"
"rs17107469"	0.0447934624580583	0.710560445483113	0.00246186705669833	"LDL"	"<0.2"
"rs17107479"	0.330683119433888	0.401263099642419	0.0036363979974709	"LDL"	"<0.2"
"rs17107480"	0.299296282854981	0.413394693857521	0.0036363979974709	"LDL"	"<0.2"
"rs17107520"	0.476253533188436	0.286933037522201	0.00139368139822103	"LDL"	"<0.2"
"rs17107524"	0.161780778092374	0.11226007941546	0.00201921191650644	"LDL"	"<0.2"
"rs17107555"	0.22548303427145	0.0382705002578627	0.000186831017836606	"LDL"	"<0.2"
"rs17107603"	0.0491485411114536	0.262312893158673	0.000143908935213856	"LDL"	"<0.2"
"rs17616738"	0.490797477668897	0.0674039803706177	0.00626536247232623	"LDL"	"<0.2"
"rs17616834"	0.490797477668897	0.0674039803706177	0.00626536247232623	"LDL"	"<0.2"
"rs17616958"	0.366531544420413	1.06459955755569	0.0364276391916257	"LDL"	"<0.2"
"rs17616964"	0.370590400897281	1.06459955755569	0.0364276391916257	"LDL"	"<0.2"
"rs17617406"	0.434152181326482	1.20256209953661	0.0358043927450831	"LDL"	"<0.2"
"rs17617713"	0.866461091629783	0.153684541268776	0.00846336297721061	"LDL"	"<0.2"
"rs17617970"	0.503070351926785	0.939151126961193	0.0406967264117361	"LDL"	"<0.2"
"rs17618275"	0.468521082957745	0.939151126961193	0.040762652439901	"LDL"	"<0.2"
"rs17618331"	0.962573502059376	0.0413448719678353	0.00771179708528108	"LDL"	"<0.2"
"rs17620955"	0.97469413473523	0.116919147466416	0.00100619264481473	"LDL"	"<0.2"
"rs17637953"	0.1444808443322	0.926692316176432	0.000216115847781932	"LDL"	"<0.2"
"rs17638159"	0.42021640338319	0.593199321018655	0.00243306265076783	"LDL"	"<0.2"
"rs17677908"	0.191789027075778	1.06459955755569	0.0326898848322948	"LDL"	"<0.2"
"rs17678338"	0.233587152887601	1.06459955755569	0.0354794237045178	"LDL"	"<0.2"
"rs17678737"	0.349692476868064	1.06459955755569	0.0364276391916257	"LDL"	"<0.2"
"rs17679603"	0.521433504406157	0.728934778767953	0.0364745925646266	"LDL"	"<0.2"
"rs17680103"	0.435333935747911	0.939151126961193	0.0406967264117361	"LDL"	"<0.2"
"rs17680430"	1.5185573714977	5.28820626381251	0.250583668215119	"LDL"	"0.2-0.4"
"rs17680741"	0.777283528852417	1.87456428067826	0.0959264818759207	"LDL"	"<0.2"
"rs17681121"	0.00966114521239857	1.19869715681177	0.0128949402904375	"LDL"	"<0.2"
"rs17693104"	0.292429823902064	3.78479350862054	0.0181916934616329	"LDL"	"<0.2"
"rs1815650"	2.20971483596676	8.63840058307473	0.408568158315282	"LDL"	"0.4-0.6"
"rs1815651"	1.75696195131371	10.0760041318441	0.469393624865787	"LDL"	"0.4-0.6"
"rs1815652"	1.02273378757271	3.80612438784764	0.119088390941015	"LDL"	"<0.2"
"rs1815653"	0.18575240426808	3.37344305274694	0.17375232165385	"LDL"	"<0.2"
"rs1819656"	1.30016227413275	0.417921857684629	0.0157993940458804	"LDL"	"<0.2"
"rs1819684"	0.935542010773082	0.132794228364561	0.0194589687016165	"LDL"	"<0.2"
"rs182290144"	0.238824186844269	0.36594009485993	0.000629514205031555	"LDL"	"<0.2"
"rs182313046"	0.197226274708024	0.0674039803706177	0.00626536247232623	"LDL"	"<0.2"
"rs1832683"	0.0936649581949093	0.631568064507161	0.0500201466549071	"LDL"	"<0.2"
"rs183306711"	0.161780778092374	0.0413448719678353	0.0111327836122536	"LDL"	"<0.2"
"rs183527912"	0.52432881167557	0.113380133723061	0.00626536247232623	"LDL"	"<0.2"
"rs183590085"	0.102372908709559	2.23019154788737	0.00427765420739339	"LDL"	"<0.2"
"rs184101315"	0.0942041196321315	0.584492464407217	0.00366385574791213	"LDL"	"<0.2"
"rs184137314"	0.1073489661227	0.00575677608735567	0.00470386358869567	"LDL"	"<0.2"
"rs184297860"	0.0675262353228468	0.262312893158673	5.40866821748941e-05	"LDL"	"<0.2"
"rs184397671"	0.137272471682025	0.75764743644993	0.00149572382258196	"LDL"	"<0.2"
"rs185184019"	0.18111458540599	0.41623349926672	6.17244061654909e-06	"LDL"	"<0.2"
"rs185264672"	0.476253533188436	0.0674039803706177	0.00626536247232623	"LDL"	"<0.2"
"rs1870136"	0.598599459218456	3.32670901066249	0.254932122305687	"LDL"	"0.2-0.4"
"rs1870138"	8.82102305270683	19.3360024237544	1	"LDL"	">=0.95"
"rs1870140"	10.0476919903379	14.6939118153098	0.768765534809411	"LDL"	"0.6-0.8"
"rs1870142"	1.95860731484178	10.0978986144289	0.510905519282809	"LDL"	"0.4-0.6"
"rs1870143"	0.518557371497695	3.1670404213428	0.150164654805762	"LDL"	"<0.2"
"rs1870144"	0.507239610973163	3.1670404213428	0.150164654805762	"LDL"	"<0.2"
"rs1870145"	0.928117992693875	2.4548191071093	0.233079546052193	"LDL"	"0.2-0.4"
"rs1870146"	0.472370099128661	0.939151126961193	0.040762652439901	"LDL"	"<0.2"
"rs1870148"	7.59345981956605	14.9371173098696	0.881472054582316	"LDL"	"0.8-0.95"
"rs1878034"	3.00261361560269	1.8493141579134	0.103215854667857	"LDL"	"<0.2"
"rs1878036"	8.54668165995296	17.1468252033052	0.974347208893441	"LDL"	">=0.95"
"rs1878041"	1.34582345812204	0.420962201282934	6.7943533129394e-05	"LDL"	"<0.2"
"rs1878043"	0.147520006363144	0.766019589158593	0.0192234758450659	"LDL"	"<0.2"
"rs1878044"	0.1438755557577	0.766019589158593	0.0198434774265133	"LDL"	"<0.2"
"rs1890578"	0.581698708680255	8.3058249216585	0.385876300433001	"LDL"	"0.2-0.4"
"rs1890889"	1.40120949323689	9.31247638946903	0.370970591322728	"LDL"	"0.2-0.4"
"rs189373983"	0.896196279044043	0.0413448719678353	0.00846336297721061	"LDL"	"<0.2"
"rs189773378"	0.106793246940152	0.159485534439548	0.00445459470748065	"LDL"	"<0.2"
"rs190213378"	0.0599818449923368	0.559859480586112	0.00225643824416713	"LDL"	"<0.2"
"rs190600096"	0.465973893943865	0.0674039803706177	0.00626536247232623	"LDL"	"<0.2"
"rs191247057"	0.246416941107093	0.805960450184778	0.000725892409979144	"LDL"	"<0.2"
"rs1913751"	0.17979854051436	0.869720923883419	0.00210597696011961	"LDL"	"<0.2"
"rs1913752"	0.290730039024169	0.761590045285543	0.0215163254042307	"LDL"	"<0.2"
"rs1913753"	0.97469413473523	0.0595427863633833	9.68324160782956e-05	"LDL"	"<0.2"
"rs1913754"	0.356547323513813	0.0974135435283306	8.19659799298676e-05	"LDL"	"<0.2"
"rs1913758"	0.0893755951107988	0.619665725613994	0.0636887728301825	"LDL"	"<0.2"
"rs1913759"	0.0925886392254138	0.619665725613994	0.0636887728301825	"LDL"	"<0.2"
"rs1913760"	0.0947439512515487	0.619665725613994	0.0636887728301825	"LDL"	"<0.2"
"rs1913761"	0.698970004336019	0.506100211132645	0.0366418992547782	"LDL"	"<0.2"
"rs1913762"	0.229884705212898	3.28939527954805	0.143677735520434	"LDL"	"<0.2"
"rs191523462"	0.190440285364732	0.0413448719678353	0.0111327836122536	"LDL"	"<0.2"
"rs192127052"	0.882728704344236	0.865179261771945	0.00797768684071866	"LDL"	"<0.2"
"rs192589224"	0.0540392964224314	0.803602715562657	0.00115338649697718	"LDL"	"<0.2"
"rs192903832"	0.0904439707588247	0.131521906500552	0.0135762813935199	"LDL"	"<0.2"
"rs1934146"	1.36552272983927	9.31247638946903	0.370970591322728	"LDL"	"0.2-0.4"
"rs1934693"	2.13018179202067	9.18326832365478	0.396413200783626	"LDL"	"0.2-0.4"
"rs1934694"	2.12551818230053	9.18326832365478	0.396413200783626	"LDL"	"0.2-0.4"
"rs1934695"	1.77989191195995	9.69561719751093	0.451595993767578	"LDL"	"0.4-0.6"
"rs1934696"	2.09636748391576	9.18326832365478	0.396413200783626	"LDL"	"0.2-0.4"
"rs1934697"	0.357535479757879	3.61537781154846	0.174082706231484	"LDL"	"<0.2"
"rs1953970"	0.354577730650908	3.37344305274694	0.17375232165385	"LDL"	"<0.2"
"rs1953972"	1.99139982823808	9.30834837322808	0.401261576828224	"LDL"	"0.4-0.6"
"rs1970433"	2.10902040301031	9.18326832365478	0.396413200783626	"LDL"	"0.2-0.4"
"rs1970434"	1.47495519296315	9.18326832365478	0.396413200783626	"LDL"	"0.2-0.4"
"rs1972370"	1.78781239559604	10.3313830181126	0.451595993767578	"LDL"	"0.4-0.6"
"rs1972371"	2.13489602535887	9.18326832365478	0.396413200783626	"LDL"	"0.2-0.4"
"rs1985908"	0.853871964321762	3.16094388197106	0.0935443491090335	"LDL"	"<0.2"
"rs1989126"	0.255707016877324	1.19356834387508	0.00430361739786106	"LDL"	"<0.2"
"rs1993484"	4.53910215724345	12.8508948661002	0.731669419189888	"LDL"	"0.6-0.8"
"rs199881577"	0.512861624522814	0.0518140221779264	8.16409491145678e-08	"LDL"	"<0.2"
"rs2012845"	0.510041520575165	0.368644519446182	0.00252135414979236	"LDL"	"<0.2"
"rs2039757"	1.3777859770337	9.31247638946903	0.370970591322728	"LDL"	"0.2-0.4"
"rs2050822"	1.23062267392386	4.72403941720609	0.238510949329467	"LDL"	"0.2-0.4"
"rs2050823"	1.23433144524099	4.72403941720609	0.238510949329467	"LDL"	"0.2-0.4"
"rs2050824"	2.12784372725171	9.18326832365478	0.396413200783626	"LDL"	"0.2-0.4"
"rs2066167"	0.223298816011589	0.274205120447635	0.0200282803182381	"LDL"	"<0.2"
"rs2068202"	0.115204636051019	0.15769412367114	0.00734786317905254	"LDL"	"<0.2"
"rs2075374"	0.0118871597316481	0.324957099612153	0.000695777870662259	"LDL"	"<0.2"
"rs2081343"	0.204119982655925	1.66791517953549	0.00133338283874128	"LDL"	"<0.2"
"rs2085490"	0.293282217663241	3.00828406833041	0.243651298633759	"LDL"	"0.2-0.4"
"rs2095994"	2.13667713987954	9.18326832365478	0.396413200783626	"LDL"	"0.2-0.4"
"rs2113595"	0.123205023799299	0.257724317172851	0.000265698475276682	"LDL"	"<0.2"
"rs2125037"	0.100179497572904	0.162470271236682	0.0293851507911789	"LDL"	"<0.2"
"rs2125039"	1.00744648216786	2.82850464663863	0.234131065747913	"LDL"	"0.2-0.4"
"rs2138285"	2.49485002168009	2.19245820727227	0.148701634972896	"LDL"	"<0.2"
"rs2138286"	0.777283528852417	0.208948985386998	0.0122104471463471	"LDL"	"<0.2"
"rs2138287"	0.621602099051862	0.678515490991412	0.0391141669567985	"LDL"	"<0.2"
"rs2153455"	1.74714696902011	10.447213798334	0.456673145334336	"LDL"	"0.4-0.6"
"rs2161885"	0.172630726946175	0.425947886637441	0.000363913302410969	"LDL"	"<0.2"
"rs2168721"	1.89619627904404	5.93686187345518	0.371307266217477	"LDL"	"0.2-0.4"
"rs2176106"	0.838631997765025	0.49854635283603	0.0339899410138791	"LDL"	"<0.2"
"rs2185424"	1.05012229596313	0.485353977750041	0.0180127523921373	"LDL"	"<0.2"
"rs2185425"	1.74232142513082	10.447213798334	0.456673145334336	"LDL"	"0.4-0.6"
"rs2185426"	1.76447155309245	10.3313830181126	0.451595993767578	"LDL"	"0.4-0.6"
"rs2185427"	0.636388020107856	8.3058249216585	0.385876300433001	"LDL"	"0.2-0.4"
"rs2203483"	0.761953896871205	0.0120317998602587	0.0145410360546966	"LDL"	"<0.2"
"rs2236568"	0.245651664288981	2.4009841998866	0.152020431548627	"LDL"	"<0.2"
"rs2236569"	0.459670525209126	8.38756053761708	0.376657279918274	"LDL"	"0.2-0.4"
"rs2259619"	0.530177984021837	2.80818303565879	0.154074300283068	"LDL"	"<0.2"
"rs2282367"	0.462180904926726	8.38756053761708	0.376657279918274	"LDL"	"0.2-0.4"
"rs2342812"	0.59176003468815	4.47404736505573	0.236347937801858	"LDL"	"0.2-0.4"
"rs2342813"	0.59176003468815	8.05486440311555	0.383979704405529	"LDL"	"0.2-0.4"
"rs2342815"	1.3829996588791	9.31247638946903	0.370970591322728	"LDL"	"0.2-0.4"
"rs2342816"	1.38721614328026	9.31247638946903	0.370970591322728	"LDL"	"0.2-0.4"
"rs2343302"	0.450996737974212	1.06459955755569	0.03554511475766	"LDL"	"<0.2"
"rs2343306"	4.68402965454308	12.8508948661002	0.731669419189888	"LDL"	"0.6-0.8"
"rs2343308"	7.18177410638605	2.08332027701575	0.154927758511241	"LDL"	"<0.2"
"rs2343527"	0.360513510731414	1.00128262659096	0.000645825505429471	"LDL"	"<0.2"
"rs2343528"	1.0893755951108	0.171541833058094	0.0105058277296159	"LDL"	"<0.2"
"rs2343550"	0.0423927129399047	1.52557538285375	0.0700037174728361	"LDL"	"<0.2"
"rs2343551"	7.67366413907125	20.4045522807741	1	"LDL"	">=0.95"
"rs2343555"	0.114073660198569	0.123688611364543	0.0285892005176958	"LDL"	"<0.2"
"rs2343556"	0.749579997691106	0.682847968536039	0.0419679367096179	"LDL"	"<0.2"
"rs2343558"	0.164309428507574	0.0818249225099297	9.35709499341181e-05	"LDL"	"<0.2"
"rs2343559"	0.75448733218585	0.0120317998602587	0.0140118919330432	"LDL"	"<0.2"
"rs2343584"	0.686132779630847	0.0120317998602587	0.0140118919330432	"LDL"	"<0.2"
"rs2344765"	1.7281583934635	1.05256235673578	0.00212824511811731	"LDL"	"<0.2"
"rs2344766"	0.357535479757879	0.269655468307099	0.00840735518433941	"LDL"	"<0.2"
"rs2344767"	0.199282921717615	0.0366514097716815	0.00244881877163079	"LDL"	"<0.2"
"rs2344768"	0.640164517660112	0.0797681136582413	9.74082953647788e-05	"LDL"	"<0.2"
"rs2486302"	1.37161106994969	9.31247638946903	0.370970591322728	"LDL"	"0.2-0.4"
"rs2486303"	1.10127481841051	9.76630095252618	0.420217767903894	"LDL"	"0.4-0.6"
"rs2486304"	1.08618614761628	9.76630095252618	0.420217767903894	"LDL"	"0.4-0.6"
"rs2486305"	1.2958494831602	0.417921857684629	0.0157993940458804	"LDL"	"<0.2"
"rs2487073"	0.22112552799726	0.455119964103206	0.0171028826944395	"LDL"	"<0.2"
"rs2487074"	1.11861534322943	9.76630095252618	0.420217767903894	"LDL"	"0.4-0.6"
"rs2573326"	1.02319166266193	2.89557434980268	0.123631671982466	"LDL"	"<0.2"
"rs2819898"	0.0467236633326956	0.824470792012334	0.049501066877568	"LDL"	"<0.2"
"rs28397083"	0.294992040666664	1.41516239406876	0.0757513030398649	"LDL"	"<0.2"
"rs28433331"	0.296708621881339	1.44228712836295	0.0757513030398649	"LDL"	"<0.2"
"rs28493052"	0.199282921717615	0.812524403012287	0.000645825505429471	"LDL"	"<0.2"
"rs2880456"	0.94692155651658	0.132794228364561	0.0194589687016165	"LDL"	"<0.2"
"rs2880599"	0.467245621007502	1.06459955755569	0.03554511475766	"LDL"	"<0.2"
"rs2880648"	0.0705810742857073	0.193330363701963	0.0301620552094428	"LDL"	"<0.2"
"rs2880649"	0.667561540084395	0.744334395075872	0.0107692958944433	"LDL"	"<0.2"
"rs2880654"	1.32239304727951	0.348019733766254	8.49509070316312e-05	"LDL"	"<0.2"
"rs2880655"	0.806875401645538	3.274617680405	0.0279646187647789	"LDL"	"<0.2"
"rs2993759"	0.818156412055228	4.23916904968093	0.19017226169893	"LDL"	"<0.2"
"rs2993761"	0.557520230935551	4.46238614182144	0.190251977672437	"LDL"	"<0.2"
"rs2993762"	0.525783735923745	4.23916904968093	0.190251977672437	"LDL"	"<0.2"
"rs2993763"	0.234331445240986	2.4009841998866	0.152020431548627	"LDL"	"<0.2"
"rs2994386"	0.838631997765025	4.23916904968093	0.19017226169893	"LDL"	"<0.2"
"rs2994388"	0.261219441515631	2.4009841998866	0.152020431548627	"LDL"	"<0.2"
"rs3120976"	0.385102783966865	8.0988371211173	0.379387949328425	"LDL"	"0.2-0.4"
"rs3195896"	0.573488738635425	3.2530787012421	0.146383654379106	"LDL"	"<0.2"
"rs3195899"	0.507239610973163	3.2530787012421	0.148920230511854	"LDL"	"<0.2"
"rs3195900"	0.508638306165727	3.2530787012421	0.15063919564947	"LDL"	"<0.2"
"rs34007464"	0.212539525481585	0.903813254935787	0.0560038506638247	"LDL"	"<0.2"
"rs34023636"	0.16304326294045	0.0949838517649594	0.0208715216065038	"LDL"	"<0.2"
"rs34033165"	0.0209070993616736	1.64009245730551	0.000658473084892862	"LDL"	"<0.2"
"rs34189002"	0.141462802430361	0.0818249225099297	9.35709499341181e-05	"LDL"	"<0.2"
"rs34215840"	0.0168249279621871	0.810119642157295	0.0928128444948158	"LDL"	"<0.2"
"rs34268041"	0.416801226031377	1.06459955755569	0.0352920642716285	"LDL"	"<0.2"
"rs34279451"	0.0218194830625861	0.810119642157295	0.0928128444948158	"LDL"	"<0.2"
"rs34295552"	0.0296531237699066	3.05201811908948	0.178798803889974	"LDL"	"<0.2"
"rs34413309"	1.2572748686953	3.85349987135435	0.256746339193454	"LDL"	"0.2-0.4"
"rs34486473"	0.0931264652779296	0.044823315211189	0.000446785151393898	"LDL"	"<0.2"
"rs34515119"	0.853871964321762	2.97777789549229	0.201851824181441	"LDL"	"0.2-0.4"
"rs34533074"	0.259637310505756	3.28939527954805	0.162386774368327	"LDL"	"<0.2"
"rs34534994"	0.00392634551472468	0.310332485391201	0.0174166173042762	"LDL"	"<0.2"
"rs34560976"	0.149353764816934	0.0818249225099297	9.35709499341181e-05	"LDL"	"<0.2"
"rs34583742"	0.0428718023231869	1.65340646956537	0.0784115875683013	"LDL"	"<0.2"
"rs34782759"	0.552841968657781	0.728934778767953	0.0346248247178367	"LDL"	"<0.2"
"rs34866993"	0.217527375833714	0.787812395596042	2.3532604062736e-05	"LDL"	"<0.2"
"rs34894697"	0.247183568811729	0.484872247380055	0.0632840199028386	"LDL"	"<0.2"
"rs34954495"	0.24033215531037	0.584492464407217	0.00246186705669833	"LDL"	"<0.2"
"rs34964315"	0.150580586203101	0.0818249225099297	9.35709499341181e-05	"LDL"	"<0.2"
"rs34965541"	1.26440110030182	3.85349987135435	0.256746339193454	"LDL"	"0.2-0.4"
"rs35052296"	0.177178354696895	0.0818249225099297	1.75245200223006e-05	"LDL"	"<0.2"
"rs35154155"	0.0357403698031511	0.810119642157295	0.0928128444948158	"LDL"	"<0.2"
"rs35213726"	0.155522824254319	1.5428677944524	0.0477380929134584	"LDL"	"<0.2"
"rs35266651"	0.79317412396815	0.160197138887366	0.0115549182259666	"LDL"	"<0.2"
"rs35269135"	0.00436480540245009	0.902687148600854	0.0680644614469463	"LDL"	"<0.2"
"rs35344091"	0.962573502059376	0.132794228364561	0.0194589687016165	"LDL"	"<0.2"
"rs35353819"	2.09258863922541	9.18326832365478	0.396413200783626	"LDL"	"0.2-0.4"
"rs35414786"	0.0376306643299789	1.54819361501071	0.0696449025804691	"LDL"	"<0.2"
"rs35547640"	0.396855627379818	1.06459955755569	0.0373727046151965	"LDL"	"<0.2"
"rs35614327"	0.443697499232713	0.318878210031708	0.00261484332095026	"LDL"	"<0.2"
"rs35671072"	0.428291168191312	1.20256209953661	0.0358043927450831	"LDL"	"<0.2"
"rs35740944"	0.978810700930062	2.82230481679452	0.201851824181441	"LDL"	"0.2-0.4"
"rs35743232"	0.863279432843593	2.97777789549229	0.201851824181441	"LDL"	"0.2-0.4"
"rs35828718"	0.636388020107856	0.904150960442425	0.0344627908942105	"LDL"	"<0.2"
"rs35976818"	0.0899094544059319	0.619665725613994	0.0656421060679721	"LDL"	"<0.2"
"rs36093436"	0.903089986991944	2.97777789549229	0.201851824181441	"LDL"	"0.2-0.4"
"rs36095216"	0.0783135245163979	0.619665725613994	0.0636887728301825	"LDL"	"<0.2"
"rs36113069"	0.0639892042847904	1.31797502581589	0.0769025772952831	"LDL"	"<0.2"
"rs3802638"	1.72353819582676	10.0865278917233	0.503236003833174	"LDL"	"0.4-0.6"
"rs3827869"	0.0462403082667712	0.898366324701276	0.0400485417276085	"LDL"	"<0.2"
"rs3844126"	0.692503962086787	7.04459754451146	0.304279514487046	"LDL"	"0.2-0.4"
"rs3851056"	0.512861624522814	4.46238614182144	0.193838339426167	"LDL"	"<0.2"
"rs3851057"	0.239577516576788	1.69849688115606	0.0578793416726342	"LDL"	"<0.2"
"rs3851058"	0.266000713461613	1.69849688115606	0.0578793416726342	"LDL"	"<0.2"
"rs3851059"	0.22767829327708	1.81576581249045	0.0648088291856554	"LDL"	"<0.2"
"rs3862532"	0.527243550682788	8.37276424638169	0.369008095519881	"LDL"	"0.2-0.4"
"rs3862533"	0.048176964684088	3.40823218282447	0.143551755020569	"LDL"	"<0.2"
"rs3862534"	1.27083521030723	0.417921857684629	0.0157993940458804	"LDL"	"<0.2"
"rs4036803"	0.394694953858891	0.0797681136582413	9.74082953647788e-05	"LDL"	"<0.2"
"rs4038156"	0.866461091629783	0.486127455731697	0.0121796808304771	"LDL"	"<0.2"
"rs4120852"	0.677780705266081	7.04459754451146	0.300007750373653	"LDL"	"0.2-0.4"
"rs41284064"	0.231361898752386	0.0156203268680529	0.0171028826944395	"LDL"	"<0.2"
"rs41284066"	1.22694530663574	0.461218970218154	0.0180127523921373	"LDL"	"<0.2"
"rs41284080"	0.507239610973163	0.0674039803706177	0.00626536247232623	"LDL"	"<0.2"
"rs41284082"	0.490797477668897	0.677817932102845	0.00150426006872209	"LDL"	"<0.2"
"rs41284090"	0.552841968657781	3.17829000270162	0.0154909906365567	"LDL"	"<0.2"
"rs41296143"	0.0241088635982073	0.120355431824981	0.00127110959508194	"LDL"	"<0.2"
"rs41300223"	1.37468754903833	0.632029418956606	0.00298270647333694	"LDL"	"<0.2"
"rs41306848"	0.302770657240282	0.677817932102845	0.00138991541590912	"LDL"	"<0.2"
"rs4146515"	1.35654732351381	4.58416726572461	0.232225116380786	"LDL"	"0.2-0.4"
"rs4258322"	1.96257350205938	10.0978986144289	0.510905519282809	"LDL"	"0.4-0.6"
"rs4265545"	2.12090412049993	9.18326832365478	0.400505356550663	"LDL"	"0.4-0.6"
"rs4322334"	0.679853713888946	0.0797681136582413	9.74082953647788e-05	"LDL"	"<0.2"
"rs4342966"	0.0655015487564323	0.165365063309526	0.00255611631685548	"LDL"	"<0.2"
"rs4357632"	2.14146280243036	9.18326832365478	0.396413200783626	"LDL"	"0.2-0.4"
"rs4387297"	2.06803388527183	9.31371058991181	0.502671231461377	"LDL"	"0.4-0.6"
"rs4394789"	0.468521082957745	0.325116823737576	0.00274956839216627	"LDL"	"<0.2"
"rs4406769"	0.663540266151471	0.651187134358285	0.00441953734934931	"LDL"	"<0.2"
"rs4433520"	0.528708288941061	1.25062780981259	0.000267889758720672	"LDL"	"<0.2"
"rs4515913"	2.23136189875239	9.54540664645044	0.413139349805231	"LDL"	"0.4-0.6"
"rs4536152"	2.08354605145008	9.18326832365478	0.400505356550663	"LDL"	"0.4-0.6"
"rs4547039"	0.111259039317107	0.101959151760043	0.0366531729273301	"LDL"	"<0.2"
"rs45494892"	0.454692883534176	0.0674039803706177	0.00626536247232623	"LDL"	"<0.2"
"rs45526031"	2.61261017366127	0.827058637785759	0.0178871145342329	"LDL"	"<0.2"
"rs4578323"	1.67985371388895	2.47605463546024	0.155392563218333	"LDL"	"<0.2"
"rs4601708"	2.11350927482752	9.18326832365478	0.396413200783626	"LDL"	"0.2-0.4"
"rs4933327"	0.0433514207947967	0.898366324701276	0.0400485417276085	"LDL"	"<0.2"
"rs4933377"	1.62893213772826	9.25976050968606	0.401261576828224	"LDL"	"0.4-0.6"
"rs4933378"	2.02594909720712	9.30834837322808	0.401261576828224	"LDL"	"0.4-0.6"
"rs4933379"	0.312471038785366	3.29806953468138	0.175729920614094	"LDL"	"<0.2"
"rs4933390"	0.540607512240769	3.41822436720819	0.276222273296138	"LDL"	"0.2-0.4"
"rs4933397"	1.6903698325741	2.06821170303662	0.149622104222934	"LDL"	"<0.2"
"rs4933445"	0.0241088635982073	0.443024863943549	0.045602645314461	"LDL"	"<0.2"
"rs4933447"	0.258848401148215	0.260490945331702	0.000578194242264197	"LDL"	"<0.2"
"rs4933462"	0.785156151952302	2.15609853713586	0.0408967857983183	"LDL"	"<0.2"
"rs4933463"	0.782516055786094	2.15609853713586	0.0408967857983183	"LDL"	"<0.2"
"rs4933477"	0.709965388637482	0.0796136711264422	0.00771372119695342	"LDL"	"<0.2"
"rs4934012"	0.147520006363144	1.29568558079982	0.0464396150291789	"LDL"	"<0.2"
"rs4934027"	0.0467236633326956	0.898366324701276	0.0400485417276085	"LDL"	"<0.2"
"rs4934028"	0.208309350979882	2.05925447517393	0.116710224039529	"LDL"	"<0.2"
"rs4934038"	0.640164517660112	8.3058249216585	0.385876300433001	"LDL"	"0.2-0.4"
"rs4934084"	1.59859945921846	10.3313830181126	0.451595993767578	"LDL"	"0.4-0.6"
"rs4934125"	1.58670023591875	10.447213798334	0.456673145334336	"LDL"	"0.4-0.6"
"rs4934126"	1.41005039867429	4.87726655456901	0.242021643331153	"LDL"	"0.2-0.4"
"rs4934134"	1.25963731050576	4.72403941720609	0.237382965875212	"LDL"	"0.2-0.4"
"rs4934139"	1.97061622231479	9.80347839659941	0.482670003947001	"LDL"	"0.4-0.6"
"rs4934147"	0.575118363368933	3.1670404213428	0.148202844484406	"LDL"	"<0.2"
"rs4934153"	1.89962945488244	10.0978986144289	0.510905519282809	"LDL"	"0.4-0.6"
"rs4934165"	0.640164517660112	3.12358469272143	0.213912544612076	"LDL"	"0.2-0.4"
"rs4934167"	0.640164517660112	3.12358469272143	0.212775169486987	"LDL"	"0.2-0.4"
"rs4934168"	0.665546248849069	2.88044720233288	0.212775169486987	"LDL"	"0.2-0.4"
"rs4934169"	2.61618463401957	10.0686662311784	0.56489254438005	"LDL"	"0.4-0.6"
"rs4934170"	1.00788851221305	3.20708117289253	0.234095211025029	"LDL"	"0.2-0.4"
"rs4934189"	0.563837352959244	3.231259071177	0.28716208127265	"LDL"	"0.2-0.4"
"rs4934192"	1.06499684854635	2.64142180722634	0.252975945059639	"LDL"	"0.2-0.4"
"rs4934351"	0.0245681914907371	0.397657808963773	0.0442974462798202	"LDL"	"<0.2"
"rs4934371"	0.777283528852417	2.15609853713586	0.0408967857983183	"LDL"	"<0.2"
"rs4934372"	0.764471553092451	2.2557234499524	0.0408967857983183	"LDL"	"<0.2"
"rs4934386"	0.714442690992226	0.00222144217674891	0.0134923893546904	"LDL"	"<0.2"
"rs4934387"	0.164309428507574	0.53277086512394	0.0155406389837966	"LDL"	"<0.2"
"rs4934388"	0.705533773838407	0.0120317998602587	0.0140118919330432	"LDL"	"<0.2"
"rs4934394"	0.991399828238082	0.0712365870094229	5.52652189532992e-05	"LDL"	"<0.2"
"rs4934395"	0.357535479757879	0.297139690269315	0.000138828289901419	"LDL"	"<0.2"
"rs4934417"	0.345823458122039	0.515525054250086	0.00117997341099576	"LDL"	"<0.2"
"rs4934418"	0.193141970481183	0.435591985686013	0.000254161258049133	"LDL"	"<0.2"
"rs4934419"	0.317854923626168	0.148753273401441	0.00184963172346478	"LDL"	"<0.2"
"rs4934426"	0.443697499232713	0.364031963258938	0.000173390705539054	"LDL"	"<0.2"
"rs532218801"	0.0609802235513335	0.559859480586112	0.00225643824416713	"LDL"	"<0.2"
"rs533871867"	0.517126416391246	0.379036761783674	0.00366385574791213	"LDL"	"<0.2"
"rs537617420"	0.679853713888946	0.290286640420594	0.0102189553863261	"LDL"	"<0.2"
"rs540546993"	0.701146923590293	0.509461443352688	0.00269497330575134	"LDL"	"<0.2"
"rs551564466"	0.128427064454121	0.131196329900143	0.00200372985085213	"LDL"	"<0.2"
"rs552738302"	0.00877392430750515	0.300111999438119	2.58581857529659e-05	"LDL"	"<0.2"
"rs55654466"	0.103473782510445	0.262312893158673	6.83587855089591e-06	"LDL"	"<0.2"
"rs55732213"	0.208309350979882	0.75120554072874	0.00454383925447111	"LDL"	"<0.2"
"rs55739791"	0.100179497572904	0.619665725613994	0.0636887728301825	"LDL"	"<0.2"
"rs55855057"	0.166852888087215	0.801926028578754	0.0306721649576042	"LDL"	"<0.2"
"rs55897874"	2.13489602535887	4.66892716760123	0.160268744610907	"LDL"	"<0.2"
"rs55899456"	0.1944991418416	1.06459955755569	0.0326898848322948	"LDL"	"<0.2"
"rs55901776"	0.490797477668897	3.61537781154846	0.171783949575164	"LDL"	"<0.2"
"rs55931985"	0.744727494896694	0.893095501064357	4.08272092373086e-05	"LDL"	"<0.2"
"rs55943223"	0.774690718274137	2.0449591229871	0.0959264818759207	"LDL"	"<0.2"
"rs559530232"	4.56383735295924	1.71223632847026	0.0769659764073174	"LDL"	"<0.2"
"rs55992253"	1.23136189875239	0.788703212616017	0.00295397187101833	"LDL"	"<0.2"
"rs56088018"	1.09582563171584	0.491227951729074	0.00255611631685548	"LDL"	"<0.2"
"rs56123000"	1.62893213772826	0.561286814858745	0.000910490048908443	"LDL"	"<0.2"
"rs56147535"	0.159266765388193	0.801926028578754	0.0306721649576042	"LDL"	"<0.2"
"rs56154304"	1.0096611452124	0.282158974217376	0.0066846372919217	"LDL"	"<0.2"
"rs56184245"	0.134303940083929	0.801926028578754	0.0297845924584305	"LDL"	"<0.2"
"rs56219300"	1.64016451766011	0.561286814858745	0.000910490048908443	"LDL"	"<0.2"
"rs56219677"	0.619788758288394	3.39744844846474	0.0424321195234759	"LDL"	"<0.2"
"rs56239591"	1.85698519974591	0.65506765057959	0.000910490048908443	"LDL"	"<0.2"
"rs56295829"	0.438898616350944	1.03389254266448	0.020686971189009	"LDL"	"<0.2"
"rs56320756"	1.91364016932525	0.65506765057959	0.000910490048908443	"LDL"	"<0.2"
"rs56362625"	0.0798766737092761	0.0500209236736438	2.41292122523378e-05	"LDL"	"<0.2"
"rs56364447"	0.494850021680094	0.180822078849391	3.47480128358367e-05	"LDL"	"<0.2"
"rs56758452"	0.0491485411114536	1.11077507633695	0.000208162714504779	"LDL"	"<0.2"
"rs56871714"	0.0974532206860086	0.224940322930333	6.4546878484508e-05	"LDL"	"<0.2"
"rs56968814"	0.0385789059335517	0.729335136020485	0.00255611631685548	"LDL"	"<0.2"
"rs571431811"	0.312471038785366	0.766394780837728	2.78029009703004e-05	"LDL"	"<0.2"
"rs572697157"	0.485452247339714	0.0413448719678353	0.00846336297721061	"LDL"	"<0.2"
"rs572998301"	0.72584215073632	0.686685486301673	0.000725892409979144	"LDL"	"<0.2"
"rs57342950"	0.0560111249262281	0.807973661095347	0.0322825479629367	"LDL"	"<0.2"
"rs57642508"	0.795880017344075	0.843220739621824	0.0418146896264026	"LDL"	"<0.2"
"rs57929966"	2.30980391997149	0.037360320846762	0.00255611631685548	"LDL"	"<0.2"
"rs58028281"	0.0101054362812269	0.251760791303009	3.25945065322744e-05	"LDL"	"<0.2"
"rs58082336"	0.0338582672609674	1.00476287171127	0.000208162714504779	"LDL"	"<0.2"
"rs58167861"	1.33441900898205	0.105536058634459	0.00255611631685548	"LDL"	"<0.2"
"rs58411552"	1.82102305270683	0.558026942009221	0.0184164188673692	"LDL"	"<0.2"
"rs58560242"	0.068542129310995	0.0226665206129119	0.021348920394961	"LDL"	"<0.2"
"rs58702310"	0.815308569182401	0.0641774561293674	8.16409491145678e-08	"LDL"	"<0.2"
"rs58844605"	0.72584215073632	0.214000017704385	0.00255611631685548	"LDL"	"<0.2"
"rs58903768"	0.97061622231479	0.592006091487676	0.00255611631685548	"LDL"	"<0.2"
"rs58991931"	0.821023052706831	0.864355405705437	0.00255611631685548	"LDL"	"<0.2"
"rs59028692"	1.01367622294923	3.20708117289253	0.234095211025029	"LDL"	"0.2-0.4"
"rs59137417"	0.423658649794207	0.630891801573575	0.000208162714504779	"LDL"	"<0.2"
"rs59140600"	0.0254883072626717	0.72933280729507	0.000208162714504779	"LDL"	"<0.2"
"rs59269369"	1.97061622231479	0.774378035433254	0.0154566681590991	"LDL"	"<0.2"
"rs59495777"	0.510041520575165	0.281241796090211	0.0151859260766109	"LDL"	"<0.2"
"rs59577534"	1.23957751657679	3.62249704933839	0.256746339193454	"LDL"	"0.2-0.4"
"rs59616746"	0.829738284605043	0.160739468579694	0.00107959066226712	"LDL"	"<0.2"
"rs59617064"	0.0218194830625861	0.443024863943549	0.0437703755527025	"LDL"	"<0.2"
"rs59643748"	1.00744648216786	3.20708117289253	0.234095211025029	"LDL"	"0.2-0.4"
"rs59806247"	0.0472075569559079	0.956779234636922	0.0322825479629367	"LDL"	"<0.2"
"rs59949474"	0.181774106386045	0.684499870183669	0.00260930389133174	"LDL"	"<0.2"
"rs60011422"	2.34872198600186	0.0295736188888087	0.00255611631685548	"LDL"	"<0.2"
"rs60089690"	0.787812395596042	0.843220739621824	0.0418146896264026	"LDL"	"<0.2"
"rs60204118"	0.392544976785331	3.19305186880484	0.103456110247864	"LDL"	"<0.2"
"rs60300749"	0.0324520237811379	0.537610987597072	3.25945065322744e-05	"LDL"	"<0.2"
"rs60345242"	0.525783735923745	0.710330795112173	0.000417994068003585	"LDL"	"<0.2"
"rs60390678"	0.0525662781129493	0.604092024433264	0.0636887728301825	"LDL"	"<0.2"
"rs60414438"	1.06098022355133	0.0590907359181165	0.00168146723039478	"LDL"	"<0.2"
"rs60575307"	0.449771646944906	1.00128262659096	0.000645825505429471	"LDL"	"<0.2"
"rs60624908"	1.61618463401957	0.561286814858745	0.000910490048908443	"LDL"	"<0.2"
"rs60890045"	1.27984069659404	0.163134935933756	0.00168428857162563	"LDL"	"<0.2"
"rs60991538"	0.273272790973428	0.903813254935787	0.0556475630551797	"LDL"	"<0.2"
"rs61188968"	2.11182050608168	0.71556701008611	0.0137470847115685	"LDL"	"<0.2"
"rs61411102"	1.62893213772826	1.00296722454644	0.0159643406732183	"LDL"	"<0.2"
"rs61435930"	0.815308569182401	1.41847130745429	0.0230526382699221	"LDL"	"<0.2"
"rs61859173"	0.254144804826271	0.903813254935787	0.0556475630551797	"LDL"	"<0.2"
"rs61859174"	0.223298816011589	0.903813254935787	0.0556475630551797	"LDL"	"<0.2"
"rs61859189"	0.0433514207947967	0.956779234636922	0.0322825479629367	"LDL"	"<0.2"
"rs61859191"	0.230622673923862	1.06459955755569	0.0354794237045178	"LDL"	"<0.2"
"rs61859195"	0.0236500209967266	0.956779234636922	0.0322825479629367	"LDL"	"<0.2"
"rs61859196"	0.247183568811729	1.06459955755569	0.0354794237045178	"LDL"	"<0.2"
"rs61859197"	0.253365801062421	1.06459955755569	0.0354794237045178	"LDL"	"<0.2"
"rs61859198"	0.255707016877324	1.06459955755569	0.0354794237045178	"LDL"	"<0.2"
"rs61859209"	0.349692476868064	1.06459955755569	0.0364276391916257	"LDL"	"<0.2"
"rs61859215"	0.425968732272281	1.06459955755569	0.0352920642716285	"LDL"	"<0.2"
"rs61859233"	1.14508697769214	6.60267886741462	0.24771790227983	"LDL"	"0.2-0.4"
"rs61859236"	1.33161408331	7.18554330052473	0.23038615235584	"LDL"	"0.2-0.4"
"rs61859360"	0.97469413473523	0.0288248487284229	0.0123780719766197	"LDL"	"<0.2"
"rs61859363"	0.847711655616944	0.125036029469454	0.0102823766574349	"LDL"	"<0.2"
"rs61859391"	0.402304814074488	0.359286073990734	0.0036363979974709	"LDL"	"<0.2"
"rs61859392"	0.559090917934782	0.180822078849391	3.47480128358367e-05	"LDL"	"<0.2"
"rs61859394"	0.0867160982395816	0.0339812956628488	0.000142912823177862	"LDL"	"<0.2"
"rs61859395"	0.326058001365912	0.0437177262697974	3.82372103036386e-05	"LDL"	"<0.2"
"rs61859396"	0.290730039024169	0.00878278755063863	3.82372103036386e-05	"LDL"	"<0.2"
"rs61859397"	0.101274818410506	0.0336686276217569	2.41292122523378e-05	"LDL"	"<0.2"
"rs61861594"	0.815308569182401	4.14176246070665	0.0902794355067424	"LDL"	"<0.2"
"rs61862387"	0.143271109617117	0.801926028578754	0.0297845924584305	"LDL"	"<0.2"
"rs62621256"	0.485452247339714	0.110345961449284	0.0227310366949552	"LDL"	"<0.2"
"rs6585944"	1.98296666070122	9.11172612892053	0.398454212452636	"LDL"	"0.2-0.4"
"rs6585946"	1.96257350205938	9.18326832365478	0.396413200783626	"LDL"	"0.2-0.4"
"rs6585947"	1.34969247686806	9.69561719751093	0.451595993767578	"LDL"	"0.4-0.6"
"rs6585967"	2.05012229596313	9.30834837322808	0.401261576828224	"LDL"	"0.4-0.6"
"rs6585968"	2.01502287358451	9.30834837322808	0.401261576828224	"LDL"	"0.4-0.6"
"rs6585986"	1.89279003035213	10.4486427264773	0.480201982218575	"LDL"	"0.4-0.6"
"rs6585989"	1.38721614328026	1.36244723231536	0.0851940069208226	"LDL"	"<0.2"
"rs6585994"	1.30016227413275	3.86961476261635	0.266672082017704	"LDL"	"0.2-0.4"
"rs6586028"	8.84163750790475	20.4045522807741	0.980610100822689	"LDL"	">=0.95"
"rs6586030"	9.79317412396815	14.6939118153098	0.774295333069845	"LDL"	"0.6-0.8"
"rs6586051"	0.149353764816934	0.766019589158593	0.0198434774265133	"LDL"	"<0.2"
"rs6586052"	0.136677139879544	0.766019589158593	0.0198434774265133	"LDL"	"<0.2"
"rs6586067"	2.56703070912559	1.39582796700166	0.0182536304899701	"LDL"	"<0.2"
"rs6586068"	0.18575240426808	0.305548366666664	0.0319118806775665	"LDL"	"<0.2"
"rs6586086"	0.095284454721319	0.619665725613994	0.0636887728301825	"LDL"	"<0.2"
"rs6586087"	0.0936649581949093	0.619665725613994	0.0636887728301825	"LDL"	"<0.2"
"rs6586088"	0.536107011014093	0.0613492057162855	0.0233297680626217	"LDL"	"<0.2"
"rs6586089"	1.23957751657679	0.364316242300034	8.49509070316312e-05	"LDL"	"<0.2"
"rs6586090"	0.573488738635425	0.0613492057162855	0.0233297680626217	"LDL"	"<0.2"
"rs6586099"	0.510041520575165	0.0124861223184514	0.00198712354840307	"LDL"	"<0.2"
"rs6586105"	0.779891911959945	2.15609853713586	0.0408967857983183	"LDL"	"<0.2"
"rs6586106"	0.767003889607846	2.15609853713586	0.0408967857983183	"LDL"	"<0.2"
"rs6586107"	0.910094888560602	2.15609853713586	0.0408967857983183	"LDL"	"<0.2"
"rs6586109"	0.818156412055228	2.2557234499524	0.04146615369821	"LDL"	"<0.2"
"rs6586110"	0.806875401645538	2.2557234499524	0.04146615369821	"LDL"	"<0.2"
"rs6586111"	0.801342913045577	2.2557234499524	0.04146615369821	"LDL"	"<0.2"
"rs6586112"	0.669586226650809	0.975641601693186	0.0128166152280957	"LDL"	"<0.2"
"rs6586121"	0.903089986991944	0.0394074658356389	0.0133853061342352	"LDL"	"<0.2"
"rs6586133"	0.521433504406157	0.128313835762208	0.000108004308688809	"LDL"	"<0.2"
"rs6586155"	0.481486060122113	1.38549825628004	0.00877150188786539	"LDL"	"<0.2"
"rs66491571"	0.469800301796918	0.272070978926677	0.00213772914124462	"LDL"	"<0.2"
"rs66586255"	0.339134521996131	2.96320747670038	0.172075764669778	"LDL"	"<0.2"
"rs67036031"	0.503070351926785	0.272070978926677	0.00252135414979236	"LDL"	"<0.2"
"rs67126110"	0.552841968657781	0.325116823737576	0.00213772914124462	"LDL"	"<0.2"
"rs67413850"	6.95860731484178	4.21652664243157	0.287758108085505	"LDL"	"0.2-0.4"
"rs67939785"	0.359518563029578	0.954184317877497	0.0532092240091025	"LDL"	"<0.2"
"rs7067612"	1.18842499412941	4.72403941720609	0.237382965875212	"LDL"	"0.2-0.4"
"rs7067623"	0.0925886392254138	0.619665725613994	0.0636887728301825	"LDL"	"<0.2"
"rs7067934"	0.397940008672038	0.854775615901297	6.7930943642114e-05	"LDL"	"<0.2"
"rs7067977"	1.71219827006977	5.25874358409551	0.178031102881972	"LDL"	"<0.2"
"rs7067984"	1.69680394257951	5.25874358409551	0.178031102881972	"LDL"	"<0.2"
"rs7067994"	0.85078088734462	2.2557234499524	0.0408967857983183	"LDL"	"<0.2"
"rs7068369"	2.64975198166584	1.47100492820419	0.0169217034375724	"LDL"	"<0.2"
"rs7069048"	2.70553377383841	1.66165707530514	0.0431607751808936	"LDL"	"<0.2"
"rs7070261"	0.632644078973981	0.0151928481615771	0.00734786317905254	"LDL"	"<0.2"
"rs7070672"	0.696803942579511	0.000688467869952259	0.00626536247232623	"LDL"	"<0.2"
"rs7070996"	0.300162274132754	1.06514012378335	0.00321115666786058	"LDL"	"<0.2"
"rs7071690"	0.812479279163537	2.2557234499524	0.04146615369821	"LDL"	"<0.2"
"rs7071752"	1.22402566887063	4.72403941720609	0.241336767097754	"LDL"	"0.2-0.4"
"rs7072046"	0.0899094544059319	0.635085212652109	0.0636887728301825	"LDL"	"<0.2"
"rs7072057"	0.0985416786038876	0.635085212652109	0.0636887728301825	"LDL"	"<0.2"
"rs7072467"	0.0909791457888439	0.619665725613994	0.0636887728301825	"LDL"	"<0.2"
"rs7072583"	1.98716277529483	3.25555288925163	0.251483937100818	"LDL"	"0.2-0.4"
"rs7072845"	1.08512818245995	9.76630095252618	0.420217767903894	"LDL"	"0.4-0.6"
"rs7073839"	0.610833915635468	3.37490475058419	0.0442737021771426	"LDL"	"<0.2"
"rs7074356"	0.492144128304169	1.11169748276845	0.0334140534072764	"LDL"	"<0.2"
"rs7074908"	0.18309616062434	0.0818249225099297	1.75245200223006e-05	"LDL"	"<0.2"
"rs7075355"	0.562249437179612	3.231259071177	0.27980385834816	"LDL"	"0.2-0.4"
"rs7075840"	2.60032627851896	1.66165707530514	0.0431607751808936	"LDL"	"<0.2"
"rs7077368"	0.71669877129645	0.310666274010612	0.00207669415209219	"LDL"	"<0.2"
"rs7077373"	0.481486060122113	3.231259071177	0.276222273296138	"LDL"	"0.2-0.4"
"rs7077636"	0.312471038785366	0.0228802550862252	0.00222398640103085	"LDL"	"<0.2"
"rs7077644"	0.844663962534938	0.147020732813517	0.0153443964198231	"LDL"	"<0.2"
"rs7077712"	2.04095860767891	9.18326832365478	0.396413200783626	"LDL"	"0.2-0.4"
"rs7077758"	0.876148359032914	0.0426254843695797	0.00255611631685548	"LDL"	"<0.2"
"rs7077834"	0.42021640338319	0.0802939429602382	0.0018596282847132	"LDL"	"<0.2"
"rs7077847"	1.99139982823808	9.18326832365478	0.391608199559901	"LDL"	"0.2-0.4"
"rs7077854"	2.12147820449879	9.18326832365478	0.396413200783626	"LDL"	"0.2-0.4"
"rs7077907"	0.863279432843593	6.6386518655321	0.300007750373653	"LDL"	"0.2-0.4"
"rs7078075"	1.61261017366127	10.4486427264773	0.469393624865787	"LDL"	"0.4-0.6"
"rs7078254"	0.496209316942819	3.231259071177	0.276222273296138	"LDL"	"0.2-0.4"
"rs7078707"	1.85698519974591	9.54540664645044	0.413139349805231	"LDL"	"0.4-0.6"
"rs7078901"	0.118615343229427	0.170363074182258	0.0366531729273301	"LDL"	"<0.2"
"rs7079069"	0.302770657240282	0.686122238630569	0.000277525261556439	"LDL"	"<0.2"
"rs7079135"	1.33161408331	0.0605057075516176	9.12541246997681e-06	"LDL"	"<0.2"
"rs7079232"	2.35753547975788	1.76636688381677	0.0175895702739395	"LDL"	"<0.2"
"rs7079356"	0.732828271596986	2.17333508753964	0.0299450418207382	"LDL"	"<0.2"
"rs7080009"	8.82390874094432	20.4045522807741	1	"LDL"	">=0.95"
"rs7080169"	1.02502800570193	2.84130588182214	0.143260803939513	"LDL"	"<0.2"
"rs7081164"	0.274905478918531	1.44228712836295	0.0757513030398649	"LDL"	"<0.2"
"rs7081344"	0.139063379299906	0.15769412367114	0.00734786317905254	"LDL"	"<0.2"
"rs7081555"	0.0788339493622613	0.619665725613994	0.0636887728301825	"LDL"	"<0.2"
"rs7081754"	0.869666231504994	0.147020732813517	0.014802796309096	"LDL"	"<0.2"
"rs7081756"	0.24033215531037	1.63003312879196	0.0369189632742059	"LDL"	"<0.2"
"rs7081889"	2.10127481841051	8.63840058307473	0.403687035126163	"LDL"	"0.4-0.6"
"rs7081903"	1.61261017366127	10.4486427264773	0.469393624865787	"LDL"	"0.4-0.6"
"rs7081964"	0.0846001647877302	0.619665725613994	0.0636887728301825	"LDL"	"<0.2"
"rs7082093"	1.99139982823808	9.18326832365478	0.391608199559901	"LDL"	"0.2-0.4"
"rs7082099"	0.737548910269571	0.49854635283603	0.034886270172677	"LDL"	"<0.2"
"rs7082102"	0.96657624451305	9.76630095252618	0.422453445616957	"LDL"	"0.4-0.6"
"rs7082413"	0.0851281824599496	0.619665725613994	0.0636887728301825	"LDL"	"<0.2"
"rs7082488"	1.48678239993206	0.0883279372265537	0.000693529885836685	"LDL"	"<0.2"
"rs7082577"	0.886056647693163	0.486127455731697	0.0133689969221131	"LDL"	"<0.2"
"rs7082705"	1.89279003035213	10.4486427264773	0.480201982218575	"LDL"	"0.4-0.6"
"rs7084378"	0.575118363368933	0.514630693453989	0.00575910175587427	"LDL"	"<0.2"
"rs7084388"	0.703334809738469	0.0797681136582413	9.74082953647788e-05	"LDL"	"<0.2"
"rs7084416"	4.61083391563547	11.0465868192615	0.606668018495754	"LDL"	"0.6-0.8"
"rs7085490"	0.0109953843014632	0.837967586426209	0.00316284747400452	"LDL"	"<0.2"
"rs7085606"	0.486782399932061	3.231259071177	0.276222273296138	"LDL"	"0.2-0.4"
"rs7085863"	2.06048074738138	0.32003365775686	0.012437813861543	"LDL"	"<0.2"
"rs7085913"	0.1890957193313	0.0818249225099297	1.75245200223006e-05	"LDL"	"<0.2"
"rs7085994"	1.18575240426808	0.121043553130143	0.00255611631685548	"LDL"	"<0.2"
"rs7086496"	1.11918640771921	2.64142180722634	0.252975945059639	"LDL"	"0.2-0.4"
"rs7086627"	4.18641901143181	11.3452018317409	0.639670022812372	"LDL"	"0.6-0.8"
"rs7086866"	0.690369832574101	1.07737210058912	0.00739835403278911	"LDL"	"<0.2"
"rs7087704"	0.860120913598763	0.147020732813517	0.014802796309096	"LDL"	"<0.2"
"rs7087728"	0.0947439512515487	0.631568064507161	0.0500201466549071	"LDL"	"<0.2"
"rs7087827"	0.0819696632151199	0.619665725613994	0.0636887728301825	"LDL"	"<0.2"
"rs7087969"	0.0788339493622613	0.619665725613994	0.0636887728301825	"LDL"	"<0.2"
"rs7088374"	1.26121944151563	4.72403941720609	0.237382965875212	"LDL"	"0.2-0.4"
"rs7088400"	1.18508681872493	4.72403941720609	0.237382965875212	"LDL"	"0.2-0.4"
"rs7088704"	0.378823718224965	1.89371728823729	0.109808909511357	"LDL"	"<0.2"
"rs7089003"	2.12205304837081	9.18326832365478	0.396413200783626	"LDL"	"0.2-0.4"
"rs7089058"	1.09044397075882	9.76630095252618	0.420217767903894	"LDL"	"0.4-0.6"
"rs7089598"	0.703334809738469	0.0797681136582413	9.74082953647788e-05	"LDL"	"<0.2"
"rs7089872"	0.806875401645538	0.843220739621824	0.0418146896264026	"LDL"	"<0.2"
"rs7090145"	0.464705879957229	0.0674039803706177	0.00626536247232623	"LDL"	"<0.2"
"rs7090217"	0.669586226650809	3.37490475058419	0.045204078862589	"LDL"	"<0.2"
"rs7090351"	2.02227639471115	9.30834837322808	0.401261576828224	"LDL"	"0.4-0.6"
"rs7090369"	0.665546248849069	0.275251580191576	0.00261529476056581	"LDL"	"<0.2"
"rs7090612"	0.690369832574101	0.000688467869952259	0.00626536247232623	"LDL"	"<0.2"
"rs7090863"	0.118615343229427	0.945279725474193	0.0500201466549071	"LDL"	"<0.2"
"rs7091134"	0.0893755951107988	0.619665725613994	0.0636887728301825	"LDL"	"<0.2"
"rs7092237"	2.1249387366083	8.63840058307473	0.408568158315282	"LDL"	"0.4-0.6"
"rs7092394"	0.275724130399211	1.44228712836295	0.0757513030398649	"LDL"	"<0.2"
"rs7092609"	0.0840727883028842	0.619665725613994	0.0636887728301825	"LDL"	"<0.2"
"rs7093787"	0.79317412396815	2.2557234499524	0.0418150576010238	"LDL"	"<0.2"
"rs7094314"	1.67778070526608	2.47605463546024	0.155392563218333	"LDL"	"<0.2"
"rs7095318"	0.735182176990464	0.49854635283603	0.034886270172677	"LDL"	"<0.2"
"rs7096348"	2.07211658966929	3.84687751076317	0.260724498165299	"LDL"	"0.2-0.4"
"rs7096715"	0.866461091629783	5.05959558945658	0.304830382904653	"LDL"	"0.2-0.4"
"rs7096757"	0.216096420727265	0.903813254935787	0.0556475630551797	"LDL"	"<0.2"
"rs7097080"	0.3585258894959	1.27993914783484	0.0325190466043463	"LDL"	"<0.2"
"rs7097208"	1.89962945488244	0.681166892524023	0.000910490048908443	"LDL"	"<0.2"
"rs7097297"	2.05799194697769	0.0295736188888087	0.00255611631685548	"LDL"	"<0.2"
"rs7097564"	0.688246138944246	2.2557234499524	0.0408967857983183	"LDL"	"<0.2"
"rs7097656"	8.71896663275227	20.4045522807741	0.987107533888708	"LDL"	">=0.95"
"rs7097741"	0.735182176990464	3.32670901066249	0.252913397017424	"LDL"	"0.2-0.4"
"rs7098414"	3.58502665202918	11.1477793185319	0.591250789533514	"LDL"	"0.4-0.6"
"rs7098892"	0.694648630553376	0.0797681136582413	9.74082953647788e-05	"LDL"	"<0.2"
"rs7098909"	0.115771230367396	0.123688611364543	0.0278366033450656	"LDL"	"<0.2"
"rs7099231"	0.184422251675733	0.0818249225099297	1.75245200223006e-05	"LDL"	"<0.2"
"rs7099331"	1.27736607746619	4.9341850905648	0.1567350826618	"LDL"	"<0.2"
"rs7099612"	0.701146923590293	2.81733431688134	0.214158847918601	"LDL"	"0.2-0.4"
"rs7100689"	3.86966623150499	12.2787072207788	0.656876670036188	"LDL"	"0.6-0.8"
"rs7100769"	0.0809219076239261	0.619665725613994	0.0636887728301825	"LDL"	"<0.2"
"rs7100854"	0.607303046740334	0.0797681136582413	9.74082953647788e-05	"LDL"	"<0.2"
"rs71481580"	1.41341269532825	0.186872889455006	0.0206075032425781	"LDL"	"<0.2"
"rs71481596"	1.15242734085789	0.0723961252941651	0.0167842486034082	"LDL"	"<0.2"
"rs71481597"	1.15739076038944	0.0723961252941651	0.0167842486034082	"LDL"	"<0.2"
"rs71483308"	0.10292299679058	0.388937662118808	0.00411204134884262	"LDL"	"<0.2"
"rs71483311"	2.38721614328026	4.04135681391548	0.277932837392545	"LDL"	"0.2-0.4"
"rs71483314"	0.0909791457888439	0.0174972049811236	0.00152749244928016	"LDL"	"<0.2"
"rs71483318"	0.280668713016273	0.392042344026402	0.00997062895573504	"LDL"	"<0.2"
"rs71501376"	0.261219441515631	2.50182044366587	0.156008415495256	"LDL"	"<0.2"
"rs720262"	0.0338582672609674	0.290134988416301	0.00159237046397177	"LDL"	"<0.2"
"rs72805703"	0.11975822410452	0.0413448719678353	0.0111327836122536	"LDL"	"<0.2"
"rs72805704"	0.180456064458131	0.0413448719678353	0.0111327836122536	"LDL"	"<0.2"
"rs72805707"	0.168130225719498	0.0413448719678353	0.0111327836122536	"LDL"	"<0.2"
"rs72805708"	0.142064735280571	0.0413448719678353	0.0111327836122536	"LDL"	"<0.2"
"rs72805710"	0.191114132640188	0.101872933350834	0.0128026161323209	"LDL"	"<0.2"
"rs72805711"	0.134303940083929	0.101872933350834	0.0119055065623031	"LDL"	"<0.2"
"rs72805712"	2.60906489289662	0.827058637785759	0.0178871145342329	"LDL"	"<0.2"
"rs72805713"	0.10292299679058	0.0930290693829786	0.0060019554806888	"LDL"	"<0.2"
"rs72805715"	2.49349496759513	0.827058637785759	0.0178871145342329	"LDL"	"<0.2"
"rs72805716"	0.185086818724926	0.130430366329859	0.0119724805478996	"LDL"	"<0.2"
"rs72805718"	0.0660068361687577	0.0930290693829786	0.0060019554806888	"LDL"	"<0.2"
"rs72805720"	0.0579919469776868	0.0930290693829786	0.0060019554806888	"LDL"	"<0.2"
"rs72805722"	0.0904439707588247	0.134782282355224	0.00734786317905254	"LDL"	"<0.2"
"rs72805723"	1.41228903498109	1.4209461737553	0.00753569946964466	"LDL"	"<0.2"
"rs72805726"	0.115204636051019	0.15769412367114	0.00734786317905254	"LDL"	"<0.2"
"rs72805729"	0.135488918941608	0.134782282355224	0.00734786317905254	"LDL"	"<0.2"
"rs72805736"	1.47625353318844	1.32538224253703	0.0080567522665227	"LDL"	"<0.2"
"rs72805741"	1.3829996588791	1.45841202033273	0.00863420937083354	"LDL"	"<0.2"
"rs72805745"	0.104577453960592	0.0166633390828672	0.00557350032027073	"LDL"	"<0.2"
"rs72805746"	1.25570701687732	0.640084872700519	0.00701905763691958	"LDL"	"<0.2"
"rs72805755"	0.0655015487564323	0.0347818309148491	0.00364631940150486	"LDL"	"<0.2"
"rs72805779"	0.102372908709559	0.782768809747486	0.000202113982908271	"LDL"	"<0.2"
"rs72805780"	0.166215625343521	0.782768809747486	0.000683038029533469	"LDL"	"<0.2"
"rs72805782"	0.167491087293764	0.782768809747486	0.000683038029533469	"LDL"	"<0.2"
"rs72805795"	0.0936649581949093	0.262312893158673	6.83587855089591e-06	"LDL"	"<0.2"
"rs72809528"	0.178486471595227	0.559859480586112	0.00225643824416713	"LDL"	"<0.2"
"rs72809539"	0.251037138743839	0.559859480586112	0.00225643824416713	"LDL"	"<0.2"
"rs72809544"	0.235077015350112	0.559859480586112	0.00138991541590912	"LDL"	"<0.2"
"rs72809547"	0.238824186844269	0.559859480586112	0.00138991541590912	"LDL"	"<0.2"
"rs72809554"	0.342944147142896	0.677817932102845	0.00138991541590912	"LDL"	"<0.2"
"rs72809557"	0.0241088635982073	0.677817932102845	0.00138991541590912	"LDL"	"<0.2"
"rs72809558"	0.313363730737707	0.677817932102845	0.00138991541590912	"LDL"	"<0.2"
"rs72809559"	0.218963061378868	0.677817932102845	0.000778393104734412	"LDL"	"<0.2"
"rs72813498"	0.34008379993015	0.677817932102845	0.00225643824416713	"LDL"	"<0.2"
"rs72813499"	0.798602875679548	0.901906844718628	0.0130457912406236	"LDL"	"<0.2"
"rs72815305"	0.581698708680255	0.869138964335565	0.0113466781141313	"LDL"	"<0.2"
"rs72815310"	0.7594507517174	0.901906844718628	0.0139134427801982	"LDL"	"<0.2"
"rs72815329"	0.387216143280265	0.0788136411023258	0.0211773380783598	"LDL"	"<0.2"
"rs72815334"	0.316052869248488	0.677817932102845	0.00225643824416713	"LDL"	"<0.2"
"rs72815337"	0.392544976785331	0.0788136411023258	0.0203777511754683	"LDL"	"<0.2"
"rs72815345"	0.58838029403677	0.229672402595408	0.0246507592800736	"LDL"	"<0.2"
"rs72817596"	0.384049948343599	1.00771562489615	0.0352920642716285	"LDL"	"<0.2"
"rs72819575"	1.26360349772336	4.13592105515266	0.132290154764829	"LDL"	"<0.2"
"rs72819577"	1.05502409158795	0.0413448719678353	0.00771179708528108	"LDL"	"<0.2"
"rs72819578"	1.0565054840939	0.0413448719678353	0.00771179708528108	"LDL"	"<0.2"
"rs72819579"	1.07365755337434	0.0413448719678353	0.00771179708528108	"LDL"	"<0.2"
"rs72819584"	0.525783735923745	0.0413448719678353	0.00846336297721061	"LDL"	"<0.2"
"rs72819591"	0.573488738635425	0.0413448719678353	0.00811511681339633	"LDL"	"<0.2"
"rs72819595"	0.649751981665837	0.0413448719678353	0.00889981276684971	"LDL"	"<0.2"
"rs72819601"	0.684029654543082	0.0413448719678353	0.00889981276684971	"LDL"	"<0.2"
"rs72821609"	0.600326278518962	0.0413448719678353	0.00970068497917939	"LDL"	"<0.2"
"rs72821613"	0.0851281824599496	0.25457073136859	0.000737044833676687	"LDL"	"<0.2"
"rs72821616"	0.0338582672609674	1.19869715681177	0.0128949402904375	"LDL"	"<0.2"
"rs72824335"	0.252588192113577	0.25457073136859	0.000737044833676687	"LDL"	"<0.2"
"rs72824337"	2.1791420105603	1.05891213643692	0.0277531600181153	"LDL"	"<0.2"
"rs72824338"	2.21324857785444	1.05891213643692	0.0277531600181153	"LDL"	"<0.2"
"rs72824340"	0.170053304058364	0.0413448719678353	0.0111327836122536	"LDL"	"<0.2"
"rs72824341"	1.1765257708297	0.61404892983156	0.00490713187761205	"LDL"	"<0.2"
"rs73294406"	0.200659450546418	0.474565151331591	0.00420826971789444	"LDL"	"<0.2"
"rs73294445"	0.686132779630847	0.0797681136582413	9.74082953647788e-05	"LDL"	"<0.2"
"rs73299582"	0.512861624522814	0.247361620004575	0.0136433598434865	"LDL"	"<0.2"
"rs73301414"	2.12033079436795	0.0295736188888087	0.00255611631685548	"LDL"	"<0.2"
"rs73301418"	2.10513034325475	0.0295736188888087	0.00255611631685548	"LDL"	"<0.2"
"rs73301467"	1.93554201077308	0.0295736188888087	0.00255611631685548	"LDL"	"<0.2"
"rs73301483"	0.91721462968355	0.864355405705437	0.00255611631685548	"LDL"	"<0.2"
"rs73303157"	0.962573502059376	0.592006091487676	0.00255611631685548	"LDL"	"<0.2"
"rs73303174"	0.910094888560602	0.0474574571042732	0.00255611631685548	"LDL"	"<0.2"
"rs73303199"	0.812479279163537	0.491227951729074	0.000208162714504779	"LDL"	"<0.2"
"rs73305104"	1.09474395125155	0.105536058634459	0.00255611631685548	"LDL"	"<0.2"
"rs73305106"	0.866461091629783	0.0208469494122442	0.00470386358869567	"LDL"	"<0.2"
"rs73305108"	0.655607726314889	0.105536058634459	0.00255611631685548	"LDL"	"<0.2"
"rs73305111"	1.79048498545737	0.558026942009221	0.0184164188673692	"LDL"	"<0.2"
"rs73305113"	1.80410034759077	0.503701505498816	0.0146921005603707	"LDL"	"<0.2"
"rs73305114"	1.75202673363819	0.503701505498816	0.0154566681590991	"LDL"	"<0.2"
"rs73305115"	1.82102305270683	0.654526285381853	0.0162335461710087	"LDL"	"<0.2"
"rs73305120"	2.01772876696043	0.654526285381853	0.0154566681590991	"LDL"	"<0.2"
"rs73305122"	2.20551195334083	0.654526285381853	0.0146921005603707	"LDL"	"<0.2"
"rs73305140"	1.98296666070122	0.807234678342382	0.0137470847115685	"LDL"	"<0.2"
"rs73305142"	1.90308998699194	0.807234678342382	0.0137470847115685	"LDL"	"<0.2"
"rs73305144"	1.9100948885606	0.807234678342382	0.0137470847115685	"LDL"	"<0.2"
"rs73305195"	0.94692155651658	1.12959609472097	0.0217117651831872	"LDL"	"<0.2"
"rs73307107"	0.428291168191312	0.686122238630569	0.000645825505429471	"LDL"	"<0.2"
"rs73309230"	1.39685562737982	0.745401173579604	0.010843572880277	"LDL"	"<0.2"
"rs73309245"	1.24565166428898	0.6335789107113	0.00380917303817025	"LDL"	"<0.2"
"rs73311213"	0.327902142064283	0.65589866348718	0.00074667059766642	"LDL"	"<0.2"
"rs73311221"	0.546681659952962	0.334446211864166	0.00366385574791213	"LDL"	"<0.2"
"rs73311272"	0.0746879085003505	0.566303754431479	0.00255611631685548	"LDL"	"<0.2"
"rs73311273"	0.0181813928293364	0.566303754431479	0.00255611631685548	"LDL"	"<0.2"
"rs7358283"	0.450996737974212	0.718718859997318	0.00900797066050162	"LDL"	"<0.2"
"rs74143116"	0.860120913598763	0.497313473379138	0.00738768345650718	"LDL"	"<0.2"
"rs74143117"	0.0525662781129493	1.11077507633695	0.000208162714504779	"LDL"	"<0.2"
"rs74143119"	0.0767559813697235	0.72933280729507	0.000208162714504779	"LDL"	"<0.2"
"rs74143132"	1.00130484168834	0.282158974217376	0.0066846372919217	"LDL"	"<0.2"
"rs74143134"	0.133122185662501	1.00476287171127	0.00255611631685548	"LDL"	"<0.2"
"rs74143136"	0.161780778092374	1.00476287171127	0.00255611631685548	"LDL"	"<0.2"
"rs74143168"	1.20690839982342	0.884835659660359	0.0209205286928937	"LDL"	"<0.2"
"rs74143174"	1.95078197732982	0.65506765057959	0.000910490048908443	"LDL"	"<0.2"
"rs74143175"	1.89962945488244	0.65506765057959	0.000910490048908443	"LDL"	"<0.2"
"rs74143176"	1.60730304674033	0.65506765057959	0.000910490048908443	"LDL"	"<0.2"
"rs74143200"	0.146301788223826	0.423694362479866	0.00772357673445394	"LDL"	"<0.2"
"rs74235055"	0.158640529545145	0.375789088903505	0.000208162714504779	"LDL"	"<0.2"
"rs74344040"	1.01863449092146	0.0413448719678353	0.00846336297721061	"LDL"	"<0.2"
"rs74356625"	0.0277971616209356	0.401156987254484	0.00262354954430764	"LDL"	"<0.2"
"rs74500319"	0.705533773838407	0.292882236659578	0.0023799264715639	"LDL"	"<0.2"
"rs74685750"	0.508638306165727	0.140697746944741	0.00581335315380711	"LDL"	"<0.2"
"rs74702152"	0.617982957425132	0.113380133723061	0.00626536247232623	"LDL"	"<0.2"
"rs7474754"	0.688246138944246	0.0797681136582413	9.74082953647788e-05	"LDL"	"<0.2"
"rs74751373"	0.730487055782084	0.702478033487252	0.0419679367096179	"LDL"	"<0.2"
"rs7476005"	0.354577730650908	0.0797681136582413	0.000401699581658661	"LDL"	"<0.2"
"rs7476007"	0.649751981665837	0.0797681136582413	9.74082953647788e-05	"LDL"	"<0.2"
"rs7476139"	0.785156151952302	1.16968148618986	0.0199977799158712	"LDL"	"<0.2"
"rs74924000"	1.21824462534753	1.41189307612839	0.00704037464375467	"LDL"	"<0.2"
"rs74949038"	0.0443122496864942	0.805280353350868	0.0198461310336818	"LDL"	"<0.2"
"rs74949841"	1.26440110030182	0.531824057686701	0.0157993940458804	"LDL"	"<0.2"
"rs75089768"	1.7594507517174	0.558026942009221	0.0154566681590991	"LDL"	"<0.2"
"rs75098823"	2.068542129311	0.32003365775686	0.012437813861543	"LDL"	"<0.2"
"rs75155642"	0.220403508742175	0.193431370695817	0.00251083204068066	"LDL"	"<0.2"
"rs75181364"	0.876148359032914	0.843220739621824	0.0418146896264026	"LDL"	"<0.2"
"rs75183035"	0.413412695328245	0.186365645189187	0.000208162714504779	"LDL"	"<0.2"
"rs75226706"	0.444905551421681	0.0674039803706177	0.00626536247232623	"LDL"	"<0.2"
"rs75247933"	0.677780705266081	0.49854635283603	0.034886270172677	"LDL"	"<0.2"
"rs75307965"	0.171984935776023	0.923687312023142	0.00059840855007521	"LDL"	"<0.2"
"rs75323073"	0.448550002027125	0.0803660526114613	0.017885572788959	"LDL"	"<0.2"
"rs75379066"	0.410050398674292	2.08357026733267	0.00612042840633249	"LDL"	"<0.2"
"rs75401701"	0.236572006437063	0.31397897002955	2.20992182739789e-05	"LDL"	"<0.2"
"rs75419717"	1.20620961530918	0.417921857684629	0.0141511931407551	"LDL"	"<0.2"
"rs75442315"	1.0783135245164	0.640175896703905	0.0136556910009717	"LDL"	"<0.2"
"rs75456003"	0.173925197299174	0.483913033554755	0.000787547620546976	"LDL"	"<0.2"
"rs75474894"	0.625251653989896	0.187542557711997	0.000357937246903726	"LDL"	"<0.2"
"rs75503642"	0.96657624451305	0.0413448719678353	0.00771179708528108	"LDL"	"<0.2"
"rs75549923"	0.806875401645538	0.119075562485052	0.00255611631685548	"LDL"	"<0.2"
"rs756208"	0.454692883534176	8.38756053761708	0.376657279918274	"LDL"	"0.2-0.4"
"rs75702394"	1.08301995267962	0.769632835866302	0.0291937100668115	"LDL"	"<0.2"
"rs75726624"	1.85387196432176	0.65506765057959	0.000910490048908443	"LDL"	"<0.2"
"rs75808472"	1.28735029837279	0.417921857684629	0.0157993940458804	"LDL"	"<0.2"
"rs75841224"	0.33161408331	0.487352952580084	0.0126657313558333	"LDL"	"<0.2"
"rs75880892"	1.85387196432176	0.65506765057959	0.000910490048908443	"LDL"	"<0.2"
"rs75907892"	0.950781977329818	0.0413448719678353	0.00771179708528108	"LDL"	"<0.2"
"rs75909911"	1.23582386760967	0.122673007422981	0.0180127523921373	"LDL"	"<0.2"
"rs75935286"	1.014573525917	0.0413448719678353	0.00771179708528108	"LDL"	"<0.2"
"rs759873"	0.129596094720973	0.206303885596209	0.000350530335921853	"LDL"	"<0.2"
"rs76038438"	0.279840696594043	0.0955652414063802	0.00255611631685548	"LDL"	"<0.2"
"rs76080317"	0.204815410317576	0.0468266874943353	0.00557350032027073	"LDL"	"<0.2"
"rs76143299"	0.480172006224281	0.0674039803706177	0.00626536247232623	"LDL"	"<0.2"
"rs76152102"	0.224025668870631	0.805296996068177	0.000208162714504779	"LDL"	"<0.2"
"rs76200242"	1.22329881601159	0.636668239832609	0.00255611631685548	"LDL"	"<0.2"
"rs76262927"	2.64016451766011	1.11184073242763	0.0161702301077218	"LDL"	"<0.2"
"rs76298292"	1.22040350874218	1.41189307612839	0.00704037464375467	"LDL"	"<0.2"
"rs76371919"	0.554395796726402	2.22446600620079	0.0335738761156051	"LDL"	"<0.2"
"rs76387506"	0.183758700008217	0.569970118586033	0.0024453809645195	"LDL"	"<0.2"
"rs76411982"	0.209011524911184	0.434789929300188	0.00738768345650718	"LDL"	"<0.2"
"rs76442860"	0.492144128304169	0.0168520157808536	0.0187430338470653	"LDL"	"<0.2"
"rs76508758"	0.363512103646635	0.0803660526114613	0.0193560912257174	"LDL"	"<0.2"
"rs76558489"	0.507239610973163	0.229672402595408	0.0255047300578984	"LDL"	"<0.2"
"rs76560809"	0.486782399932061	0.0674039803706177	0.00626536247232623	"LDL"	"<0.2"
"rs76589414"	1.21112488422458	0.417921857684629	0.0141511931407551	"LDL"	"<0.2"
"rs76656360"	0.109578981199086	0.301127288525135	0.00238224179563534	"LDL"	"<0.2"
"rs76698922"	0.838631997765025	0.843220739621824	0.0418146896264026	"LDL"	"<0.2"
"rs76776628"	1.23062267392386	0.461218970218154	0.0180127523921373	"LDL"	"<0.2"
"rs76779124"	0.749579997691106	0.21898894725188	0.00130255749807372	"LDL"	"<0.2"
"rs76786147"	0.290730039024169	0.455681377994196	0.000738706885048806	"LDL"	"<0.2"
"rs76820872"	1.19314197048118	0.417921857684629	0.0141511931407551	"LDL"	"<0.2"
"rs76823730"	1.40230481407449	0.266988212618979	0.00117321540278025	"LDL"	"<0.2"
"rs769380"	0.583359492661719	0.373302487601351	0.00490491047606603	"LDL"	"<0.2"
"rs76941332"	0.233587152887601	0.559859480586112	0.00138991541590912	"LDL"	"<0.2"
"rs76986874"	2.04383156952464	0.354653394877749	0.00289737226049849	"LDL"	"<0.2"
"rs76995205"	0.0362121726544447	1.17507793025373	0.000865451406652525	"LDL"	"<0.2"
"rs77000305"	0.440093374963887	0.0803660526114613	0.017885572788959	"LDL"	"<0.2"
"rs77096864"	0.159893905543242	1.00476287171127	0.00255611631685548	"LDL"	"<0.2"
"rs77118199"	0.283162276700476	0.0955652414063802	0.00255611631685548	"LDL"	"<0.2"
"rs77129501"	1.22914798835786	0.417921857684629	0.0149693465515641	"LDL"	"<0.2"
"rs77161010"	0.111820506081675	0.579806527970848	0.0347483525321293	"LDL"	"<0.2"
"rs77164637"	0.00656376950238827	0.543858764842309	0.00243306265076783	"LDL"	"<0.2"
"rs77244906"	1.0204516252959	0.0413448719678353	0.00846336297721061	"LDL"	"<0.2"
"rs77269295"	0.413412695328245	0.855702957580722	0.00010140077110354	"LDL"	"<0.2"
"rs77270459"	0.681936665037239	0.113380133723061	0.00626536247232623	"LDL"	"<0.2"
"rs77293309"	0.812479279163537	0.863260413063794	0.0418146896264026	"LDL"	"<0.2"
"rs77349870"	0.458420756053419	0.256162678154957	0.00201961793343216	"LDL"	"<0.2"
"rs77374007"	0.341988603342888	0.152118386097317	0.00559762741190039	"LDL"	"<0.2"
"rs77394033"	0.364516253185088	0.0803660526114613	0.0202280193364451	"LDL"	"<0.2"
"rs77417851"	0.452225294612178	0.0674039803706177	0.00626536247232623	"LDL"	"<0.2"
"rs77545021"	2.15926676538819	0.32003365775686	0.0131696516912621	"LDL"	"<0.2"
"rs77564921"	0.806875401645538	0.863260413063794	0.0418146896264026	"LDL"	"<0.2"
"rs77585901"	0.35359627377693	0.848942880792422	9.51136940779527e-05	"LDL"	"<0.2"
"rs77745801"	0.0915149811213502	1.06956142470511	0.00598498016662126	"LDL"	"<0.2"
"rs77810325"	1.21896306137887	1.46801172442505	0.00511500416727283	"LDL"	"<0.2"
"rs77824090"	0.154901959985743	0.41623349926672	6.17244061654909e-06	"LDL"	"<0.2"
"rs77868607"	0.226213555018806	0.253247514732858	0.000787547620546976	"LDL"	"<0.2"
"rs77945229"	0.170053304058364	0.887710110296799	0.000208162714504779	"LDL"	"<0.2"
"rs77956036"	0.226213555018806	0.120345118300793	0.00266989023656101	"LDL"	"<0.2"
"rs77958190"	1.20971483596676	0.417921857684629	0.0141511931407551	"LDL"	"<0.2"
"rs77993680"	0.928117992693875	0.00364464945380563	0.00846336297721061	"LDL"	"<0.2"
"rs78029190"	0.494850021680094	0.0674039803706177	0.00626536247232623	"LDL"	"<0.2"
"rs78077741"	1.19859628998265	1.41189307612839	0.00704037464375467	"LDL"	"<0.2"
"rs78097142"	0.872895201635192	2.72365770069622	0.120661459909598	"LDL"	"<0.2"
"rs78227559"	1.15614457737684	0.581367312645935	0.0086475574097811	"LDL"	"<0.2"
"rs78263418"	0.410050398674292	0.848942880792422	1.17434098752167e-06	"LDL"	"<0.2"
"rs78368710"	0.201349354554731	0.274205120447635	0.0200282803182381	"LDL"	"<0.2"
"rs78429616"	0.0574958938319193	0.0411290181737439	0.021348920394961	"LDL"	"<0.2"
"rs78607715"	0.234331445240986	0.441356218559022	0.000738706885048806	"LDL"	"<0.2"
"rs78680144"	1.52578373592374	1.03975380077951	0.0132546335098646	"LDL"	"<0.2"
"rs78741120"	0.899629454882437	0.707208038667663	0.0076518922318608	"LDL"	"<0.2"
"rs78829712"	0.0496351456238769	0.311865945209089	0.0014959398205702	"LDL"	"<0.2"
"rs7894153"	1.43770713554353	1.3075346874989	0.01674598633925	"LDL"	"<0.2"
"rs7894899"	0.581698708680255	0.00158197250826787	0.0233297680626217	"LDL"	"<0.2"
"rs7894923"	0.230622673923862	0.260490945331702	0.000578194242264197	"LDL"	"<0.2"
"rs7895042"	1.05109823902979	9.76630095252618	0.422453445616957	"LDL"	"0.4-0.6"
"rs7895125"	0.640164517660112	0.860712964526515	0.0198091007426717	"LDL"	"<0.2"
"rs78951791"	0.239577516576788	0.441356218559022	0.000738706885048806	"LDL"	"<0.2"
"rs7895413"	2.61439372640169	0.827058637785759	0.0178871145342329	"LDL"	"<0.2"
"rs7895661"	0.0565054840938974	1.05074567057541	0.0232685392556462	"LDL"	"<0.2"
"rs7895779"	0.688246138944246	2.88044720233288	0.213912544612076	"LDL"	"0.2-0.4"
"rs7896067"	0.0259490972071227	0.605004041083836	0.00162078427950414	"LDL"	"<0.2"
"rs7896832"	8.87614835903291	20.4045522807741	0.987107533888708	"LDL"	">=0.95"
"rs7897591"	0.175874166083451	0.619665725613994	0.0617628884970156	"LDL"	"<0.2"
"rs7897652"	0.512861624522814	0.296166307517955	0.00182461478863089	"LDL"	"<0.2"
"rs7897697"	1.46470587995723	1.3075346874989	0.01674598633925	"LDL"	"<0.2"
"rs7897708"	2.16494389827988	0.65506765057959	0.000910490048908443	"LDL"	"<0.2"
"rs7897994"	2.1444808443322	9.18326832365478	0.396413200783626	"LDL"	"0.2-0.4"
"rs7898558"	0.303643611266668	1.29104824234667	0.0561593725752938	"LDL"	"<0.2"
"rs7898568"	0.141462802430361	1.29104824234667	0.0561593725752938	"LDL"	"<0.2"
"rs7898787"	1.2335871528876	4.72403941720609	0.238510949329467	"LDL"	"0.2-0.4"
"rs7899513"	1.26520017041115	4.87726655456901	0.229625504908745	"LDL"	"0.2-0.4"
"rs7899790"	0.0190880622231565	0.166334085447516	0.00013873886066511	"LDL"	"<0.2"
"rs7900536"	8.78251605578609	20.4045522807741	0.987107533888708	"LDL"	">=0.95"
"rs7900843"	0.106793246940152	0.67395308197069	0.00120118252848935	"LDL"	"<0.2"
"rs7900931"	0.0783135245163979	0.287065911785976	0.0222298405838237	"LDL"	"<0.2"
"rs7900954"	0.0264103765727431	0.428158455036695	0.000645825505429471	"LDL"	"<0.2"
"rs7901404"	0.844663962534938	2.97777789549229	0.201851824181441	"LDL"	"0.2-0.4"
"rs7902071"	1.3936186348894	4.87726655456901	0.23885722487625	"LDL"	"0.2-0.4"
"rs7902355"	0.20690839982342	1.37757665401361	0.0834005179014591	"LDL"	"<0.2"
"rs7902939"	1.80134291304558	2.08191826425289	0.155392563218333	"LDL"	"<0.2"
"rs7903701"	2.13667713987954	9.18326832365478	0.396413200783626	"LDL"	"0.2-0.4"
"rs7903798"	0.779891911959945	0.718244167803752	0.0241890762681135	"LDL"	"<0.2"
"rs79040756"	0.490797477668897	0.0674039803706177	0.00626536247232623	"LDL"	"<0.2"
"rs7904536"	0.0190880622231565	0.0130706946751978	4.27240828262425e-07	"LDL"	"<0.2"
"rs7904557"	1.8153085691824	2.08191826425289	0.155392563218333	"LDL"	"<0.2"
"rs7904697"	0.246416941107093	0.387774729648613	0.0507168870659784	"LDL"	"<0.2"
"rs79048666"	0.385102783966865	0.296113916811072	0.00468981995213702	"LDL"	"<0.2"
"rs7904867"	1.35359627377693	0.461239067314415	6.7943533129394e-05	"LDL"	"<0.2"
"rs7904935"	0.0619809025237897	0.0308940757509243	0.0224262003126975	"LDL"	"<0.2"
"rs7905249"	0.0746879085003505	0.653312630192283	0.00249274616954301	"LDL"	"<0.2"
"rs7905288"	2.61978875828839	1.58050025233203	0.0175895702739395	"LDL"	"<0.2"
"rs7905891"	0.364516253185088	3.6080227781931	0.17375232165385	"LDL"	"<0.2"
"rs7906131"	0.359518563029578	3.6080227781931	0.17375232165385	"LDL"	"<0.2"
"rs79064644"	0.268411234813261	0.117203472839726	0.0171028826944395	"LDL"	"<0.2"
"rs7906605"	1.44977164694491	1.3075346874989	0.01674598633925	"LDL"	"<0.2"
"rs7906736"	1.74714696902011	9.69561719751093	0.451595993767578	"LDL"	"0.4-0.6"
"rs7907224"	0.698970004336019	1.53168221443509	0.0951758670446034	"LDL"	"<0.2"
"rs7907575"	1.53313237964589	4.87726655456901	0.23885722487625	"LDL"	"0.2-0.4"
"rs7907770"	1.34390179798717	0.865262051854457	0.0813955532239531	"LDL"	"<0.2"
"rs7908544"	0.995678626217357	0.0595427863633833	0.000147809652135727	"LDL"	"<0.2"
"rs7908701"	0.943095148663527	0.0710641761602415	9.68324160782956e-05	"LDL"	"<0.2"
"rs7909061"	0.201349354554731	0.033479539852754	0.000168512947842558	"LDL"	"<0.2"
"rs7909966"	0.100726812682396	0.619665725613994	0.0636887728301825	"LDL"	"<0.2"
"rs7910595"	0.104577453960592	0.58856212978817	0.00110500129334594	"LDL"	"<0.2"
"rs7910643"	8.76700388960785	20.4045522807741	0.987107533888708	"LDL"	">=0.95"
"rs7911454"	0.924453038607469	0.147020732813517	0.014802796309096	"LDL"	"<0.2"
"rs7912008"	1.39902710431325	4.73338264417867	0.23885722487625	"LDL"	"0.2-0.4"
"rs7912629"	1.80410034759077	2.08191826425289	0.155392563218333	"LDL"	"<0.2"
"rs7913282"	0.0118871597316481	0.142243067543573	0.000384147895707218	"LDL"	"<0.2"
"rs7914156"	1.21609642072727	9.31247638946903	0.37286748901672	"LDL"	"0.2-0.4"
"rs7914246"	0.473660722610156	0.216520922404547	0.00121003232734623	"LDL"	"<0.2"
"rs7914621"	1.27654432796481	4.87726655456901	0.229625504908745	"LDL"	"0.2-0.4"
"rs7914650"	0.19586056766465	0.327556691967202	0.0311165831619572	"LDL"	"<0.2"
"rs79154216"	0.737548910269571	0.316248930468645	0.00846336297721061	"LDL"	"<0.2"
"rs7915642"	0.801342913045577	2.2557234499524	0.0420376690938455	"LDL"	"<0.2"
"rs7916349"	1.3840499483436	4.87726655456901	0.23885722487625	"LDL"	"0.2-0.4"
"rs7916467"	0.54821356447571	0.863863110909874	0.00843094660263655	"LDL"	"<0.2"
"rs7916618"	0.434152181326482	0.0803660526114613	0.017885572788959	"LDL"	"<0.2"
"rs7916858"	0.446116973356126	0.0212868742858442	0.000640055101676892	"LDL"	"<0.2"
"rs7917136"	0.679853713888946	2.88044720233288	0.213912544612076	"LDL"	"0.2-0.4"
"rs7917145"	0.690369832574101	2.88044720233288	0.213912544612076	"LDL"	"0.2-0.4"
"rs7917419"	1.75202673363819	2.08191826425289	0.158490021571067	"LDL"	"<0.2"
"rs7918509"	0.181774106386045	0.0818249225099297	1.75245200223006e-05	"LDL"	"<0.2"
"rs79192278"	0.447331783887807	0.129980808833985	0.000633091248726306	"LDL"	"<0.2"
"rs79192970"	1.58502665202918	2.68432977808036	0.0288345481259277	"LDL"	"<0.2"
"rs7919380"	2.16367588429325	9.18326832365478	0.396413200783626	"LDL"	"0.2-0.4"
"rs7920037"	0.0979971086492706	0.619665725613994	0.0636887728301825	"LDL"	"<0.2"
"rs79207756"	0.0915149811213502	0.653064444601374	0.00126668348206216	"LDL"	"<0.2"
"rs7920944"	0.339134521996131	0.187426862570042	0.00013873886066511	"LDL"	"<0.2"
"rs7922492"	1.46980030179692	1.3075346874989	0.01674598633925	"LDL"	"<0.2"
"rs7922621"	8.76955107862173	20.4045522807741	0.987107533888708	"LDL"	">=0.95"
"rs7923028"	0.913640169325252	2.75730455863665	0.201851824181441	"LDL"	"0.2-0.4"
"rs7923366"	0.20551195334083	7.57170156612278	0.379387949328425	"LDL"	"0.2-0.4"
"rs7923403"	0.0150228735845067	0.142243067543573	0.000461486436617162	"LDL"	"<0.2"
"rs7923730"	1.45345733652187	1.3075346874989	0.01674598633925	"LDL"	"<0.2"
"rs79246134"	1.94692155651658	0.65506765057959	0.000910490048908443	"LDL"	"<0.2"
"rs79291416"	1.93554201077308	0.65506765057959	0.000910490048908443	"LDL"	"<0.2"
"rs79372878"	2.23807216157947	0.32003365775686	0.0134086538885587	"LDL"	"<0.2"
"rs79468664"	0.991399828238082	0.0413448719678353	0.00846336297721061	"LDL"	"<0.2"
"rs79470528"	0.692503962086787	0.49854635283603	0.034886270172677	"LDL"	"<0.2"
"rs79598430"	0.899629454882437	0.0413448719678353	0.00846336297721061	"LDL"	"<0.2"
"rs79689805"	0.0145735259169983	0.694691632135856	0.00613272995929454	"LDL"	"<0.2"
"rs79808886"	0.0996328713435297	0.099256645800077	0.00426170364690466	"LDL"	"<0.2"
"rs79819901"	1.10182351650232	3.20708117289253	0.234095211025029	"LDL"	"0.2-0.4"
"rs79850083"	0.229147988357856	0.0955652414063802	0.00255611631685548	"LDL"	"<0.2"
"rs79863649"	0.72584215073632	0.316248930468645	0.00846336297721061	"LDL"	"<0.2"
"rs79906291"	0.0899094544059319	0.262312893158673	6.83587855089591e-06	"LDL"	"<0.2"
"rs80007362"	0.497572880015567	0.271074300122799	2.64771187529487e-05	"LDL"	"<0.2"
"rs80076998"	2.38195190328791	0.32003365775686	0.0117193913699997	"LDL"	"<0.2"
"rs80099951"	0.226945306635737	0.559859480586112	0.00138991541590912	"LDL"	"<0.2"
"rs80130113"	0.0127807700919951	0.729335136020485	0.00255611631685548	"LDL"	"<0.2"
"rs80189312"	1.88941028970075	1.10344347113614	0.0115542819185175	"LDL"	"<0.2"
"rs80234129"	0.882728704344236	0.707208038667663	0.00738768345650718	"LDL"	"<0.2"
"rs873257"	3.98296666070122	3.17071810329384	0.202594710202155	"LDL"	"0.2-0.4"
"rs873258"	2.57348873863542	2.33942478078653	0.148701634972896	"LDL"	"<0.2"
"rs873259"	3.98716277529483	3.17071810329384	0.202594710202155	"LDL"	"0.2-0.4"
"rs873395"	0.388276691992658	8.38756053761708	0.376657279918274	"LDL"	"0.2-0.4"
"rs878651"	0.0909791457888439	0.844873567788185	0.0699284661662089	"LDL"	"<0.2"
"rs878652"	0.823908740944319	0.921963904532272	0.0220878601675808	"LDL"	"<0.2"
"rs882682"	4.30102999566398	3.14627563402157	0.222103259243336	"LDL"	"0.2-0.4"
"rs9325452"	1.79860287567955	1.0257398379749	0.00762938990475722	"LDL"	"<0.2"
"rs9325460"	0.408935392973501	0.0903953025525548	6.92600054950088e-05	"LDL"	"<0.2"
"rs9420349"	0.401209493236885	7.6141078652876	0.374766127760853	"LDL"	"0.2-0.4"
"rs9420359"	0.6345120151091	8.3058249216585	0.385876300433001	"LDL"	"0.2-0.4"
"rs9420370"	1.38090666937326	9.31247638946903	0.370970591322728	"LDL"	"0.2-0.4"
"rs9420491"	0.54515513999149	0.849903944046904	0.00343332530314428	"LDL"	"<0.2"
"rs9420492"	0.595166283380062	0.77244235311436	0.00129888091012876	"LDL"	"<0.2"
"rs9420494"	0.437707135543525	0.459297717672436	0.000689933727754989	"LDL"	"<0.2"
"rs9420495"	0.673664139071249	0.898909674323499	0.00551326278095019	"LDL"	"<0.2"
"rs9420496"	1.35066514128786	0.512513762434138	1.25034902663727e-06	"LDL"	"<0.2"
"rs9420497"	0.612610173661271	0.376853091082554	0.0053732726353913	"LDL"	"<0.2"
"rs9420499"	0.54515513999149	1.09807385167244	0.00613278491779649	"LDL"	"<0.2"
"rs9420501"	0.554395796726402	1.1509548426627	0.00692010185045416	"LDL"	"<0.2"
"rs9420502"	0.0809219076239261	0.257724317172851	0.000308879427724451	"LDL"	"<0.2"
"rs9421449"	1.26600071346161	0.122673007422981	0.0180127523921373	"LDL"	"<0.2"
"rs9421450"	0.59176003468815	0.415565869080933	0.01686943243102	"LDL"	"<0.2"
"rs9421464"	0.460923901207223	8.10327046124905	0.374766127760853	"LDL"	"0.2-0.4"
"rs9421673"	0.216096420727265	0.687503177916613	0.00333787714199725	"LDL"	"<0.2"
"rs9421678"	1.040481623027	0.590381304758102	0.00447733077253918	"LDL"	"<0.2"
"rs9421681"	0.453457336521869	0.306933786552045	0.00130749925851725	"LDL"	"<0.2"
"rs9421682"	0.442492798094342	0.212145084712752	0.00329616558006622	"LDL"	"<0.2"
"rs9421683"	0.667561540084395	0.428849239890049	0.00593853047980608	"LDL"	"<0.2"
"rs9421684"	0.42021640338319	0.341750999503298	0.00640956388126739	"LDL"	"<0.2"
"rs9421690"	0.073657553374345	0.274542491765909	0.000308879427724451	"LDL"	"<0.2"
"rs9421691"	0.177178354696895	0.529708610841531	0.00017807561962283	"LDL"	"<0.2"
"rs9421693"	0.197910742118267	0.529708610841531	0.00026275358750176	"LDL"	"<0.2"
"rs946889"	2.10237290870956	0.732152706436846	0.012437813861543	"LDL"	"<0.2"
"rs946892"	2.13430394008393	9.18326832365478	0.396413200783626	"LDL"	"0.2-0.4"
"rs946893"	0.363512103646635	8.32483872135799	0.380766122895907	"LDL"	"0.2-0.4"
"rs9633739"	7.23507701535011	4.72432477391282	0.287758108085505	"LDL"	"0.2-0.4"
"rs9633740"	8.95467702121334	19.777889883769	0.993524634828474	"LDL"	">=0.95"
"rs9651483"	1.24184537803261	0.896473358382158	0.0166409434321569	"LDL"	"<0.2"
"rs9663163"	1.08196966321512	9.76630095252618	0.420217767903894	"LDL"	"0.4-0.6"
"rs9665686"	0.718966632752272	1.26754833810616	0.0837973819172986	"LDL"	"<0.2"
"rs9703804"	1.39902710431325	9.31247638946903	0.370970591322728	"LDL"	"0.2-0.4"
"rs9730767"	1.31515463835559	1.04387865267325	0.00762938990475722	"LDL"	"<0.2"
"rs9804223"	2.01999662841625	9.18326832365478	0.396413200783626	"LDL"	"0.2-0.4"
"rs9804233"	2.14266750356873	9.18326832365478	0.396413200783626	"LDL"	"0.2-0.4"
"rs9804236"	2.02410886359821	9.18326832365478	0.396413200783626	"LDL"	"0.2-0.4"
"rs9888061"	0.772113295386327	0.0518140221779264	8.16409491145678e-08	"LDL"	"<0.2"
"rs9971172"	1.36552272983927	0.172166306108445	1.60595340597417e-06	"LDL"	"<0.2"
"rs9971214"	0.764471553092451	0.0886170429056799	2.86883116821057e-06	"LDL"	"<0.2"
"rs1001527"	0.688246138944246	0.494157060818106	1.42225767148056e-05	"nonHDL"	"<0.2"
"rs1007521"	0.590066876668706	0.0413448719678353	0.0111327836122536	"nonHDL"	"<0.2"
"rs1010245"	0.46344155742847	4.63793807459034	0.187326724545825	"nonHDL"	"<0.2"
"rs1010246"	0.0141246426916063	1.81576581249045	0.0725163115184642	"nonHDL"	"<0.2"
"rs10160056"	0.91721462968355	2.89771726018474	0.112517397525422	"nonHDL"	"<0.2"
"rs10400045"	1.05601112492623	9.31247638946903	0.370970591322728	"nonHDL"	"0.2-0.4"
"rs10444009"	1.09312646527793	1.03332101356642	0.00769902234636871	"nonHDL"	"<0.2"
"rs10458743"	0.0168249279621871	1.41189307612839	0.00704037464375467	"nonHDL"	"<0.2"
"rs10466235"	1.12436006299583	9.02402118719944	0.396839641591914	"nonHDL"	"0.2-0.4"
"rs10466236"	0.892790030352132	4.89507267171459	0.229625504908745	"nonHDL"	"0.2-0.4"
"rs1047951"	1.16494389827988	0.0674039803706177	0.00626536247232623	"nonHDL"	"<0.2"
"rs10509415"	0.0846001647877302	0.0350924766469924	0.000892143451171604	"nonHDL"	"<0.2"
"rs1052631"	1.27245874297144	0.798389877796844	0.0158050356101063	"nonHDL"	"<0.2"
"rs1063161"	1.66958622665081	0.0425095620135659	0.027591277575724	"nonHDL"	"<0.2"
"rs10736340"	0.528708288941061	9.76630095252618	0.420217767903894	"nonHDL"	"0.4-0.6"
"rs10736342"	0.892790030352132	10.3313830181126	0.451595993767578	"nonHDL"	"0.4-0.6"
"rs10736343"	0.333482019445119	3.61537781154846	0.177093258088484	"nonHDL"	"<0.2"
"rs10736344"	1.49214412830417	9.18326832365478	0.396413200783626	"nonHDL"	"0.2-0.4"
"rs10736345"	1.50307035192679	9.18326832365478	0.396413200783626	"nonHDL"	"0.2-0.4"
"rs10736346"	1.49894073778225	9.18326832365478	0.396413200783626	"nonHDL"	"0.2-0.4"
"rs10736347"	1.5003129173816	9.18326832365478	0.396413200783626	"nonHDL"	"0.2-0.4"
"rs10736348"	1.30189945437661	9.30834837322808	0.401261576828224	"nonHDL"	"0.4-0.6"
"rs10736349"	1.26520017041115	9.30834837322808	0.401261576828224	"nonHDL"	"0.4-0.6"
"rs10736356"	1.25103713874384	9.30834837322808	0.393186055408957	"nonHDL"	"0.2-0.4"
"rs10736365"	0.55129368009492	4.04175442935887	0.17320086442336	"nonHDL"	"<0.2"
"rs10736366"	1.86646109162978	5.93686187345518	0.366446860113705	"nonHDL"	"0.2-0.4"
"rs10748526"	8.37059040089728	13.3799285211888	0.93210418807888	"nonHDL"	"0.8-0.95"
"rs10748557"	0.115771230367396	0.264860385954381	0.000302444563716874	"nonHDL"	"<0.2"
"rs10749549"	0.882728704344236	3.55979800854091	0.171041198957812	"nonHDL"	"<0.2"
"rs10749550"	0.238824186844269	8.38756053761708	0.376657279918274	"nonHDL"	"0.2-0.4"
"rs10749551"	0.40340290437354	8.88090254489974	0.385876300433001	"nonHDL"	"0.2-0.4"
"rs10749559"	1.04575749056068	3.35020285405655	0.118087464218371	"nonHDL"	"<0.2"
"rs10749560"	1.07883394936226	9.31247638946903	0.370970591322728	"nonHDL"	"0.2-0.4"
"rs10749562"	0.404503778174426	9.76630095252618	0.422453445616957	"nonHDL"	"0.4-0.6"
"rs10749569"	1.51286162452281	9.58863454855172	0.396413200783626	"nonHDL"	"0.2-0.4"
"rs10749572"	1.11861534322943	4.6958327282756	0.232225116380786	"nonHDL"	"0.2-0.4"
"rs10749574"	0.782516055786094	9.69561719751093	0.451595993767578	"nonHDL"	"0.4-0.6"
"rs10749575"	1.11407366019857	4.6958327282756	0.232225116380786	"nonHDL"	"0.2-0.4"
"rs10749578"	0.723538195826756	10.447213798334	0.456673145334336	"nonHDL"	"0.4-0.6"
"rs10749579"	1.27002571430044	9.30834837322808	0.401261576828224	"nonHDL"	"0.4-0.6"
"rs10749581"	1.27002571430044	9.30834837322808	0.401261576828224	"nonHDL"	"0.4-0.6"
"rs10749584"	0.931814138253838	3.00426655190753	0.111518048785414	"nonHDL"	"<0.2"
"rs10749592"	0.91721462968355	4.69839060786383	0.229625504908745	"nonHDL"	"0.2-0.4"
"rs10749595"	0.847711655616944	9.80347839659941	0.480201982218575	"nonHDL"	"0.4-0.6"
"rs10749603"	4.43179827593301	3.37238633849435	0.20067030975559	"nonHDL"	"0.2-0.4"
"rs10749604"	4.58335949266172	1.4160908344045	0.0864478290803583	"nonHDL"	"<0.2"
"rs10749608"	5.59006687666871	7.92092010115579	0.467090884948568	"nonHDL"	"0.4-0.6"
"rs10749609"	7.89619627904404	18.2437207530632	0.974688577276089	"nonHDL"	">=0.95"
"rs10749610"	8.63638802010786	4.21652664243157	0.289116916627788	"nonHDL"	"0.2-0.4"
"rs10785884"	6.18775530319963	3.14627563402157	0.218351854391412	"nonHDL"	"0.2-0.4"
"rs10785897"	9.20690839982342	4.47881482667623	0.292410093590186	"nonHDL"	"0.2-0.4"
"rs10785965"	0.294992040666664	0.28972181485972	0.0235400320791192	"nonHDL"	"<0.2"
"rs10785982"	0.0710923097560473	0.771450795176077	0.000671132330614084	"nonHDL"	"<0.2"
"rs10786002"	0.533132379645891	0.0677033377535229	0.00173768711281599	"nonHDL"	"<0.2"
"rs10786020"	0.434152181326482	0.0797681136582413	9.74082953647788e-05	"nonHDL"	"<0.2"
"rs10788541"	0.397940008672038	8.37276424638169	0.375759301425193	"nonHDL"	"0.2-0.4"
"rs10788544"	0.00656376950238827	1.81576581249045	0.0725163115184642	"nonHDL"	"<0.2"
"rs10788545"	0.233587152887601	8.38756053761708	0.376657279918274	"nonHDL"	"0.2-0.4"
"rs10788546"	0.492144128304169	6.88943048991387	0.338698415685062	"nonHDL"	"0.2-0.4"
"rs10788549"	0.614393726401688	2.61337620387492	0.136291791487081	"nonHDL"	"<0.2"
"rs10788554"	0.872895201635192	3.16369867585535	0.121258038969414	"nonHDL"	"<0.2"
"rs10788562"	1.30364361126667	9.31247638946903	0.363090376680328	"nonHDL"	"0.2-0.4"
"rs10788563"	1.05256627811295	3.35020285405655	0.118087464218371	"nonHDL"	"<0.2"
"rs10788570"	0.87942606879415	3.05077495899086	0.117644229655627	"nonHDL"	"<0.2"
"rs10788571"	0.798602875679548	3.35020285405655	0.115733813031399	"nonHDL"	"<0.2"
"rs10788576"	0.812479279163537	9.31247638946903	0.37286748901672	"nonHDL"	"0.2-0.4"
"rs10788579"	0.790484985457369	3.35020285405655	0.115733813031399	"nonHDL"	"<0.2"
"rs10788586"	1.19044028536473	9.18326832365478	0.396413200783626	"nonHDL"	"0.2-0.4"
"rs10788588"	1.02872415126189	2.89771726018474	0.112517397525422	"nonHDL"	"<0.2"
"rs10788603"	0.906578314837765	4.72341872383242	0.229625504908745	"nonHDL"	"0.2-0.4"
"rs10788619"	0.52432881167557	4.04175442935887	0.173030716856869	"nonHDL"	"<0.2"
"rs10788620"	1.12784372725171	2.99877701316314	0.145660776239712	"nonHDL"	"<0.2"
"rs10788622"	1.10292299679058	2.69467658109766	0.1469784098276	"nonHDL"	"<0.2"
"rs10788623"	0.559090917934782	2.07341731707927	0.198145279485821	"nonHDL"	"<0.2"
"rs10788625"	1.01863449092146	2.69467658109766	0.1469784098276	"nonHDL"	"<0.2"
"rs10788626"	1.03905380426617	2.88044720233288	0.213912544612076	"nonHDL"	"0.2-0.4"
"rs10788627"	1.02181948306259	3.12358469272143	0.213912544612076	"nonHDL"	"0.2-0.4"
"rs10788630"	1.48945498979339	2.94220081397066	0.234095211025029	"nonHDL"	"0.2-0.4"
"rs10788640"	4.17198493577602	2.09655295261766	0.144144111202481	"nonHDL"	"<0.2"
"rs10881600"	8.55752023093555	4.21652664243157	0.287758108085505	"nonHDL"	"0.2-0.4"
"rs10881776"	2.53760200210104	3.85364246931395	0.302366918053475	"nonHDL"	"0.2-0.4"
"rs10881799"	0.391473966422806	0.420962201282934	2.50808840229876e-07	"nonHDL"	"<0.2"
"rs10881806"	1.32790214206428	2.33383502714047	0.0238753128855341	"nonHDL"	"<0.2"
"rs10881815"	0.866461091629783	3.36403497584204	0.036348809071621	"nonHDL"	"<0.2"
"rs10881816"	1.21609642072727	2.45895021906863	0.0330668755625594	"nonHDL"	"<0.2"
"rs10881857"	0.438898616350944	0.0495309663947341	0.0139035448403502	"nonHDL"	"<0.2"
"rs10881906"	0.244887733604929	0.417259574787052	0.00265236431727307	"nonHDL"	"<0.2"
"rs10881912"	0.696803942579511	0.145601035195598	0.00115101297611995	"nonHDL"	"<0.2"
"rs10881916"	0.0846001647877302	0.325359276023088	0.000321106436360573	"nonHDL"	"<0.2"
"rs10881952"	0.705533773838407	0.075789999774844	0.000171939541998546	"nonHDL"	"<0.2"
"rs10881953"	0.168130225719498	0.0797681136582413	9.74082953647788e-05	"nonHDL"	"<0.2"
"rs10881984"	0.412289034981089	0.0797681136582413	9.74082953647788e-05	"nonHDL"	"<0.2"
"rs10882008"	0.576754126063192	0.0369983904244862	0.000667972674324001	"nonHDL"	"<0.2"
"rs10882011"	0.889410289700751	0.310666274010612	0.00207669415209219	"nonHDL"	"<0.2"
"rs10887701"	0.0186344909214556	3.49958375019749	0.14537415169423	"nonHDL"	"<0.2"
"rs10887705"	0.00436480540245009	3.40823218282447	0.143551755020569	"nonHDL"	"<0.2"
"rs10887706"	0.735182176990464	1.16968148618986	0.0199977799158712	"nonHDL"	"<0.2"
"rs10887708"	0.00966114521239857	1.81576581249045	0.0725163115184642	"nonHDL"	"<0.2"
"rs10887710"	0.675717544702307	1.6490855410261	0.0568150635758904	"nonHDL"	"<0.2"
"rs10887711"	0.492144128304169	6.88943048991387	0.338698415685062	"nonHDL"	"0.2-0.4"
"rs10887718"	0.701146923590293	4.11345569634589	0.229480717084185	"nonHDL"	"0.2-0.4"
"rs10887736"	0.169411331314856	9.76630095252618	0.420217767903894	"nonHDL"	"0.4-0.6"
"rs10887739"	1.06600683616876	9.31247638946903	0.370970591322728	"nonHDL"	"0.2-0.4"
"rs10887761"	0.295849483160201	3.61537781154846	0.171783949575164	"nonHDL"	"<0.2"
"rs10887798"	0.567030709125594	9.18326832365478	0.399227748355551	"nonHDL"	"0.2-0.4"
"rs10887808"	1.36855623098683	9.18326832365478	0.397264421378555	"nonHDL"	"0.2-0.4"
"rs10887825"	1.24336389175415	9.30834837322808	0.401261576828224	"nonHDL"	"0.4-0.6"
"rs10887826"	0.913640169325252	4.79658360115356	0.229625504908745	"nonHDL"	"0.2-0.4"
"rs10887828"	1.04479346245806	4.87726655456901	0.242021643331153	"nonHDL"	"0.2-0.4"
"rs10887838"	0.694648630553376	10.4486427264773	0.469393624865787	"nonHDL"	"0.4-0.6"
"rs10887847"	0.774690718274137	3.70254371096075	0.139474062428119	"nonHDL"	"<0.2"
"rs10887865"	0.950781977329818	3.1670404213428	0.148202844484406	"nonHDL"	"<0.2"
"rs10887868"	0.991399828238082	3.07757870651929	0.148202844484406	"nonHDL"	"<0.2"
"rs10887869"	0.694648630553376	5.37132504073736	0.307960102398409	"nonHDL"	"0.2-0.4"
"rs10887871"	1.11238269966426	3.2530787012421	0.145660776239712	"nonHDL"	"<0.2"
"rs10887872"	0.536107011014093	3.92064868858259	0.171241678039859	"nonHDL"	"<0.2"
"rs10887873"	1.08249449044745	3.2530787012421	0.148920230511854	"nonHDL"	"<0.2"
"rs10887880"	1.09636748391576	3.20708117289253	0.234095211025029	"nonHDL"	"0.2-0.4"
"rs10887884"	1.09636748391576	3.20708117289253	0.234095211025029	"nonHDL"	"0.2-0.4"
"rs10887894"	0.779891911959945	3.231259071177	0.276222273296138	"nonHDL"	"0.2-0.4"
"rs10887895"	0.779891911959945	3.231259071177	0.276222273296138	"nonHDL"	"0.2-0.4"
"rs10887896"	0.777283528852417	3.231259071177	0.271950652745491	"nonHDL"	"0.2-0.4"
"rs10887898"	1.44977164694491	2.90453075755126	0.237285982900882	"nonHDL"	"0.2-0.4"
"rs10887899"	0.782516055786094	3.231259071177	0.271950652745491	"nonHDL"	"0.2-0.4"
"rs10887900"	0.777283528852417	3.231259071177	0.276222273296138	"nonHDL"	"0.2-0.4"
"rs10887901"	0.7594507517174	3.231259071177	0.275007022016137	"nonHDL"	"0.2-0.4"
"rs10887902"	0.7594507517174	3.231259071177	0.275007022016137	"nonHDL"	"0.2-0.4"
"rs10887903"	0.756961951313706	3.231259071177	0.275007022016137	"nonHDL"	"0.2-0.4"
"rs10887914"	0.860120913598763	3.57425715959529	0.286476842256746	"nonHDL"	"0.2-0.4"
"rs10887933"	4.1157712303674	3.08551139710121	0.202278598882496	"nonHDL"	"0.2-0.4"
"rs10887949"	3.87614835903291	1.04582650061097	0.0922720878352723	"nonHDL"	"<0.2"
"rs111391217"	1.22548303427145	0.497313473379138	0.00738768345650718	"nonHDL"	"<0.2"
"rs111397159"	0.1073489661227	0.0226262569416014	0.00255611631685548	"nonHDL"	"<0.2"
"rs111442768"	0.158015195409886	0.163134935933756	2.26230807774861e-05	"nonHDL"	"<0.2"
"rs111457648"	0.35261702988538	0.0380699169064382	0.000834153865432407	"nonHDL"	"<0.2"
"rs111638833"	0.85078088734462	0.214000017704385	0.00255611631685548	"nonHDL"	"<0.2"
"rs111712776"	0.285670240254767	0.180668657570622	0.0193560912257174	"nonHDL"	"<0.2"
"rs111715594"	0.847711655616944	0.105536058634459	0.00255611631685548	"nonHDL"	"<0.2"
"rs111791162"	0.154281982033341	0.959338334090889	0.00013873886066511	"nonHDL"	"<0.2"
"rs111791542"	1.24108810760203	0.230779284522305	0.00339704130116269	"nonHDL"	"<0.2"
"rs11185829"	0.1890957193313	1.37240988412128	0.0700037174728361	"nonHDL"	"<0.2"
"rs11185835"	1.00921730819686	6.34014652532576	0.204290377943996	"nonHDL"	"0.2-0.4"
"rs11185932"	2.97061622231479	1.60283024379531	0.124387067681062	"nonHDL"	"<0.2"
"rs11185939"	0.737548910269571	1.3740458438393	0.0244424727505111	"nonHDL"	"<0.2"
"rs11185982"	4.73992861201493	11.2879221591141	0.610032689426398	"nonHDL"	"0.6-0.8"
"rs11186024"	2.58670023591875	4.30695844061248	0.260724498165299	"nonHDL"	"0.2-0.4"
"rs11186029"	1.27245874297144	1.14731449707267	0.0866672925324146	"nonHDL"	"<0.2"
"rs11186034"	0.549750891680639	0.428158455036695	0.000645825505429471	"nonHDL"	"<0.2"
"rs11186045"	2.36653154442041	1.62013452191694	0.018944762935447	"nonHDL"	"<0.2"
"rs11186047"	1.4907974776689	0.887083463726355	0.082536897002486	"nonHDL"	"<0.2"
"rs11186065"	0.0565054840938974	0.0285817297389937	0.0200498298132634	"nonHDL"	"<0.2"
"rs11186102"	2.45967052520913	4.20095459531847	0.302366918053475	"nonHDL"	"0.2-0.4"
"rs11186124"	0.411168274405793	0.431198893842858	0.0410163986623974	"nonHDL"	"<0.2"
"rs11186128"	2.58670023591875	4.20095459531847	0.295450981079297	"nonHDL"	"0.2-0.4"
"rs11186141"	2.54668165995296	4.20095459531847	0.290904614999058	"nonHDL"	"0.2-0.4"
"rs11186149"	0.924453038607469	1.00296722454644	0.0159643406732183	"nonHDL"	"<0.2"
"rs11186151"	0.230622673923862	0.0613492057162855	0.0233297680626217	"nonHDL"	"<0.2"
"rs11186192"	0.183758700008217	0.678515490991412	0.0391141669567985	"nonHDL"	"<0.2"
"rs11186196"	0.250263684430939	0.863260413063794	0.0418146896264026	"nonHDL"	"<0.2"
"rs11186197"	0.244125144327509	0.863260413063794	0.0418146896264026	"nonHDL"	"<0.2"
"rs11186200"	0.239577516576788	0.863260413063794	0.0418146896264026	"nonHDL"	"<0.2"
"rs11186203"	0.924453038607469	0.745401173579604	0.010843572880277	"nonHDL"	"<0.2"
"rs11186207"	0.1890957193313	0.702478033487252	0.0419679367096179	"nonHDL"	"<0.2"
"rs11186209"	0.189767482004916	0.702478033487252	0.0419679367096179	"nonHDL"	"<0.2"
"rs11186210"	0.1890957193313	0.702478033487252	0.0422177744248802	"nonHDL"	"<0.2"
"rs11186212"	0.18111458540599	0.702478033487252	0.0419679367096179	"nonHDL"	"<0.2"
"rs11186218"	0.928117992693875	0.745401173579604	0.010843572880277	"nonHDL"	"<0.2"
"rs11186220"	0.188424994129407	0.682847968536039	0.0419679367096179	"nonHDL"	"<0.2"
"rs11186223"	0.170696227168975	0.682847968536039	0.0419679367096179	"nonHDL"	"<0.2"
"rs11186224"	0.164943898279884	0.682847968536039	0.0419679367096179	"nonHDL"	"<0.2"
"rs11186234"	0.273272790973428	0.937387935810479	0.0397762689460615	"nonHDL"	"<0.2"
"rs11186236"	0.160521952625802	0.864161597284022	0.040856776653485	"nonHDL"	"<0.2"
"rs11186244"	0.675717544702307	3.37490475058419	0.0480683412477497	"nonHDL"	"<0.2"
"rs11186259"	1.27490547891853	4.53214485335162	0.0532323025750314	"nonHDL"	"<0.2"
"rs11186273"	1.0195421077239	2.58309167712666	0.0448396720992497	"nonHDL"	"<0.2"
"rs11186280"	1.11861534322943	3.01578963473346	0.148517549883646	"nonHDL"	"<0.2"
"rs11186296"	0.0861861476162833	1.42499122295375	0.00300061480472801	"nonHDL"	"<0.2"
"rs11186301"	0.882728704344236	0.986497086438944	0.00520776672831329	"nonHDL"	"<0.2"
"rs11186348"	0.5016894462104	0.139868107575506	0.0127093803734185	"nonHDL"	"<0.2"
"rs11186357"	0.249491605148654	1.10344347113614	0.0115542819185175	"nonHDL"	"<0.2"
"rs11186370"	0.669586226650809	0.0120317998602587	0.0145410360546966	"nonHDL"	"<0.2"
"rs11186409"	0.643974142806877	0.0120317998602587	0.0134923893546904	"nonHDL"	"<0.2"
"rs11186419"	0.253365801062421	0.450067802165963	0.00148142418395312	"nonHDL"	"<0.2"
"rs11186429"	0.139661993429006	0.0446389350428569	0.00624386202812471	"nonHDL"	"<0.2"
"rs11186456"	0.0486624812040823	0.264104221011358	0.000517551339927428	"nonHDL"	"<0.2"
"rs11186460"	0.0680338852718274	0.150084533057333	0.00041112576980422	"nonHDL"	"<0.2"
"rs11186481"	0.211124884224583	0.314275275329261	0.000136923101652747	"nonHDL"	"<0.2"
"rs11186530"	0.459670525209126	0.0748132633583677	1.25046284477228e-05	"nonHDL"	"<0.2"
"rs11186564"	0.815308569182401	0.17619137547262	0.000290155440690247	"nonHDL"	"<0.2"
"rs11186568"	0.866461091629783	0.151908225162443	0.000290155440690247	"nonHDL"	"<0.2"
"rs11186576"	0.812479279163537	0.211591913547175	1.34747654864913e-05	"nonHDL"	"<0.2"
"rs11186592"	0.543633966870957	0.097814286301	0.00173768711281599	"nonHDL"	"<0.2"
"rs11186609"	0.525783735923745	0.34619531942911	0.00345031700635258	"nonHDL"	"<0.2"
"rs11186615"	0.787812395596042	0.3954175827688	0.00394413378452253	"nonHDL"	"<0.2"
"rs11186617"	0.133122185662501	0.0164093418177633	0.00194578028468366	"nonHDL"	"<0.2"
"rs11186663"	0.0186344909214556	0.00837703647371167	0.000644923582413123	"nonHDL"	"<0.2"
"rs11186671"	0.323306390375133	0.0518140221779264	8.16409491145678e-08	"nonHDL"	"<0.2"
"rs11186675"	0.39040559077478	0.0797681136582413	9.74082953647788e-05	"nonHDL"	"<0.2"
"rs11186713"	0.196542884351586	0.0518140221779264	8.16409491145678e-08	"nonHDL"	"<0.2"
"rs11186715"	0.111259039317107	0.223131085821406	0.000745310043263885	"nonHDL"	"<0.2"
"rs11186730"	0.332547047110046	0.0518140221779264	8.16409491145678e-08	"nonHDL"	"<0.2"
"rs11186741"	0.450996737974212	0.0797681136582413	0.00074667059766642	"nonHDL"	"<0.2"
"rs11186772"	0.661543506395395	0.0579641530202421	0.000661839025338974	"nonHDL"	"<0.2"
"rs11186776"	0.665546248849069	0.0417214401928415	0.000290028304169563	"nonHDL"	"<0.2"
"rs11186779"	0.192464971931147	0.0091844822753943	3.43203989908375e-07	"nonHDL"	"<0.2"
"rs11186787"	0.98296666070122	0.167231865319019	0.000154866600397328	"nonHDL"	"<0.2"
"rs11186793"	0.910094888560602	0.310666274010612	0.00189133459531375	"nonHDL"	"<0.2"
"rs111953546"	0.357535479757879	0.373302487601351	0.00426170364690466	"nonHDL"	"<0.2"
"rs11202342"	0.605548319173784	4.23916904968093	0.187854296035515	"nonHDL"	"<0.2"
"rs11202356"	2.42481215507234	0.0723961252941651	0.0197615758202352	"nonHDL"	"<0.2"
"rs11202358"	2.39794000867204	0.0723961252941651	0.0197615758202352	"nonHDL"	"<0.2"
"rs11202363"	0.663540266151471	1.69849688115606	0.0578793416726342	"nonHDL"	"<0.2"
"rs11202373"	0.351639989019068	6.1751617784791	0.131256930818317	"nonHDL"	"<0.2"
"rs11202393"	2.39147396642281	0.0723961252941651	0.0197615758202352	"nonHDL"	"<0.2"
"rs11202403"	0.688246138944246	1.6490855410261	0.0568150635758904	"nonHDL"	"<0.2"
"rs11202404"	2.37571790416433	0.0723961252941651	0.0167842486034082	"nonHDL"	"<0.2"
"rs11202421"	1.75696195131371	0.0723961252941651	0.0194589687016165	"nonHDL"	"<0.2"
"rs11202532"	0.943095148663527	0.160197138887366	0.0123471949528617	"nonHDL"	"<0.2"
"rs11202540"	0.97061622231479	0.160197138887366	0.0123471949528617	"nonHDL"	"<0.2"
"rs11202551"	0.250263684430939	1.58774110610186	0.0728151515630057	"nonHDL"	"<0.2"
"rs11202665"	0.250263684430939	0.325713095074929	0.011170655915732	"nonHDL"	"<0.2"
"rs11202666"	0.362510270487489	1.30214756918035	0.0689096854626479	"nonHDL"	"<0.2"
"rs11202699"	0.872895201635192	10.3313830181126	0.451595993767578	"nonHDL"	"0.4-0.6"
"rs11202720"	1.40120949323689	9.18326832365478	0.396413200783626	"nonHDL"	"0.2-0.4"
"rs11202721"	1.4089353929735	9.18326832365478	0.396413200783626	"nonHDL"	"0.2-0.4"
"rs11202724"	1.44611697335613	9.18326832365478	0.396413200783626	"nonHDL"	"0.2-0.4"
"rs11202725"	1.44977164694491	9.18326832365478	0.396413200783626	"nonHDL"	"0.2-0.4"
"rs11202737"	0.869666231504994	1.5695250356426	0.0223611013019879	"nonHDL"	"<0.2"
"rs11202751"	1.24641694110709	9.30834837322808	0.401261576828224	"nonHDL"	"0.4-0.6"
"rs11202815"	0.761953896871205	3.83567689143171	0.139333644013008	"nonHDL"	"<0.2"
"rs11202832"	0.75448733218585	3.25548249381422	0.137595828932441	"nonHDL"	"<0.2"
"rs11202934"	0.913640169325252	3.20708117289253	0.234095211025029	"nonHDL"	"0.2-0.4"
"rs11202935"	0.91721462968355	3.20708117289253	0.234095211025029	"nonHDL"	"0.2-0.4"
"rs11202936"	0.987162775294828	2.4548191071093	0.233079546052193	"nonHDL"	"0.2-0.4"
"rs11202957"	0.785156151952302	3.231259071177	0.271950652745491	"nonHDL"	"0.2-0.4"
"rs11202959"	0.774690718274137	3.231259071177	0.276222273296138	"nonHDL"	"0.2-0.4"
"rs11202960"	0.782516055786094	3.231259071177	0.276222273296138	"nonHDL"	"0.2-0.4"
"rs11202963"	0.7594507517174	3.231259071177	0.276222273296138	"nonHDL"	"0.2-0.4"
"rs11203026"	0.235077015350112	0.0796736676133015	0.0104142917197222	"nonHDL"	"<0.2"
"rs11203034"	4.23732143627256	3.08551139710121	0.201472770455365	"nonHDL"	"0.2-0.4"
"rs11203116"	8.92081875395238	4.60434167766587	0.289116916627788	"nonHDL"	"0.2-0.4"
"rs112234136"	0.174573882232177	0.682847968536039	0.0419679367096179	"nonHDL"	"<0.2"
"rs112618690"	0.0118871597316481	0.0382705002578627	4.82709920774147e-05	"nonHDL"	"<0.2"
"rs112659149"	0.0462403082667712	0.713583952509895	0.017237175856887	"nonHDL"	"<0.2"
"rs112699374"	0.406713932979543	0.848942880792422	4.18963309571718e-05	"nonHDL"	"<0.2"
"rs112718695"	0.742321425130815	1.3075346874989	0.01674598633925	"nonHDL"	"<0.2"
"rs112834316"	0.568636235841013	0.378259917113024	0.00029784733630008	"nonHDL"	"<0.2"
"rs113022090"	1.24641694110709	0.497313473379138	0.00738768345650718	"nonHDL"	"<0.2"
"rs113077154"	0.480172006224281	0.194638491846184	2.58581857529659e-05	"nonHDL"	"<0.2"
"rs113339529"	0.71669877129645	0.815104243381454	0.000910490048908443	"nonHDL"	"<0.2"
"rs1133838"	0.585026652029182	0.0803660526114613	0.0202280193364451	"nonHDL"	"<0.2"
"rs113471512"	1.03668448861389	0.152118386097317	0.00559762741190039	"nonHDL"	"<0.2"
"rs113558021"	0.920818753952375	0.864355405705437	0.00255611631685548	"nonHDL"	"<0.2"
"rs113582501"	0.0204516252959049	0.0382705002578627	4.82709920774147e-05	"nonHDL"	"<0.2"
"rs113659868"	1.28903688100472	0.000688467869952259	0.00626536247232623	"nonHDL"	"<0.2"
"rs113801934"	0.286509456906058	0.446515056835815	6.4546878484508e-05	"nonHDL"	"<0.2"
"rs113900355"	0.127843727251707	0.0949092738976085	0.00222398640103085	"nonHDL"	"<0.2"
"rs113927442"	0.507239610973163	0.0266014897277192	8.16409491145678e-08	"nonHDL"	"<0.2"
"rs114113383"	0.460923901207223	0.0955652414063802	0.00255611631685548	"nonHDL"	"<0.2"
"rs114240672"	1.0195421077239	0.0674039803706177	0.00626536247232623	"nonHDL"	"<0.2"
"rs1143694"	0.296708621881339	8.38756053761708	0.376657279918274	"nonHDL"	"0.2-0.4"
"rs114419517"	0.276544327964814	0.125923674402527	0.00255611631685548	"nonHDL"	"<0.2"
"rs114437786"	1.06905096883248	0.436072983172712	0.00199793107920486	"nonHDL"	"<0.2"
"rs114457204"	1.32790214206428	0.417921857684629	0.0141511931407551	"nonHDL"	"<0.2"
"rs114665833"	1.95467702121334	0.32003365775686	0.0117193913699997	"nonHDL"	"<0.2"
"rs114784526"	1.10127481841051	0.0674039803706177	0.00626536247232623	"nonHDL"	"<0.2"
"rs114804917"	0.377785977033705	0.274205120447635	0.0200282803182381	"nonHDL"	"<0.2"
"rs114898062"	0.91721462968355	0.229672402595408	0.0234390064678591	"nonHDL"	"<0.2"
"rs11492703"	0.16304326294045	0.183548565585098	0.000807761254612771	"nonHDL"	"<0.2"
"rs114958515"	0.379863945026243	0.15769412367114	0.00734786317905254	"nonHDL"	"<0.2"
"rs115141600"	0.38933983691012	0.0413448719678353	0.0111327836122536	"nonHDL"	"<0.2"
"rs11516914"	0.236572006437063	0.863260413063794	0.0418146896264026	"nonHDL"	"<0.2"
"rs115209327"	1.86966623150499	0.681166892524023	0.000910490048908443	"nonHDL"	"<0.2"
"rs115254492"	0.313363730737707	0.125923674402527	0.00255611631685548	"nonHDL"	"<0.2"
"rs11528011"	0.96657624451305	3.16369867585535	0.121258038969414	"nonHDL"	"<0.2"
"rs11528056"	0.533132379645891	0.0518140221779264	8.16409491145678e-08	"nonHDL"	"<0.2"
"rs11528422"	0.286509456906058	1.62196567754267	0.0467744568454127	"nonHDL"	"<0.2"
"rs115292843"	0.314258261397736	0.892535635451621	0.0172863655679977	"nonHDL"	"<0.2"
"rs115481333"	0.787812395596042	0.0295736188888087	0.00255611631685548	"nonHDL"	"<0.2"
"rs11553840"	0.292429823902064	1.31963819397847	0.0222656567886166	"nonHDL"	"<0.2"
"rs1157794"	0.0296531237699066	0.331492013391707	0.000389647831047522	"nonHDL"	"<0.2"
"rs115830718"	0.22548303427145	0.0623281763673679	0.0134233501373405	"nonHDL"	"<0.2"
"rs11592611"	0.145693958198919	4.19463441267422	0.136493892279046	"nonHDL"	"<0.2"
"rs11593669"	0.295849483160201	0.373302487601351	0.00426170364690466	"nonHDL"	"<0.2"
"rs11593762"	0.146301788223826	1.99397917727282	0.116896870572419	"nonHDL"	"<0.2"
"rs115954250"	1.65364702554936	0.32003365775686	0.0139145307039969	"nonHDL"	"<0.2"
"rs11595587"	0.163675884293248	0.805280353350868	0.0198461310336818	"nonHDL"	"<0.2"
"rs11598179"	0.262012673666569	1.53811147365603	0.091021684526168	"nonHDL"	"<0.2"
"rs11599251"	0.872895201635192	0.554140587515197	0.0186392158847207	"nonHDL"	"<0.2"
"rs116031102"	1.58502665202918	0.461218970218154	0.0180127523921373	"nonHDL"	"<0.2"
"rs116101469"	0.369572124974976	0.117203472839726	0.0171028826944395	"nonHDL"	"<0.2"
"rs116240977"	1.32239304727951	0.417921857684629	0.0141511931407551	"nonHDL"	"<0.2"
"rs116264537"	0.0315170514460649	0.0228802550862252	0.000142912823177862	"nonHDL"	"<0.2"
"rs116281073"	0.0525662781129493	0.543858764842309	0.00243306265076783	"nonHDL"	"<0.2"
"rs116396157"	0.372634143407267	0.274205120447635	0.0191647763711868	"nonHDL"	"<0.2"
"rs116698876"	0.360513510731414	0.360272524245284	0.0171028826944395	"nonHDL"	"<0.2"
"rs116700065"	1.52870828894106	0.417921857684629	0.0157993940458804	"nonHDL"	"<0.2"
"rs116848392"	1.59687947882418	0.0413448719678353	0.00771179708528108	"nonHDL"	"<0.2"
"rs116865673"	0.364516253185088	0.15769412367114	0.00734786317905254	"nonHDL"	"<0.2"
"rs116895782"	0.638272163982407	0.466940066715886	0.00238224179563534	"nonHDL"	"<0.2"
"rs116924979"	0.266802734893431	0.0601469182355772	0.000726122185947846	"nonHDL"	"<0.2"
"rs116928756"	1.1511952989482	0.0674039803706177	0.00626536247232623	"nonHDL"	"<0.2"
"rs116932392"	0.943095148663527	0.2972981142911	0.014152501878062	"nonHDL"	"<0.2"
"rs116946838"	0.779891911959945	0.778298935615403	0.00614345431234083	"nonHDL"	"<0.2"
"rs116971035"	1.66554624884907	0.439817093646502	0.00598498016662126	"nonHDL"	"<0.2"
"rs117006677"	1.5654310959658	0.0413448719678353	0.00697866208114276	"nonHDL"	"<0.2"
"rs117011686"	0.511449283499556	2.05899321846304	0.00585058525153391	"nonHDL"	"<0.2"
"rs117042179"	0.249491605148654	0.468521082957745	0.00141854275051639	"nonHDL"	"<0.2"
"rs117134471"	0.924453038607469	0.677817932102845	0.00150426006872209	"nonHDL"	"<0.2"
"rs117150063"	0.671620396561262	0.854002272213494	0.000462216768082689	"nonHDL"	"<0.2"
"rs117183232"	1.20134935455473	0.0674039803706177	0.00626536247232623	"nonHDL"	"<0.2"
"rs117210248"	0.142064735280571	0.401156987254484	0.00243306265076783	"nonHDL"	"<0.2"
"rs117230638"	1.45842075605342	0.153684541268776	0.00846336297721061	"nonHDL"	"<0.2"
"rs117293224"	1.21324857785444	0.0674039803706177	0.00626536247232623	"nonHDL"	"<0.2"
"rs117311251"	1.75696195131371	0.32003365775686	0.012437813861543	"nonHDL"	"<0.2"
"rs117321518"	1.39902710431325	0.805960450184778	0.000725892409979144	"nonHDL"	"<0.2"
"rs117373597"	1.88941028970075	0.466983340505744	0.00158063629744753	"nonHDL"	"<0.2"
"rs117374375"	0.31069114087638	0.0166633390828672	0.00734786317905254	"nonHDL"	"<0.2"
"rs117386603"	2.13371266091581	0.772612120977061	0.00409042988186378	"nonHDL"	"<0.2"
"rs117403636"	0.11069829749369	0.0172418159365918	0.0020750320004935	"nonHDL"	"<0.2"
"rs117405726"	2.95467702121334	0.714523706845486	0.00303638980472368	"nonHDL"	"<0.2"
"rs117417712"	0.0109953843014632	0.107361199942385	0.00182527968825391	"nonHDL"	"<0.2"
"rs117445391"	0.554395796726402	0.0413448719678353	0.0111327836122536	"nonHDL"	"<0.2"
"rs117471097"	1.35753547975788	0.153684541268776	0.00846336297721061	"nonHDL"	"<0.2"
"rs117485833"	1.19859628998265	0.661706895601329	0.0155710577532889	"nonHDL"	"<0.2"
"rs117537719"	0.183758700008217	0.0709475690508571	0.0157086069821558	"nonHDL"	"<0.2"
"rs117572636"	0.453457336521869	0.923687312023142	0.00190231193327412	"nonHDL"	"<0.2"
"rs117590505"	1.07883394936226	0.0674039803706177	0.00626536247232623	"nonHDL"	"<0.2"
"rs117598755"	1.17522353752445	0.0674039803706177	0.00734786317905254	"nonHDL"	"<0.2"
"rs117641451"	2.10347378251044	3.4041126484131	0.0288345481259277	"nonHDL"	"<0.2"
"rs117685683"	1.51712641639125	0.940016500348839	0.00372109994774863	"nonHDL"	"<0.2"
"rs117707674"	1.20065945054642	0.486115484239392	0.000991806040632631	"nonHDL"	"<0.2"
"rs117738726"	1.40120949323689	0.439817093646502	0.00445459470748065	"nonHDL"	"<0.2"
"rs117819764"	0.443697499232713	0.677301178099954	0.00225643824416713	"nonHDL"	"<0.2"
"rs117880525"	1.83268266525182	0.592075691458736	0.00321115666786058	"nonHDL"	"<0.2"
"rs117895943"	1.10292299679058	0.0674039803706177	0.00626536247232623	"nonHDL"	"<0.2"
"rs117910813"	0.235823867609669	0.0930290693829786	0.0060019554806888	"nonHDL"	"<0.2"
"rs117912407"	1.08460016478773	0.0674039803706177	0.00626536247232623	"nonHDL"	"<0.2"
"rs117945051"	1.00700490156866	0.497571514311797	0.00303638980472368	"nonHDL"	"<0.2"
"rs117976013"	0.508638306165727	0.923687312023142	0.00234486340884178	"nonHDL"	"<0.2"
"rs118003587"	0.386158178123931	0.412721300098328	0.00180427189798247	"nonHDL"	"<0.2"
"rs118004410"	1.31785492362617	0.456791467851992	6.7123298470868e-06	"nonHDL"	"<0.2"
"rs118019862"	1.30539480106643	0.480793058199324	0.00760012070615584	"nonHDL"	"<0.2"
"rs118032778"	0.0594835150674328	0.385261984178316	0.00674472607423309	"nonHDL"	"<0.2"
"rs118059818"	0.440093374963887	0.677301178099954	0.00225643824416713	"nonHDL"	"<0.2"
"rs118067046"	1.12033079436795	0.0674039803706177	0.00626536247232623	"nonHDL"	"<0.2"
"rs118068989"	1.23657200643706	0.497313473379138	0.0076518922318608	"nonHDL"	"<0.2"
"rs118086784"	1.19314197048118	0.690325128090126	0.0172902633571258	"nonHDL"	"<0.2"
"rs118102244"	0.381951903287907	0.808375749448127	0.0270881586553464	"nonHDL"	"<0.2"
"rs118111066"	0.443697499232713	2.08357026733267	0.00683116037196973	"nonHDL"	"<0.2"
"rs118121805"	1.35753547975788	0.113380133723061	0.00626536247232623	"nonHDL"	"<0.2"
"rs11812910"	1.17005330405836	0.125963722058373	0.012860463036221	"nonHDL"	"<0.2"
"rs11813417"	0.424812155072339	0.0724946467736827	0.00187931831284148	"nonHDL"	"<0.2"
"rs11814452"	1.54211810326601	0.316622411083757	0.010843572880277	"nonHDL"	"<0.2"
"rs118149092"	1.61618463401957	0.0413448719678353	0.00846336297721061	"nonHDL"	"<0.2"
"rs11815361"	0.219682687859849	1.77098662036078	0.113523239550626	"nonHDL"	"<0.2"
"rs118153632"	0.958607314841775	0.673066371454906	0.00110500129334594	"nonHDL"	"<0.2"
"rs11815743"	1.06499684854635	3.56159848355002	0.171041198957812	"nonHDL"	"<0.2"
"rs11816070"	0.206209615309181	1.77098662036078	0.113523239550626	"nonHDL"	"<0.2"
"rs11816639"	0.703334809738469	0.409904169883338	6.44599291247846e-06	"nonHDL"	"<0.2"
"rs11817629"	0.525783735923745	4.23916904968093	0.190251977672437	"nonHDL"	"<0.2"
"rs11817631"	0.570247719997592	4.23916904968093	0.190251977672437	"nonHDL"	"<0.2"
"rs12217242"	0.829738284605043	0.474565151331591	0.00238499941712232	"nonHDL"	"<0.2"
"rs12219619"	0.0385789059335517	1.41189307612839	0.00585064121426451	"nonHDL"	"<0.2"
"rs12220111"	0.301029995663981	0.0827781610878869	0.0119261436637332	"nonHDL"	"<0.2"
"rs12220642"	3.01010543628123	4.18963707878354	0.327514800094779	"nonHDL"	"0.2-0.4"
"rs12220655"	3.07935499859321	4.50685017739572	0.327514800094779	"nonHDL"	"0.2-0.4"
"rs12240624"	0.31695296176115	0.74937022069246	0.0235241035894223	"nonHDL"	"<0.2"
"rs12240821"	0.228412519118745	1.50574797904592	0.0323193017148385	"nonHDL"	"<0.2"
"rs12240965"	0.906578314837765	1.00296722454644	0.0159643406732183	"nonHDL"	"<0.2"
"rs12241017"	0.943095148663527	1.00296722454644	0.0159643406732183	"nonHDL"	"<0.2"
"rs12242580"	0.882728704344236	1.00296722454644	0.0159643406732183	"nonHDL"	"<0.2"
"rs12242871"	0.696803942579511	4.11345569634589	0.22732913444191	"nonHDL"	"0.2-0.4"
"rs12243395"	1.05502409158795	0.718741585554188	0.00298270647333694	"nonHDL"	"<0.2"
"rs12243537"	1.83268266525182	0.0199125062192902	0.00535453635885584	"nonHDL"	"<0.2"
"rs12246025"	0.0118871597316481	0.0228802550862252	3.82372103036386e-05	"nonHDL"	"<0.2"
"rs12246043"	0.920818753952375	0.745401173579604	0.010843572880277	"nonHDL"	"<0.2"
"rs12246432"	0.341988603342888	1.52557538285375	0.0700037174728361	"nonHDL"	"<0.2"
"rs12246441"	0.326058001365912	1.52557538285375	0.0700037174728361	"nonHDL"	"<0.2"
"rs12247537"	1.88272870434424	2.28486778879187	0.197079887941066	"nonHDL"	"<0.2"
"rs12248524"	0.896196279044043	0.745401173579604	0.010843572880277	"nonHDL"	"<0.2"
"rs12248820"	0.0856568428805593	0.133459248696619	0.0303322831518891	"nonHDL"	"<0.2"
"rs12252644"	0.473660722610156	0.0640526169149326	1.25046284477228e-05	"nonHDL"	"<0.2"
"rs12253992"	1.1791420105603	8.63840058307473	0.408568158315282	"nonHDL"	"0.4-0.6"
"rs12255425"	0.84163750790475	0.0453412499398475	2.13451751224345e-07	"nonHDL"	"<0.2"
"rs12256937"	1.26760624017703	1.18528572192307	0.0268855203241386	"nonHDL"	"<0.2"
"rs12257181"	0.0287241512618947	0.0228802550862252	3.82372103036386e-05	"nonHDL"	"<0.2"
"rs12257612"	1.08039897621589	3.55979800854091	0.170237314566979	"nonHDL"	"<0.2"
"rs12258799"	0.863279432843593	1.3075346874989	0.01674598633925	"nonHDL"	"<0.2"
"rs12260841"	0.54821356447571	0.428158455036695	0.000645825505429471	"nonHDL"	"<0.2"
"rs12260866"	0.896196279044043	4.72403941720609	0.237382965875212	"nonHDL"	"0.2-0.4"
"rs12260962"	0.165579296318467	2.0449591229871	0.0959264818759207	"nonHDL"	"<0.2"
"rs12261331"	3.20065945054642	12.1112040546078	0.647449086223928	"nonHDL"	"0.6-0.8"
"rs12261924"	0.575118363368933	0.178870497390907	0.0149760361564353	"nonHDL"	"<0.2"
"rs12262106"	0.309803919971486	0.0228802550862252	0.00222398640103085	"nonHDL"	"<0.2"
"rs12262228"	0.889410289700751	4.72403941720609	0.237382965875212	"nonHDL"	"0.2-0.4"
"rs12262272"	0.252588192113577	0.0659289836009527	0.0060019554806888	"nonHDL"	"<0.2"
"rs12264252"	0.406713932979543	1.24652265527478	0.0769025772952831	"nonHDL"	"<0.2"
"rs12265331"	0.954677021213343	1.00296722454644	0.0159643406732183	"nonHDL"	"<0.2"
"rs12265354"	0.847711655616944	1.3075346874989	0.01674598633925	"nonHDL"	"<0.2"
"rs12266667"	0.0177287669604316	0.0228802550862252	0.000142912823177862	"nonHDL"	"<0.2"
"rs12266780"	0.882728704344236	0.745401173579604	0.010843572880277	"nonHDL"	"<0.2"
"rs12266869"	0.950781977329818	1.00296722454644	0.0159643406732183	"nonHDL"	"<0.2"
"rs12266971"	0.798602875679548	1.00296722454644	0.0183440273289667	"nonHDL"	"<0.2"
"rs12267227"	1.42136079003193	0.856744685960434	0.0837978392013595	"nonHDL"	"<0.2"
"rs12267815"	0.0195421077238999	0.0797681136582413	9.74082953647788e-05	"nonHDL"	"<0.2"
"rs12268126"	0.0963674839157623	0.293965339285649	0.000910490048908443	"nonHDL"	"<0.2"
"rs12268524"	0.228412519118745	0.0613492057162855	0.0233297680626217	"nonHDL"	"<0.2"
"rs12269333"	0.31695296176115	1.52557538285375	0.0700037174728361	"nonHDL"	"<0.2"
"rs12269629"	0.334419008982047	1.54819361501071	0.0696449025804691	"nonHDL"	"<0.2"
"rs12354540"	2.27490547891853	0.0723961252941651	0.0206075032425781	"nonHDL"	"<0.2"
"rs12354594"	2.37778597703371	0.0723961252941651	0.0197615758202352	"nonHDL"	"<0.2"
"rs12355084"	0.458420756053419	1.44228712836295	0.069926800164244	"nonHDL"	"<0.2"
"rs12355510"	0.184422251675733	0.843220739621824	0.0418146896264026	"nonHDL"	"<0.2"
"rs12355937"	1.45469288353418	6.32586941865307	0.282603091914842	"nonHDL"	"0.2-0.4"
"rs12356882"	0.191789027075778	0.843220739621824	0.0418146896264026	"nonHDL"	"<0.2"
"rs12356883"	0.190440285364732	0.843220739621824	0.0427815028248045	"nonHDL"	"<0.2"
"rs12359973"	0.191789027075778	0.843220739621824	0.0418146896264026	"nonHDL"	"<0.2"
"rs12359987"	0.188424994129407	0.843220739621824	0.0418146896264026	"nonHDL"	"<0.2"
"rs12360005"	0.183758700008217	0.843220739621824	0.0418146896264026	"nonHDL"	"<0.2"
"rs12411484"	1.30539480106643	1.11976222947394	0.0211235506586862	"nonHDL"	"<0.2"
"rs12411742"	0.694648630553376	4.11345569634589	0.229480717084185	"nonHDL"	"0.2-0.4"
"rs12411782"	0.45717457304082	1.60632128028266	0.082176699035513	"nonHDL"	"<0.2"
"rs12411806"	0.45717457304082	1.60632128028266	0.0766611621400514	"nonHDL"	"<0.2"
"rs12411833"	0.0163737128754655	0.956779234636922	0.0322825479629367	"nonHDL"	"<0.2"
"rs12411888"	0.614393726401688	0.42326140024207	0.000787547620546976	"nonHDL"	"<0.2"
"rs12412193"	0.00436480540245009	0.457036466957697	0.0036363979974709	"nonHDL"	"<0.2"
"rs12412927"	1.26121944151563	1.09387569063157	0.0834360332369739	"nonHDL"	"<0.2"
"rs12412959"	0.087246696328677	1.06459955755569	0.0373727046151965	"nonHDL"	"<0.2"
"rs12412999"	0.512861624522814	0.0848783500873839	0.0266901871315258	"nonHDL"	"<0.2"
"rs12413174"	0.0462403082667712	1.06459955755569	0.0326898848322948	"nonHDL"	"<0.2"
"rs12414465"	0.0629838925351858	0.0857494246534289	0.00316643658456891	"nonHDL"	"<0.2"
"rs12414727"	0.00524305541237188	0.753506343205831	0.0297845924584305	"nonHDL"	"<0.2"
"rs12414728"	0.153662887870195	1.29110681716246	2.86883116821057e-06	"nonHDL"	"<0.2"
"rs12414791"	0.0599818449923368	0.537610987597072	3.25945065322744e-05	"nonHDL"	"<0.2"
"rs12415730"	0.0163737128754655	0.956779234636922	0.0322825479629367	"nonHDL"	"<0.2"
"rs12569542"	1.87614835903291	3.25555288925163	0.251483937100818	"nonHDL"	"0.2-0.4"
"rs12569832"	0.397940008672038	0.938076536719696	0.00690089918968798	"nonHDL"	"<0.2"
"rs12570038"	0.540607512240769	1.5695250356426	0.023929447475772	"nonHDL"	"<0.2"
"rs12572336"	0.0357403698031511	1.03315082638194	0.0908646477419352	"nonHDL"	"<0.2"
"rs12762463"	0.518557371497695	0.155152682302129	0.0135929625149547	"nonHDL"	"<0.2"
"rs12764048"	0.0830199526796178	1.06459955755569	0.0352920642716285	"nonHDL"	"<0.2"
"rs12766852"	1.77211329538633	3.03024777946539	0.201851824181441	"nonHDL"	"0.2-0.4"
"rs12767261"	0.106793246940152	1.06459955755569	0.03554511475766	"nonHDL"	"<0.2"
"rs12767460"	0.165579296318467	0.810119642157295	0.0928128444948158	"nonHDL"	"<0.2"
"rs12768926"	0.958607314841775	0.160197138887366	0.0123471949528617	"nonHDL"	"<0.2"
"rs12768957"	0.16304326294045	0.904150960442425	0.0344627908942105	"nonHDL"	"<0.2"
"rs12769131"	0.0731432910503077	0.166334085447516	0.00013873886066511	"nonHDL"	"<0.2"
"rs12770270"	1.7594507517174	3.03024777946539	0.201851824181441	"nonHDL"	"0.2-0.4"
"rs12770472"	0.0996328713435297	1.06459955755569	0.03554511475766	"nonHDL"	"<0.2"
"rs12770500"	0.0969100130080564	1.06459955755569	0.03554511475766	"nonHDL"	"<0.2"
"rs12772279"	0.0343280287798933	0.0502626966697237	0.00267265501866931	"nonHDL"	"<0.2"
"rs12772739"	0.505845405981557	4.23916904968093	0.190251977672437	"nonHDL"	"<0.2"
"rs12772895"	0.146910470148134	0.0889953537971017	0.0281737343497254	"nonHDL"	"<0.2"
"rs12772945"	0.0947439512515487	1.06459955755569	0.03554511475766	"nonHDL"	"<0.2"
"rs12773027"	0.154901959985743	0.619665725613994	0.0615299057316515	"nonHDL"	"<0.2"
"rs12773636"	0.377785977033705	1.23804511293851	0.0702823628576323	"nonHDL"	"<0.2"
"rs12773664"	0.449771646944906	2.5189617545695	0.154798390396456	"nonHDL"	"<0.2"
"rs12774388"	0.100726812682396	0.132525440917942	0.000446785151393898	"nonHDL"	"<0.2"
"rs12777577"	0.00877392430750515	0.810119642157295	0.090470730732721	"nonHDL"	"<0.2"
"rs12777799"	0.355561410532161	0.812214271194764	0.0217390801098669	"nonHDL"	"<0.2"
"rs12779649"	0.216096420727265	0.410023604982661	0.0194819936594137	"nonHDL"	"<0.2"
"rs12782241"	0.5016894462104	0.139868107575506	0.0141111487121888	"nonHDL"	"<0.2"
"rs12783229"	0.313363730737707	0.812214271194764	0.0217390801098669	"nonHDL"	"<0.2"
"rs12783431"	0.512861624522814	4.23916904968093	0.190251977672437	"nonHDL"	"<0.2"
"rs12783710"	0.721246399047171	0.0120317998602587	0.0129825205549407	"nonHDL"	"<0.2"
"rs12784122"	0.628932137728264	0.0174972049811236	0.00152749244928016	"nonHDL"	"<0.2"
"rs12784607"	4.52143350440616	10.1418280761515	0.616516663940342	"nonHDL"	"0.6-0.8"
"rs12784738"	0.928117992693875	0.0174972049811236	0.00152749244928016	"nonHDL"	"<0.2"
"rs1290317"	1.23582386760967	9.31247638946903	0.370970591322728	"nonHDL"	"0.2-0.4"
"rs1298908"	0.728158393463501	2.63567230629153	0.123878769147778	"nonHDL"	"<0.2"
"rs1340373"	1.51144928349956	9.18326832365478	0.396413200783626	"nonHDL"	"0.2-0.4"
"rs1340374"	1.55752023093555	9.18326832365478	0.388363351762863	"nonHDL"	"0.2-0.4"
"rs1340375"	1.5185573714977	9.18326832365478	0.396413200783626	"nonHDL"	"0.2-0.4"
"rs1340376"	1.51570016065321	9.18326832365478	0.396413200783626	"nonHDL"	"0.2-0.4"
"rs1340379"	1.47625353318844	9.18326832365478	0.396413200783626	"nonHDL"	"0.2-0.4"
"rs1340380"	1.22914798835786	9.11172612892053	0.398454212452636	"nonHDL"	"0.2-0.4"
"rs1340381"	0.188424994129407	3.61537781154846	0.174082706231484	"nonHDL"	"<0.2"
"rs1340383"	0.97061622231479	9.31247638946903	0.37286748901672	"nonHDL"	"0.2-0.4"
"rs1340385"	0.416801226031377	8.3058249216585	0.385876300433001	"nonHDL"	"0.2-0.4"
"rs138014093"	0.357535479757879	0.134782282355224	0.00734786317905254	"nonHDL"	"<0.2"
"rs138082829"	0.425968732272281	0.336645894985152	0.00327217250614985	"nonHDL"	"<0.2"
"rs138103092"	0.84163750790475	0.0788136411023258	0.0203777511754683	"nonHDL"	"<0.2"
"rs138226757"	1.51004152057517	0.417921857684629	0.0157993940458804	"nonHDL"	"<0.2"
"rs138247348"	1.27327279097343	0.0413448719678353	0.00889981276684971	"nonHDL"	"<0.2"
"rs138773069"	1.08460016478773	0.0674039803706177	0.00626536247232623	"nonHDL"	"<0.2"
"rs139392262"	0.156767221901991	0.619665725613994	0.0636887728301825	"nonHDL"	"<0.2"
"rs139430542"	0.18309616062434	0.619665725613994	0.0636887728301825	"nonHDL"	"<0.2"
"rs139497227"	0.247951552180562	0.132448254221456	0.00551320942382395	"nonHDL"	"<0.2"
"rs139590698"	0.260427655549908	0.550983139222236	0.0101635608403734	"nonHDL"	"<0.2"
"rs139803256"	0.0268721464003014	0.261641260651445	0.00252607413150745	"nonHDL"	"<0.2"
"rs140424965"	0.38933983691012	0.0674039803706177	0.00626536247232623	"nonHDL"	"<0.2"
"rs140644655"	0.826813731587726	0.0788136411023258	0.0203777511754683	"nonHDL"	"<0.2"
"rs140743841"	0.42712839779952	0.0226665206129119	0.0254013939311916	"nonHDL"	"<0.2"
"rs140849080"	0.329754146925876	0.923687312023142	0.00190231193327412	"nonHDL"	"<0.2"
"rs140867633"	0.326058001365912	0.134782282355224	0.00734786317905254	"nonHDL"	"<0.2"
"rs140905846"	2.02918838912748	1.4209461737553	0.00649164253501167	"nonHDL"	"<0.2"
"rs141022290"	2.012780770092	0.65506765057959	0.000910490048908443	"nonHDL"	"<0.2"
"rs141148026"	0.484126156288321	0.325713095074929	0.00585240156863788	"nonHDL"	"<0.2"
"rs141429813"	1.21896306137887	0.0674039803706177	0.00626536247232623	"nonHDL"	"<0.2"
"rs141473704"	2.82681373158773	0.0382207014196485	0.00168146723039478	"nonHDL"	"<0.2"
"rs141721329"	0.777283528852417	0.279163725102854	0.0034294186873482	"nonHDL"	"<0.2"
"rs1417219"	0.296708621881339	8.38756053761708	0.376657279918274	"nonHDL"	"0.2-0.4"
"rs1417220"	0.139063379299906	0.484872247380055	0.0632840199028386	"nonHDL"	"<0.2"
"rs1417221"	0.804100347590766	9.31247638946903	0.37286748901672	"nonHDL"	"0.2-0.4"
"rs141870831"	0.801342913045577	0.673066371454906	0.000232944595692534	"nonHDL"	"<0.2"
"rs142066926"	0.0525662781129493	0.00617065744519987	0.00470386358869567	"nonHDL"	"<0.2"
"rs142083553"	0.181774106386045	0.316776396582233	0.000725892409979144	"nonHDL"	"<0.2"
"rs142217719"	0.266802734893431	0.591583638382951	0.000809891277768372	"nonHDL"	"<0.2"
"rs142417987"	1.31875876262441	0.813979336724848	0.000725892409979144	"nonHDL"	"<0.2"
"rs142561255"	0.761953896871205	0.122936340357361	0.0047885893485776	"nonHDL"	"<0.2"
"rs142678951"	0.336299074610352	0.255178360264561	9.74082953647788e-05	"nonHDL"	"<0.2"
"rs142719284"	1.53313237964589	0.417921857684629	0.0157993940458804	"nonHDL"	"<0.2"
"rs142890400"	0.0101054362812269	1.10344347113614	0.00762938990475722	"nonHDL"	"<0.2"
"rs142942863"	0.686132779630847	0.255178360264561	0.00411204134884262	"nonHDL"	"<0.2"
"rs143275523"	0.347753658996677	0.0674039803706177	0.00626536247232623	"nonHDL"	"<0.2"
"rs143361357"	1.31966448658544	0.113380133723061	0.00626536247232623	"nonHDL"	"<0.2"
"rs143396142"	0.838631997765025	0.293693669757327	0.0067832384777875	"nonHDL"	"<0.2"
"rs143655784"	0.826813731587726	1.3805163973389	0.0672476399224086	"nonHDL"	"<0.2"
"rs143691481"	1.95467702121334	0.65506765057959	0.000910490048908443	"nonHDL"	"<0.2"
"rs143752221"	0.692503962086787	0.0120317998602587	0.0140118919330432	"nonHDL"	"<0.2"
"rs144452979"	0.0310503190186574	0.854002272213494	0.000232944595692534	"nonHDL"	"<0.2"
"rs144469798"	1.65560772631489	0.32003365775686	0.0131696516912621	"nonHDL"	"<0.2"
"rs144573165"	0.105683937315562	0.0217824942560574	0.00499421701481544	"nonHDL"	"<0.2"
"rs144590481"	1.43889861635094	0.805960450184778	0.000725892409979144	"nonHDL"	"<0.2"
"rs144592833"	0.109020403010311	2.28068446062078	0.00948427654422748	"nonHDL"	"<0.2"
"rs144974427"	0.0163737128754655	0.0410994182754413	0.00889981276684971	"nonHDL"	"<0.2"
"rs145063151"	1.51004152057517	0.417921857684629	0.0157993940458804	"nonHDL"	"<0.2"
"rs145163495"	0.293282217663241	0.267164128316081	0.0067832384777875	"nonHDL"	"<0.2"
"rs145624889"	0.931814138253838	0.255178360264561	0.00327217250614985	"nonHDL"	"<0.2"
"rs145663320"	0.0830199526796178	0.675018296912631	0.0154716685240908	"nonHDL"	"<0.2"
"rs145715346"	0.140861702705469	0.480105095914892	0.00303638980472368	"nonHDL"	"<0.2"
"rs145720640"	0.243363891754152	0.843220739621824	0.0418146896264026	"nonHDL"	"<0.2"
"rs145865540"	1.77469071827414	2.68432977808036	0.031360579822276	"nonHDL"	"<0.2"
"rs145881266"	0.347753658996677	0.24240053822925	0.0060019554806888	"nonHDL"	"<0.2"
"rs145947019"	0.11975822410452	0.0279870333310817	1.65964147070682e-07	"nonHDL"	"<0.2"
"rs146326988"	0.381951903287907	0.255178360264561	9.74082953647788e-05	"nonHDL"	"<0.2"
"rs146506457"	0.0644927341752872	0.138130588798689	7.49344438312056e-06	"nonHDL"	"<0.2"
"rs146989859"	0.150580586203101	0.132448254221456	0.00721191852325849	"nonHDL"	"<0.2"
"rs146993166"	0.18111458540599	0.831225646261354	0.00151874682004516	"nonHDL"	"<0.2"
"rs147072668"	0.181774106386045	0.762838448267291	0.0559057639259141	"nonHDL"	"<0.2"
"rs147190952"	1.05998184499234	0.0384982248360188	0.00499421701481544	"nonHDL"	"<0.2"
"rs147298916"	0.444905551421681	0.483913033554755	2.53103986294642e-07	"nonHDL"	"<0.2"
"rs147357838"	0.869666231504994	0.159485534439548	0.00520776672831329	"nonHDL"	"<0.2"
"rs147390701"	1.13135556160517	0.0674039803706177	0.00626536247232623	"nonHDL"	"<0.2"
"rs147743313"	0.910094888560602	0.426097302468252	0.000778393104734412	"nonHDL"	"<0.2"
"rs147765140"	0.189767482004916	0.0518140221779264	8.16409491145678e-08	"nonHDL"	"<0.2"
"rs148024048"	0.458420756053419	0.0955652414063802	0.00255611631685548	"nonHDL"	"<0.2"
"rs148094678"	0.1944991418416	0.681187735591059	0.0016463908932047	"nonHDL"	"<0.2"
"rs148111397"	0.396855627379818	0.486174014672383	0.000477441845901447	"nonHDL"	"<0.2"
"rs148159232"	0.0305840876460186	0.202816278473177	0.00520776672831329	"nonHDL"	"<0.2"
"rs148249203"	1.71444269099223	0.439817093646502	0.00598498016662126	"nonHDL"	"<0.2"
"rs148541155"	0.671620396561262	0.0406108341286134	0.00032085778188047	"nonHDL"	"<0.2"
"rs148618749"	0.30715308072277	0.427790795355611	0.0260277969789342	"nonHDL"	"<0.2"
"rs148951963"	0.0218194830625861	1.47917859577637	0.00762938990475722	"nonHDL"	"<0.2"
"rs149073822"	1.5654310959658	0.521006633973702	0.00303638980472368	"nonHDL"	"<0.2"
"rs149256312"	0.468521082957745	0.300111999438119	0.000403374199813822	"nonHDL"	"<0.2"
"rs149305534"	0.0835460514500749	0.904018632151775	0.0136202809208866	"nonHDL"	"<0.2"
"rs149464173"	0.412289034981089	1.3805163973389	0.0535946210971471	"nonHDL"	"<0.2"
"rs149548188"	0.428291168191312	0.658517992516251	0.0264367893177594	"nonHDL"	"<0.2"
"rs149970839"	0.300162274132754	0.0561544311609252	2.78029009703004e-05	"nonHDL"	"<0.2"
"rs150071630"	0.557520230935551	0.119921902140427	0.0110247607497993	"nonHDL"	"<0.2"
"rs150167697"	1.1232050237993	0.0674039803706177	0.00626536247232623	"nonHDL"	"<0.2"
"rs150362279"	0.0186344909214556	0.237466225232699	6.4546878484508e-05	"nonHDL"	"<0.2"
"rs150503219"	1.07058107428571	0.0674039803706177	0.00626536247232623	"nonHDL"	"<0.2"
"rs150605220"	0.0574958938319193	0.00617065744519987	0.00470386358869567	"nonHDL"	"<0.2"
"rs150687636"	0.00524305541237188	0.801926028578754	0.0297845924584305	"nonHDL"	"<0.2"
"rs150702536"	1.08092190762393	0.0674039803706177	0.00626536247232623	"nonHDL"	"<0.2"
"rs150745967"	0.528708288941061	0.923687312023142	0.00190231193327412	"nonHDL"	"<0.2"
"rs150916426"	0.238072161579471	0.336645894985152	0.00327217250614985	"nonHDL"	"<0.2"
"rs151006313"	1.58670023591875	0.0413448719678353	0.00697866208114276	"nonHDL"	"<0.2"
"rs151093693"	1.08354605145008	0.0674039803706177	0.00626536247232623	"nonHDL"	"<0.2"
"rs1538815"	1.40671393297954	9.21840904231164	0.396413200783626	"nonHDL"	"0.2-0.4"
"rs1538816"	0.0141246426916063	3.57682951957364	0.143551755020569	"nonHDL"	"<0.2"
"rs1538817"	1.49757288001557	9.18326832365478	0.396413200783626	"nonHDL"	"0.2-0.4"
"rs1538818"	0.114073660198569	1.06459955755569	0.0364276391916257	"nonHDL"	"<0.2"
"rs1538819"	1.48545224733971	9.18326832365478	0.396413200783626	"nonHDL"	"0.2-0.4"
"rs1538821"	0.462180904926726	0.0226665206129119	0.0244927083898751	"nonHDL"	"<0.2"
"rs1538822"	0.237321436272564	3.61537781154846	0.177093258088484	"nonHDL"	"<0.2"
"rs1538823"	1.07109230975605	9.31247638946903	0.370970591322728	"nonHDL"	"0.2-0.4"
"rs1556894"	0.0172766123314547	3.57682951957364	0.143551755020569	"nonHDL"	"<0.2"
"rs1556895"	0.617982957425132	1.42200526137775	0.0464396150291789	"nonHDL"	"<0.2"
"rs1556897"	0.458420756053419	4.63793807459034	0.187326724545825	"nonHDL"	"<0.2"
"rs1559554"	0.0423927129399047	0.17128211549143	0.000510286742052578	"nonHDL"	"<0.2"
"rs1559555"	0.0899094544059319	0.3168169281579	0.000388304692206978	"nonHDL"	"<0.2"
"rs1572816"	0.785156151952302	10.3313830181126	0.451595993767578	"nonHDL"	"0.4-0.6"
"rs1572819"	0.832682665251824	9.31247638946903	0.37286748901672	"nonHDL"	"0.2-0.4"
"rs1573973"	2.02365002099673	3.25555288925163	0.251483937100818	"nonHDL"	"0.2-0.4"
"rs1591958"	0.498940737782249	0.903813254935787	0.0556475630551797	"nonHDL"	"<0.2"
"rs1626322"	0.408935392973501	0.582252704458576	0.0013336289431157	"nonHDL"	"<0.2"
"rs1647207"	0.274088367704952	0.3787073678263	1.56254324953051e-05	"nonHDL"	"<0.2"
"rs1647209"	0.315154638355588	0.572721674883731	0.00163017899288512	"nonHDL"	"<0.2"
"rs1647210"	0.374687549038326	0.736049270683382	0.00177736703720273	"nonHDL"	"<0.2"
"rs1647212"	0.58838029403677	1.66905889942357	0.00681894215366587	"nonHDL"	"<0.2"
"rs1647214"	0.0114410431213845	0.940175402417342	0.00468901589454814	"nonHDL"	"<0.2"
"rs1702224"	0.377785977033705	0.789868831815864	0.00162078427950414	"nonHDL"	"<0.2"
"rs1702226"	0.343901797987168	0.521468133918201	0.00089927628445583	"nonHDL"	"<0.2"
"rs1702227"	0.0177287669604316	0.940175402417342	0.00468901589454814	"nonHDL"	"<0.2"
"rs1702238"	0.408935392973501	0.708473535472477	0.00162078427950414	"nonHDL"	"<0.2"
"rs1702239"	0.515700160653214	0.217215741630257	0.000384147895707218	"nonHDL"	"<0.2"
"rs1702240"	0.625251653989896	0.257724317172851	0.000308879427724451	"nonHDL"	"<0.2"
"rs1702243"	0.619788758288394	0.257724317172851	0.000308879427724451	"nonHDL"	"<0.2"
"rs1702244"	0.429457060118103	0.178102785075169	0.000636528199328599	"nonHDL"	"<0.2"
"rs17093759"	0.0204516252959049	0.718718859997318	0.00860973119258179	"nonHDL"	"<0.2"
"rs17102596"	0.204119982655925	0.631568064507161	0.0500201466549071	"nonHDL"	"<0.2"
"rs17103728"	1.06098022355133	0.229672402595408	0.0246507592800736	"nonHDL"	"<0.2"
"rs17104148"	1.70774392864352	0.32003365775686	0.0160377249251594	"nonHDL"	"<0.2"
"rs17104473"	0.309803919971486	0.375789088903505	0.000208162714504779	"nonHDL"	"<0.2"
"rs17105023"	0.230622673923862	0.72933280729507	0.000208162714504779	"nonHDL"	"<0.2"
"rs17105302"	0.943095148663527	0.36205619989136	0.0184164188673692	"nonHDL"	"<0.2"
"rs17106475"	1.22040350874218	0.762117101760308	0.0151946195771195	"nonHDL"	"<0.2"
"rs17106495"	0.425968732272281	0.938472129109492	0.0227173013207518	"nonHDL"	"<0.2"
"rs17107073"	0.460923901207223	0.590104055219569	0.0208669550662156	"nonHDL"	"<0.2"
"rs17107222"	1.08724669632868	1.02117103737092	0.0123648424397828	"nonHDL"	"<0.2"
"rs17107270"	0.238072161579471	0.843220739621824	0.0418146896264026	"nonHDL"	"<0.2"
"rs17107308"	0.18111458540599	0.843220739621824	0.0391181720024437	"nonHDL"	"<0.2"
"rs17107310"	0.298432014944073	1.01647203781303	0.0407232473368288	"nonHDL"	"<0.2"
"rs17107311"	1.99567862621736	2.06249765459918	0.200483819805501	"nonHDL"	"0.2-0.4"
"rs17107333"	0.939302159646388	1.67234482455559	0.00200627665497052	"nonHDL"	"<0.2"
"rs17107397"	0.0594835150674328	1.2890453303959	0.00246900553581187	"nonHDL"	"<0.2"
"rs17107415"	0.0277971616209356	1.41189307612839	0.00704037464375467	"nonHDL"	"<0.2"
"rs17107451"	0.373659632624958	0.74930194306462	0.00246186705669833	"nonHDL"	"<0.2"
"rs17107464"	0.42021640338319	0.74930194306462	0.00246186705669833	"nonHDL"	"<0.2"
"rs17107469"	0.406713932979543	0.710560445483113	0.00246186705669833	"nonHDL"	"<0.2"
"rs17107479"	0.0254883072626717	0.401263099642419	0.0036363979974709	"nonHDL"	"<0.2"
"rs17107480"	0.0545314148681803	0.413394693857521	0.0036363979974709	"nonHDL"	"<0.2"
"rs17107520"	1.10457745396059	0.286933037522201	0.00139368139822103	"nonHDL"	"<0.2"
"rs17107524"	0.496209316942819	0.11226007941546	0.00201921191650644	"nonHDL"	"<0.2"
"rs17107555"	0.168130225719498	0.0382705002578627	0.000186831017836606	"nonHDL"	"<0.2"
"rs17107603"	0.109020403010311	0.262312893158673	0.000143908935213856	"nonHDL"	"<0.2"
"rs17616738"	1.23284413391782	0.0674039803706177	0.00626536247232623	"nonHDL"	"<0.2"
"rs17616834"	1.22257317761069	0.0674039803706177	0.00626536247232623	"nonHDL"	"<0.2"
"rs17616958"	0.105130343254747	1.06459955755569	0.0364276391916257	"nonHDL"	"<0.2"
"rs17616964"	0.110138278741812	1.06459955755569	0.0364276391916257	"nonHDL"	"<0.2"
"rs17617406"	0.0619809025237897	1.20256209953661	0.0358043927450831	"nonHDL"	"<0.2"
"rs17617713"	1.48678239993206	0.153684541268776	0.00846336297721061	"nonHDL"	"<0.2"
"rs17617970"	0.0574958938319193	0.939151126961193	0.0406967264117361	"nonHDL"	"<0.2"
"rs17618275"	0.0496351456238769	0.939151126961193	0.040762652439901	"nonHDL"	"<0.2"
"rs17618331"	1.58670023591875	0.0413448719678353	0.00771179708528108	"nonHDL"	"<0.2"
"rs17620955"	0.962573502059376	0.116919147466416	0.00100619264481473	"nonHDL"	"<0.2"
"rs17637953"	0.38933983691012	0.926692316176432	0.000216115847781932	"nonHDL"	"<0.2"
"rs17638159"	0.246416941107093	0.593199321018655	0.00243306265076783	"nonHDL"	"<0.2"
"rs17677908"	0.0467236633326956	1.06459955755569	0.0326898848322948	"nonHDL"	"<0.2"
"rs17678338"	0.0634862575211067	1.06459955755569	0.0354794237045178	"nonHDL"	"<0.2"
"rs17678737"	0.0996328713435297	1.06459955755569	0.0364276391916257	"nonHDL"	"<0.2"
"rs17679603"	0.126679398184601	0.728934778767953	0.0364745925646266	"nonHDL"	"<0.2"
"rs17680103"	0.0273344077338891	0.939151126961193	0.0406967264117361	"nonHDL"	"<0.2"
"rs17680430"	1.01637371287547	5.28820626381251	0.250583668215119	"nonHDL"	"0.2-0.4"
"rs17680710"	1.30016227413275	0.0413448719678353	0.00889981276684971	"nonHDL"	"<0.2"
"rs17680741"	0.183758700008217	1.87456428067826	0.0959264818759207	"nonHDL"	"<0.2"
"rs17681121"	0.120330794367946	1.19869715681177	0.0128949402904375	"nonHDL"	"<0.2"
"rs17693104"	0.554395796726402	3.78479350862054	0.0181916934616329	"nonHDL"	"<0.2"
"rs1815650"	1.17587416608345	8.63840058307473	0.408568158315282	"nonHDL"	"0.4-0.6"
"rs1815651"	0.696803942579511	10.0760041318441	0.469393624865787	"nonHDL"	"0.4-0.6"
"rs1815652"	0.978810700930062	3.80612438784764	0.119088390941015	"nonHDL"	"<0.2"
"rs1815653"	0.0154726866562074	3.37344305274694	0.17375232165385	"nonHDL"	"<0.2"
"rs1819656"	1.53461714855158	0.417921857684629	0.0157993940458804	"nonHDL"	"<0.2"
"rs1819684"	1.74232142513082	0.132794228364561	0.0194589687016165	"nonHDL"	"<0.2"
"rs182290144"	1.48412615628832	0.36594009485993	0.000629514205031555	"nonHDL"	"<0.2"
"rs182313046"	0.400116927926312	0.0674039803706177	0.00626536247232623	"nonHDL"	"<0.2"
"rs1832683"	0.218963061378868	0.631568064507161	0.0500201466549071	"nonHDL"	"<0.2"
"rs183306711"	0.314258261397736	0.0413448719678353	0.0111327836122536	"nonHDL"	"<0.2"
"rs183527912"	1.14266750356873	0.113380133723061	0.00626536247232623	"nonHDL"	"<0.2"
"rs183590085"	0.0315170514460649	2.23019154788737	0.00427765420739339	"nonHDL"	"<0.2"
"rs184101315"	0.0150228735845067	0.584492464407217	0.00366385574791213	"nonHDL"	"<0.2"
"rs184137314"	0.213248577854439	0.00575677608735567	0.00470386358869567	"nonHDL"	"<0.2"
"rs184297860"	0.0141246426916063	0.262312893158673	5.40866821748941e-05	"nonHDL"	"<0.2"
"rs184397671"	0.920818753952375	0.75764743644993	0.00149572382258196	"nonHDL"	"<0.2"
"rs185184019"	0.388276691992658	0.41623349926672	6.17244061654909e-06	"nonHDL"	"<0.2"
"rs185264672"	1.08039897621589	0.0674039803706177	0.00626536247232623	"nonHDL"	"<0.2"
"rs1870136"	0.681936665037239	3.32670901066249	0.254932122305687	"nonHDL"	"0.2-0.4"
"rs1870138"	8.70553377383841	19.3360024237544	1	"nonHDL"	">=0.95"
"rs1870140"	9.40450377817443	14.6939118153098	0.768765534809411	"nonHDL"	"0.6-0.8"
"rs1870142"	1.02365002099673	10.0978986144289	0.510905519282809	"nonHDL"	"0.4-0.6"
"rs1870143"	0.889410289700751	3.1670404213428	0.150164654805762	"nonHDL"	"<0.2"
"rs1870144"	0.872895201635192	3.1670404213428	0.150164654805762	"nonHDL"	"<0.2"
"rs1870145"	1.46344155742847	2.4548191071093	0.233079546052193	"nonHDL"	"0.2-0.4"
"rs1870146"	0.0695604052332999	0.939151126961193	0.040762652439901	"nonHDL"	"<0.2"
"rs1870148"	7.67571754470231	14.9371173098696	0.881472054582316	"nonHDL"	"0.8-0.95"
"rs1878034"	3.9100948885606	1.8493141579134	0.103215854667857	"nonHDL"	"<0.2"
"rs1878036"	8.81815641205523	17.1468252033052	0.974347208893441	"nonHDL"	">=0.95"
"rs1878041"	0.379863945026243	0.420962201282934	6.7943533129394e-05	"nonHDL"	"<0.2"
"rs1878043"	0.0061230850587888	0.766019589158593	0.0192234758450659	"nonHDL"	"<0.2"
"rs1878044"	0.0159229660971692	0.766019589158593	0.0198434774265133	"nonHDL"	"<0.2"
"rs1890578"	0.277366077466188	8.3058249216585	0.385876300433001	"nonHDL"	"0.2-0.4"
"rs1890889"	1.07520400420209	9.31247638946903	0.370970591322728	"nonHDL"	"0.2-0.4"
"rs189373983"	1.51999305704285	0.0413448719678353	0.00846336297721061	"nonHDL"	"<0.2"
"rs189773378"	1.03574036980315	0.159485534439548	0.00445459470748065	"nonHDL"	"<0.2"
"rs190213378"	0.224025668870631	0.559859480586112	0.00225643824416713	"nonHDL"	"<0.2"
"rs190600096"	1.11182050608168	0.0674039803706177	0.00626536247232623	"nonHDL"	"<0.2"
"rs191247057"	1.1073489661227	0.805960450184778	0.000725892409979144	"nonHDL"	"<0.2"
"rs1913751"	0.00656376950238827	0.869720923883419	0.00210597696011961	"nonHDL"	"<0.2"
"rs1913752"	0.282329496997738	0.761590045285543	0.0215163254042307	"nonHDL"	"<0.2"
"rs1913753"	0.35261702988538	0.0595427863633833	9.68324160782956e-05	"nonHDL"	"<0.2"
"rs1913754"	0.190440285364732	0.0974135435283306	8.19659799298676e-05	"nonHDL"	"<0.2"
"rs1913758"	0.152427340857888	0.619665725613994	0.0636887728301825	"nonHDL"	"<0.2"
"rs1913759"	0.155522824254319	0.619665725613994	0.0636887728301825	"nonHDL"	"<0.2"
"rs1913760"	0.157390760389438	0.619665725613994	0.0636887728301825	"nonHDL"	"<0.2"
"rs1913761"	0.617982957425132	0.506100211132645	0.0366418992547782	"nonHDL"	"<0.2"
"rs1913762"	1.17198493577602	3.28939527954805	0.143677735520434	"nonHDL"	"<0.2"
"rs191523462"	0.401209493236885	0.0413448719678353	0.0111327836122536	"nonHDL"	"<0.2"
"rs192127052"	0.98296666070122	0.865179261771945	0.00797768684071866	"nonHDL"	"<0.2"
"rs192589224"	0.610833915635468	0.803602715562657	0.00115338649697718	"nonHDL"	"<0.2"
"rs192903832"	0.131355561605174	0.131521906500552	0.0135762813935199	"nonHDL"	"<0.2"
"rs1934146"	1.02365002099673	9.31247638946903	0.370970591322728	"nonHDL"	"0.2-0.4"
"rs1934693"	1.49894073778225	9.18326832365478	0.396413200783626	"nonHDL"	"0.2-0.4"
"rs1934694"	1.5003129173816	9.18326832365478	0.396413200783626	"nonHDL"	"0.2-0.4"
"rs1934695"	0.87942606879415	9.69561719751093	0.451595993767578	"nonHDL"	"0.4-0.6"
"rs1934696"	1.50445566245355	9.18326832365478	0.396413200783626	"nonHDL"	"0.2-0.4"
"rs1934697"	0.196542884351586	3.61537781154846	0.174082706231484	"nonHDL"	"<0.2"
"rs1953970"	0.220403508742175	3.37344305274694	0.17375232165385	"nonHDL"	"<0.2"
"rs1953972"	1.20134935455473	9.30834837322808	0.401261576828224	"nonHDL"	"0.4-0.6"
"rs1970433"	1.46852108295774	9.18326832365478	0.396413200783626	"nonHDL"	"0.2-0.4"
"rs1970434"	0.570247719997592	9.18326832365478	0.396413200783626	"nonHDL"	"0.2-0.4"
"rs1972370"	0.886056647693163	10.3313830181126	0.451595993767578	"nonHDL"	"0.4-0.6"
"rs1972371"	1.50584540598156	9.18326832365478	0.396413200783626	"nonHDL"	"0.2-0.4"
"rs1985908"	1.47237009912866	3.16094388197106	0.0935443491090335	"nonHDL"	"<0.2"
"rs1989126"	0.500312917381596	1.19356834387508	0.00430361739786106	"nonHDL"	"<0.2"
"rs1993484"	3.89279003035213	12.8508948661002	0.731669419189888	"nonHDL"	"0.6-0.8"
"rs199881577"	0.202040356262804	0.0518140221779264	8.16409491145678e-08	"nonHDL"	"<0.2"
"rs2012845"	1.16941133131486	0.368644519446182	0.00252135414979236	"nonHDL"	"<0.2"
"rs2039757"	1.06148027482351	9.31247638946903	0.370970591322728	"nonHDL"	"0.2-0.4"
"rs2050822"	0.889410289700751	4.72403941720609	0.238510949329467	"nonHDL"	"0.2-0.4"
"rs2050823"	0.899629454882437	4.72403941720609	0.238510949329467	"nonHDL"	"0.2-0.4"
"rs2050824"	1.49214412830417	9.18326832365478	0.396413200783626	"nonHDL"	"0.2-0.4"
"rs2066167"	0.382999658879101	0.274205120447635	0.0200282803182381	"nonHDL"	"<0.2"
"rs2068202"	0.325138859262188	0.15769412367114	0.00734786317905254	"nonHDL"	"<0.2"
"rs2075374"	0.473660722610156	0.324957099612153	0.000695777870662259	"nonHDL"	"<0.2"
"rs2081343"	0.136677139879544	1.66791517953549	0.00133338283874128	"nonHDL"	"<0.2"
"rs2085490"	0.425968732272281	3.00828406833041	0.243651298633759	"nonHDL"	"0.2-0.4"
"rs2095994"	1.50584540598156	9.18326832365478	0.396413200783626	"nonHDL"	"0.2-0.4"
"rs2113595"	0.640164517660112	0.257724317172851	0.000265698475276682	"nonHDL"	"<0.2"
"rs2125037"	0.073657553374345	0.162470271236682	0.0293851507911789	"nonHDL"	"<0.2"
"rs2125039"	1.45967052520913	2.82850464663863	0.234131065747913	"nonHDL"	"0.2-0.4"
"rs2138285"	5.44009337496389	2.19245820727227	0.148701634972896	"nonHDL"	"<0.2"
"rs2138286"	0.381951903287907	0.208948985386998	0.0122104471463471	"nonHDL"	"<0.2"
"rs2138287"	0.19586056766465	0.678515490991412	0.0391141669567985	"nonHDL"	"<0.2"
"rs2153455"	0.728158393463501	10.447213798334	0.456673145334336	"nonHDL"	"0.4-0.6"
"rs2161885"	0.120330794367946	0.425947886637441	0.000363913302410969	"nonHDL"	"<0.2"
"rs2168721"	1.87614835903291	5.93686187345518	0.371307266217477	"nonHDL"	"0.2-0.4"
"rs2176106"	0.317854923626168	0.49854635283603	0.0339899410138791	"nonHDL"	"<0.2"
"rs2185424"	1.27083521030723	0.485353977750041	0.0180127523921373	"nonHDL"	"<0.2"
"rs2185425"	0.732828271596986	10.447213798334	0.456673145334336	"nonHDL"	"0.4-0.6"
"rs2185426"	0.79317412396815	10.3313830181126	0.451595993767578	"nonHDL"	"0.4-0.6"
"rs2185427"	0.379863945026243	8.3058249216585	0.385876300433001	"nonHDL"	"0.2-0.4"
"rs2203483"	0.673664139071249	0.0120317998602587	0.0145410360546966	"nonHDL"	"<0.2"
"rs2236568"	0.0083309926200515	2.4009841998866	0.152020431548627	"nonHDL"	"<0.2"
"rs2236569"	0.300162274132754	8.38756053761708	0.376657279918274	"nonHDL"	"0.2-0.4"
"rs2259619"	0.625251653989896	2.80818303565879	0.154074300283068	"nonHDL"	"<0.2"
"rs2282367"	0.298432014944073	8.38756053761708	0.376657279918274	"nonHDL"	"0.2-0.4"
"rs2342812"	0.540607512240769	4.47404736505573	0.236347937801858	"nonHDL"	"0.2-0.4"
"rs2342813"	0.304518323509803	8.05486440311555	0.383979704405529	"nonHDL"	"0.2-0.4"
"rs2342815"	1.07058107428571	9.31247638946903	0.370970591322728	"nonHDL"	"0.2-0.4"
"rs2342816"	1.0783135245164	9.31247638946903	0.370970591322728	"nonHDL"	"0.2-0.4"
"rs2343302"	0.0969100130080564	1.06459955755569	0.03554511475766	"nonHDL"	"<0.2"
"rs2343306"	4.1001794975729	12.8508948661002	0.731669419189888	"nonHDL"	"0.6-0.8"
"rs2343308"	8.80966830182971	2.08332027701575	0.154927758511241	"nonHDL"	"<0.2"
"rs2343527"	0.0721165896692931	1.00128262659096	0.000645825505429471	"nonHDL"	"<0.2"
"rs2343528"	0.385102783966865	0.171541833058094	0.0105058277296159	"nonHDL"	"<0.2"
"rs2343550"	0.285670240254767	1.52557538285375	0.0700037174728361	"nonHDL"	"<0.2"
"rs2343551"	6.15428198203334	20.4045522807741	1	"nonHDL"	">=0.95"
"rs2343555"	0.0385789059335517	0.123688611364543	0.0285892005176958	"nonHDL"	"<0.2"
"rs2343556"	0.193820026016113	0.682847968536039	0.0419679367096179	"nonHDL"	"<0.2"
"rs2343558"	0.1444808443322	0.0818249225099297	9.35709499341181e-05	"nonHDL"	"<0.2"
"rs2343559"	0.675717544702307	0.0120317998602587	0.0140118919330432	"nonHDL"	"<0.2"
"rs2343584"	0.698970004336019	0.0120317998602587	0.0140118919330432	"nonHDL"	"<0.2"
"rs2344765"	1.13194363817696	1.05256235673578	0.00212824511811731	"nonHDL"	"<0.2"
"rs2344766"	0.362510270487489	0.269655468307099	0.00840735518433941	"nonHDL"	"<0.2"
"rs2344767"	0.302770657240282	0.0366514097716815	0.00244881877163079	"nonHDL"	"<0.2"
"rs2344768"	0.412289034981089	0.0797681136582413	9.74082953647788e-05	"nonHDL"	"<0.2"
"rs2486302"	1.05305672930217	9.31247638946903	0.370970591322728	"nonHDL"	"0.2-0.4"
"rs2486303"	0.557520230935551	9.76630095252618	0.420217767903894	"nonHDL"	"0.4-0.6"
"rs2486304"	0.549750891680639	9.76630095252618	0.420217767903894	"nonHDL"	"0.4-0.6"
"rs2486305"	1.53910215724345	0.417921857684629	0.0157993940458804	"nonHDL"	"<0.2"
"rs2487073"	0.350665141287858	0.455119964103206	0.0171028826944395	"nonHDL"	"<0.2"
"rs2487074"	0.546681659952962	9.76630095252618	0.420217767903894	"nonHDL"	"0.4-0.6"
"rs2573326"	0.806875401645538	2.89557434980268	0.123631671982466	"nonHDL"	"<0.2"
"rs2819898"	0.155522824254319	0.824470792012334	0.049501066877568	"nonHDL"	"<0.2"
"rs28397083"	0.303643611266668	1.41516239406876	0.0757513030398649	"nonHDL"	"<0.2"
"rs28433331"	0.449771646944906	1.44228712836295	0.0757513030398649	"nonHDL"	"<0.2"
"rs28493052"	0.212539525481585	0.812524403012287	0.000645825505429471	"nonHDL"	"<0.2"
"rs2880456"	1.76447155309245	0.132794228364561	0.0194589687016165	"nonHDL"	"<0.2"
"rs2880599"	0.111820506081675	1.06459955755569	0.03554511475766	"nonHDL"	"<0.2"
"rs2880648"	0.0909791457888439	0.193330363701963	0.0301620552094428	"nonHDL"	"<0.2"
"rs2880649"	0.381951903287907	0.744334395075872	0.0107692958944433	"nonHDL"	"<0.2"
"rs2880654"	0.472370099128661	0.348019733766254	8.49509070316312e-05	"nonHDL"	"<0.2"
"rs2880655"	1.11463877996849	3.274617680405	0.0279646187647789	"nonHDL"	"<0.2"
"rs2993759"	0.749579997691106	4.23916904968093	0.19017226169893	"nonHDL"	"<0.2"
"rs2993761"	0.500312917381596	4.46238614182144	0.190251977672437	"nonHDL"	"<0.2"
"rs2993762"	0.474955192963155	4.23916904968093	0.190251977672437	"nonHDL"	"<0.2"
"rs2993763"	0.0177287669604316	2.4009841998866	0.152020431548627	"nonHDL"	"<0.2"
"rs2994386"	0.761953896871205	4.23916904968093	0.19017226169893	"nonHDL"	"<0.2"
"rs2994388"	0.0132282657337552	2.4009841998866	0.152020431548627	"nonHDL"	"<0.2"
"rs3120976"	0.233587152887601	8.0988371211173	0.379387949328425	"nonHDL"	"0.2-0.4"
"rs3195896"	1.08196966321512	3.2530787012421	0.146383654379106	"nonHDL"	"<0.2"
"rs3195899"	0.939302159646388	3.2530787012421	0.148920230511854	"nonHDL"	"<0.2"
"rs3195900"	1.01592296609717	3.2530787012421	0.15063919564947	"nonHDL"	"<0.2"
"rs34007464"	0.447331783887807	0.903813254935787	0.0560038506638247	"nonHDL"	"<0.2"
"rs34023636"	0.401209493236885	0.0949838517649594	0.0208715216065038	"nonHDL"	"<0.2"
"rs34033165"	0.0670191780768018	1.64009245730551	0.000658473084892862	"nonHDL"	"<0.2"
"rs34189002"	0.133712660915805	0.0818249225099297	9.35709499341181e-05	"nonHDL"	"<0.2"
"rs34215840"	0.0159229660971692	0.810119642157295	0.0928128444948158	"nonHDL"	"<0.2"
"rs34268041"	0.0741724253752577	1.06459955755569	0.0352920642716285	"nonHDL"	"<0.2"
"rs34279451"	0.0145735259169983	0.810119642157295	0.0928128444948158	"nonHDL"	"<0.2"
"rs34295552"	0.322393047279507	3.05201811908948	0.178798803889974	"nonHDL"	"<0.2"
"rs34413309"	1.71669877129645	3.85349987135435	0.256746339193454	"nonHDL"	"0.2-0.4"
"rs34486473"	0.0680338852718274	0.044823315211189	0.000446785151393898	"nonHDL"	"<0.2"
"rs34515119"	1.63638802010786	2.97777789549229	0.201851824181441	"nonHDL"	"0.2-0.4"
"rs34533074"	1.18976748200492	3.28939527954805	0.162386774368327	"nonHDL"	"<0.2"
"rs34534994"	0.730487055782084	0.310332485391201	0.0174166173042762	"nonHDL"	"<0.2"
"rs34560976"	0.139661993429006	0.0818249225099297	9.35709499341181e-05	"nonHDL"	"<0.2"
"rs34583742"	0.559090917934782	1.65340646956537	0.0784115875683013	"nonHDL"	"<0.2"
"rs34782759"	0.13608262304214	0.728934778767953	0.0346248247178367	"nonHDL"	"<0.2"
"rs34866993"	0.341988603342888	0.787812395596042	2.3532604062736e-05	"nonHDL"	"<0.2"
"rs34894697"	0.122628654130226	0.484872247380055	0.0632840199028386	"nonHDL"	"<0.2"
"rs34954495"	0.133712660915805	0.584492464407217	0.00246186705669833	"nonHDL"	"<0.2"
"rs34964315"	0.139063379299906	0.0818249225099297	9.35709499341181e-05	"nonHDL"	"<0.2"
"rs34965541"	1.50307035192679	3.85349987135435	0.256746339193454	"nonHDL"	"0.2-0.4"
"rs35052296"	0.120330794367946	0.0818249225099297	1.75245200223006e-05	"nonHDL"	"<0.2"
"rs35154155"	0.00524305541237188	0.810119642157295	0.0928128444948158	"nonHDL"	"<0.2"
"rs35213726"	0.518557371497695	1.5428677944524	0.0477380929134584	"nonHDL"	"<0.2"
"rs35266651"	1.08301995267962	0.160197138887366	0.0115549182259666	"nonHDL"	"<0.2"
"rs35269135"	0.621602099051862	0.902687148600854	0.0680644614469463	"nonHDL"	"<0.2"
"rs35344091"	1.78251605578609	0.132794228364561	0.0194589687016165	"nonHDL"	"<0.2"
"rs35353819"	1.50723961097316	9.18326832365478	0.396413200783626	"nonHDL"	"0.2-0.4"
"rs35414786"	0.360513510731414	1.54819361501071	0.0696449025804691	"nonHDL"	"<0.2"
"rs35547640"	0.0809219076239261	1.06459955755569	0.0373727046151965	"nonHDL"	"<0.2"
"rs35614327"	0.149966742310231	0.318878210031708	0.00261484332095026	"nonHDL"	"<0.2"
"rs35671072"	0.0746879085003505	1.20256209953661	0.0358043927450831	"nonHDL"	"<0.2"
"rs35740944"	1.7619538968712	2.82230481679452	0.201851824181441	"nonHDL"	"0.2-0.4"
"rs35743232"	1.64781748188864	2.97777789549229	0.201851824181441	"nonHDL"	"0.2-0.4"
"rs35828718"	0.177178354696895	0.904150960442425	0.0344627908942105	"nonHDL"	"<0.2"
"rs35976818"	0.16304326294045	0.619665725613994	0.0656421060679721	"nonHDL"	"<0.2"
"rs36093436"	1.70553377383841	2.97777789549229	0.201851824181441	"nonHDL"	"0.2-0.4"
"rs36095216"	0.151810883008601	0.619665725613994	0.0636887728301825	"nonHDL"	"<0.2"
"rs36113069"	0.369572124974976	1.31797502581589	0.0769025772952831	"nonHDL"	"<0.2"
"rs3802638"	0.950781977329818	10.0865278917233	0.503236003833174	"nonHDL"	"0.4-0.6"
"rs3827869"	0.343901797987168	0.898366324701276	0.0400485417276085	"nonHDL"	"<0.2"
"rs3844126"	0.554395796726402	7.04459754451146	0.304279514487046	"nonHDL"	"0.2-0.4"
"rs3851056"	0.527243550682788	4.46238614182144	0.193838339426167	"nonHDL"	"<0.2"
"rs3851057"	0.638272163982407	1.69849688115606	0.0578793416726342	"nonHDL"	"<0.2"
"rs3851058"	0.667561540084395	1.69849688115606	0.0578793416726342	"nonHDL"	"<0.2"
"rs3851059"	0.0154726866562074	1.81576581249045	0.0648088291856554	"nonHDL"	"<0.2"
"rs3862532"	0.378823718224965	8.37276424638169	0.369008095519881	"nonHDL"	"0.2-0.4"
"rs3862533"	0.0048037084028206	3.40823218282447	0.143551755020569	"nonHDL"	"<0.2"
"rs3862534"	1.51144928349956	0.417921857684629	0.0157993940458804	"nonHDL"	"<0.2"
"rs4036803"	0.220403508742175	0.0797681136582413	9.74082953647788e-05	"nonHDL"	"<0.2"
"rs4038156"	1.27654432796481	0.486127455731697	0.0121796808304771	"nonHDL"	"<0.2"
"rs4120852"	0.54821356447571	7.04459754451146	0.300007750373653	"nonHDL"	"0.2-0.4"
"rs41284064"	0.349692476868064	0.0156203268680529	0.0171028826944395	"nonHDL"	"<0.2"
"rs41284066"	1.61978875828839	0.461218970218154	0.0180127523921373	"nonHDL"	"<0.2"
"rs41284080"	1.18508681872493	0.0674039803706177	0.00626536247232623	"nonHDL"	"<0.2"
"rs41284082"	0.939302159646388	0.677817932102845	0.00150426006872209	"nonHDL"	"<0.2"
"rs41284090"	0.562249437179612	3.17829000270162	0.0154909906365567	"nonHDL"	"<0.2"
"rs41296143"	0.229147988357856	0.120355431824981	0.00127110959508194	"nonHDL"	"<0.2"
"rs41300223"	0.943095148663527	0.632029418956606	0.00298270647333694	"nonHDL"	"<0.2"
"rs41306848"	0.531652669587843	0.677817932102845	0.00138991541590912	"nonHDL"	"<0.2"
"rs4146515"	0.860120913598763	4.58416726572461	0.232225116380786	"nonHDL"	"0.2-0.4"
"rs4258322"	1.02872415126189	10.0978986144289	0.510905519282809	"nonHDL"	"0.4-0.6"
"rs4265545"	1.47495519296315	9.18326832365478	0.400505356550663	"nonHDL"	"0.4-0.6"
"rs4322334"	0.402304814074488	0.0797681136582413	9.74082953647788e-05	"nonHDL"	"<0.2"
"rs4342966"	0.359518563029578	0.165365063309526	0.00255611631685548	"nonHDL"	"<0.2"
"rs4357632"	1.51144928349956	9.18326832365478	0.396413200783626	"nonHDL"	"0.2-0.4"
"rs4387297"	1.28149831113273	9.31371058991181	0.502671231461377	"nonHDL"	"0.4-0.6"
"rs4394789"	1.16241156176449	0.325116823737576	0.00274956839216627	"nonHDL"	"<0.2"
"rs4406769"	0.876148359032914	0.651187134358285	0.00441953734934931	"nonHDL"	"<0.2"
"rs4433520"	0.00261361560268669	1.25062780981259	0.000267889758720672	"nonHDL"	"<0.2"
"rs4515913"	1.51144928349956	9.54540664645044	0.413139349805231	"nonHDL"	"0.4-0.6"
"rs4536152"	1.43770713554353	9.18326832365478	0.400505356550663	"nonHDL"	"0.4-0.6"
"rs4547039"	0.0574958938319193	0.101959151760043	0.0366531729273301	"nonHDL"	"<0.2"
"rs45494892"	1.1518108830086	0.0674039803706177	0.00626536247232623	"nonHDL"	"<0.2"
"rs45526031"	2.02826040911222	0.827058637785759	0.0178871145342329	"nonHDL"	"<0.2"
"rs4578323"	2	2.47605463546024	0.155392563218333	"nonHDL"	"<0.2"
"rs4601708"	1.48148606012211	9.18326832365478	0.396413200783626	"nonHDL"	"0.2-0.4"
"rs4933327"	0.334419008982047	0.898366324701276	0.0400485417276085	"nonHDL"	"<0.2"
"rs4933377"	0.6345120151091	9.25976050968606	0.401261576828224	"nonHDL"	"0.4-0.6"
"rs4933378"	1.23807216157947	9.30834837322808	0.401261576828224	"nonHDL"	"0.4-0.6"
"rs4933379"	0.177831920631983	3.29806953468138	0.175729920614094	"nonHDL"	"<0.2"
"rs4933390"	0.756961951313706	3.41822436720819	0.276222273296138	"nonHDL"	"0.2-0.4"
"rs4933397"	4.32975414692588	2.06821170303662	0.149622104222934	"nonHDL"	"<0.2"
"rs4933445"	0.493494967595128	0.443024863943549	0.045602645314461	"nonHDL"	"<0.2"
"rs4933447"	0.560667306169737	0.260490945331702	0.000578194242264197	"nonHDL"	"<0.2"
"rs4933462"	1.0301183562535	2.15609853713586	0.0408967857983183	"nonHDL"	"<0.2"
"rs4933463"	1.0329202658555	2.15609853713586	0.0408967857983183	"nonHDL"	"<0.2"
"rs4933477"	0.585026652029182	0.0796136711264422	0.00771372119695342	"nonHDL"	"<0.2"
"rs4934012"	0.602059991327962	1.29568558079982	0.0464396150291789	"nonHDL"	"<0.2"
"rs4934027"	0.34008379993015	0.898366324701276	0.0400485417276085	"nonHDL"	"<0.2"
"rs4934028"	0.856985199745905	2.05925447517393	0.116710224039529	"nonHDL"	"<0.2"
"rs4934038"	0.401209493236885	8.3058249216585	0.385876300433001	"nonHDL"	"0.2-0.4"
"rs4934084"	0.671620396561262	10.3313830181126	0.451595993767578	"nonHDL"	"0.4-0.6"
"rs4934125"	0.688246138944246	10.447213798334	0.456673145334336	"nonHDL"	"0.4-0.6"
"rs4934126"	1.05354773498693	4.87726655456901	0.242021643331153	"nonHDL"	"0.2-0.4"
"rs4934134"	0.913640169325252	4.72403941720609	0.237382965875212	"nonHDL"	"0.2-0.4"
"rs4934139"	0.896196279044043	9.80347839659941	0.482670003947001	"nonHDL"	"0.4-0.6"
"rs4934147"	0.838631997765025	3.1670404213428	0.148202844484406	"nonHDL"	"<0.2"
"rs4934153"	0.98296666070122	10.0978986144289	0.510905519282809	"nonHDL"	"0.4-0.6"
"rs4934165"	1.03668448861389	3.12358469272143	0.213912544612076	"nonHDL"	"0.2-0.4"
"rs4934167"	1.02872415126189	3.12358469272143	0.212775169486987	"nonHDL"	"0.2-0.4"
"rs4934168"	1.05601112492623	2.88044720233288	0.212775169486987	"nonHDL"	"0.2-0.4"
"rs4934169"	1.93181413825384	10.0686662311784	0.56489254438005	"nonHDL"	"0.4-0.6"
"rs4934170"	1.65757731917779	3.20708117289253	0.234095211025029	"nonHDL"	"0.2-0.4"
"rs4934189"	0.920818753952375	3.231259071177	0.28716208127265	"nonHDL"	"0.2-0.4"
"rs4934192"	1.55909091793478	2.64142180722634	0.252975945059639	"nonHDL"	"0.2-0.4"
"rs4934351"	0.474955192963155	0.397657808963773	0.0442974462798202	"nonHDL"	"<0.2"
"rs4934371"	1.03715731879876	2.15609853713586	0.0408967857983183	"nonHDL"	"<0.2"
"rs4934372"	1.01502287358451	2.2557234499524	0.0408967857983183	"nonHDL"	"<0.2"
"rs4934386"	0.607303046740334	0.00222144217674891	0.0134923893546904	"nonHDL"	"<0.2"
"rs4934387"	0.387216143280265	0.53277086512394	0.0155406389837966	"nonHDL"	"<0.2"
"rs4934388"	0.647817481888638	0.0120317998602587	0.0140118919330432	"nonHDL"	"<0.2"
"rs4934394"	0.747146969020107	0.0712365870094229	5.52652189532992e-05	"nonHDL"	"<0.2"
"rs4934395"	0.120904120499927	0.297139690269315	0.000138828289901419	"nonHDL"	"<0.2"
"rs4934417"	0.104577453960592	0.515525054250086	0.00117997341099576	"nonHDL"	"<0.2"
"rs4934418"	0.108462542327436	0.435591985686013	0.000254161258049133	"nonHDL"	"<0.2"
"rs4934419"	0.211124884224583	0.148753273401441	0.00184963172346478	"nonHDL"	"<0.2"
"rs4934426"	0.148741651280925	0.364031963258938	0.000173390705539054	"nonHDL"	"<0.2"
"rs532218801"	0.173277479831008	0.559859480586112	0.00225643824416713	"nonHDL"	"<0.2"
"rs533871867"	0.590066876668706	0.379036761783674	0.00366385574791213	"nonHDL"	"<0.2"
"rs537617420"	0.614393726401688	0.290286640420594	0.0102189553863261	"nonHDL"	"<0.2"
"rs540546993"	0.806875401645538	0.509461443352688	0.00269497330575134	"nonHDL"	"<0.2"
"rs551564466"	0.0814454694497265	0.131196329900143	0.00200372985085213	"nonHDL"	"<0.2"
"rs552738302"	0.146910470148134	0.300111999438119	2.58581857529659e-05	"nonHDL"	"<0.2"
"rs55654466"	0.114638779968488	0.262312893158673	6.83587855089591e-06	"nonHDL"	"<0.2"
"rs55732213"	0.525783735923745	0.75120554072874	0.00454383925447111	"nonHDL"	"<0.2"
"rs55739791"	0.151810883008601	0.619665725613994	0.0636887728301825	"nonHDL"	"<0.2"
"rs55855057"	0.0324520237811379	0.801926028578754	0.0306721649576042	"nonHDL"	"<0.2"
"rs55897874"	2.44977164694491	4.66892716760123	0.160268744610907	"nonHDL"	"<0.2"
"rs55899456"	0.0414361167780325	1.06459955755569	0.0326898848322948	"nonHDL"	"<0.2"
"rs55901776"	0.294992040666664	3.61537781154846	0.171783949575164	"nonHDL"	"<0.2"
"rs55931985"	0.386158178123931	0.893095501064357	4.08272092373086e-05	"nonHDL"	"<0.2"
"rs55943223"	0.182434630440219	2.0449591229871	0.0959264818759207	"nonHDL"	"<0.2"
"rs559530232"	5.1771783546969	1.71223632847026	0.0769659764073174	"nonHDL"	"<0.2"
"rs55992253"	0.886056647693163	0.788703212616017	0.00295397187101833	"nonHDL"	"<0.2"
"rs56088018"	1.07468790850035	0.491227951729074	0.00255611631685548	"nonHDL"	"<0.2"
"rs56123000"	1.86327943284359	0.561286814858745	0.000910490048908443	"nonHDL"	"<0.2"
"rs56147535"	0.0277971616209356	0.801926028578754	0.0306721649576042	"nonHDL"	"<0.2"
"rs56154304"	1.36451625318509	0.282158974217376	0.0066846372919217	"nonHDL"	"<0.2"
"rs56184245"	0.0083309926200515	0.801926028578754	0.0297845924584305	"nonHDL"	"<0.2"
"rs56219300"	1.84466396253494	0.561286814858745	0.000910490048908443	"nonHDL"	"<0.2"
"rs56219677"	1.24412514432751	3.39744844846474	0.0424321195234759	"nonHDL"	"<0.2"
"rs56239591"	1.94309514866353	0.65506765057959	0.000910490048908443	"nonHDL"	"<0.2"
"rs56295829"	0.511449283499556	1.03389254266448	0.020686971189009	"nonHDL"	"<0.2"
"rs56320756"	2.11294562194904	0.65506765057959	0.000910490048908443	"nonHDL"	"<0.2"
"rs56362625"	0.146910470148134	0.0500209236736438	2.41292122523378e-05	"nonHDL"	"<0.2"
"rs56364447"	0.269217724333611	0.180822078849391	3.47480128358367e-05	"nonHDL"	"<0.2"
"rs56758452"	0.226213555018806	1.11077507633695	0.000208162714504779	"nonHDL"	"<0.2"
"rs56871714"	0.0710923097560473	0.224940322930333	6.4546878484508e-05	"nonHDL"	"<0.2"
"rs56968814"	0.0746879085003505	0.729335136020485	0.00255611631685548	"nonHDL"	"<0.2"
"rs571431811"	0.492144128304169	0.766394780837728	2.78029009703004e-05	"nonHDL"	"<0.2"
"rs572697157"	0.752026733638193	0.0413448719678353	0.00846336297721061	"nonHDL"	"<0.2"
"rs572998301"	0.415668775632469	0.686685486301673	0.000725892409979144	"nonHDL"	"<0.2"
"rs57342950"	0.0213630516155257	0.807973661095347	0.0322825479629367	"nonHDL"	"<0.2"
"rs57642508"	0.184422251675733	0.843220739621824	0.0418146896264026	"nonHDL"	"<0.2"
"rs57929966"	0.59176003468815	0.037360320846762	0.00255611631685548	"nonHDL"	"<0.2"
"rs58028281"	0.068542129310995	0.251760791303009	3.25945065322744e-05	"nonHDL"	"<0.2"
"rs58082336"	0.195179321278838	1.00476287171127	0.000208162714504779	"nonHDL"	"<0.2"
"rs58167861"	0.860120913598763	0.105536058634459	0.00255611631685548	"nonHDL"	"<0.2"
"rs58411552"	0.94692155651658	0.558026942009221	0.0184164188673692	"nonHDL"	"<0.2"
"rs58560242"	0.347753658996677	0.0226665206129119	0.021348920394961	"nonHDL"	"<0.2"
"rs58702310"	0.467245621007502	0.0641774561293674	8.16409491145678e-08	"nonHDL"	"<0.2"
"rs58844605"	0.844663962534938	0.214000017704385	0.00255611631685548	"nonHDL"	"<0.2"
"rs58903768"	0.84163750790475	0.592006091487676	0.00255611631685548	"nonHDL"	"<0.2"
"rs58991931"	0.896196279044043	0.864355405705437	0.00255611631685548	"nonHDL"	"<0.2"
"rs59028692"	1.65757731917779	3.20708117289253	0.234095211025029	"nonHDL"	"0.2-0.4"
"rs59137417"	0.0904439707588247	0.630891801573575	0.000208162714504779	"nonHDL"	"<0.2"
"rs59140600"	0.236572006437063	0.72933280729507	0.000208162714504779	"nonHDL"	"<0.2"
"rs59269369"	1.05012229596313	0.774378035433254	0.0154566681590991	"nonHDL"	"<0.2"
"rs59495777"	0.481486060122113	0.281241796090211	0.0151859260766109	"nonHDL"	"<0.2"
"rs59577534"	1.69464863055338	3.62249704933839	0.256746339193454	"nonHDL"	"0.2-0.4"
"rs59616746"	0.752026733638193	0.160739468579694	0.00107959066226712	"nonHDL"	"<0.2"
"rs59617064"	0.467245621007502	0.443024863943549	0.0437703755527025	"nonHDL"	"<0.2"
"rs59643748"	1.66554624884907	3.20708117289253	0.234095211025029	"nonHDL"	"0.2-0.4"
"rs59806247"	0.0213630516155257	0.956779234636922	0.0322825479629367	"nonHDL"	"<0.2"
"rs59949474"	0.928117992693875	0.684499870183669	0.00260930389133174	"nonHDL"	"<0.2"
"rs60011422"	0.844663962534938	0.0295736188888087	0.00255611631685548	"nonHDL"	"<0.2"
"rs60089690"	0.181774106386045	0.843220739621824	0.0418146896264026	"nonHDL"	"<0.2"
"rs60204118"	0.752026733638193	3.19305186880484	0.103456110247864	"nonHDL"	"<0.2"
"rs60300749"	0.100726812682396	0.537610987597072	3.25945065322744e-05	"nonHDL"	"<0.2"
"rs60345242"	0.709965388637482	0.710330795112173	0.000417994068003585	"nonHDL"	"<0.2"
"rs60390678"	0.158640529545145	0.604092024433264	0.0636887728301825	"nonHDL"	"<0.2"
"rs60414438"	2.64206515299955	0.0590907359181165	0.00168146723039478	"nonHDL"	"<0.2"
"rs60575307"	0.0132282657337552	1.00128262659096	0.000645825505429471	"nonHDL"	"<0.2"
"rs60624908"	1.91364016932525	0.561286814858745	0.000910490048908443	"nonHDL"	"<0.2"
"rs60890045"	0.193820026016113	0.163134935933756	0.00168428857162563	"nonHDL"	"<0.2"
"rs60991538"	0.500312917381596	0.903813254935787	0.0556475630551797	"nonHDL"	"<0.2"
"rs61188968"	1.42250820016277	0.71556701008611	0.0137470847115685	"nonHDL"	"<0.2"
"rs61411102"	0.91721462968355	1.00296722454644	0.0159643406732183	"nonHDL"	"<0.2"
"rs61435930"	0.673664139071249	1.41847130745429	0.0230526382699221	"nonHDL"	"<0.2"
"rs61859173"	0.493494967595128	0.903813254935787	0.0556475630551797	"nonHDL"	"<0.2"
"rs61859174"	0.449771646944906	0.903813254935787	0.0556475630551797	"nonHDL"	"<0.2"
"rs61859189"	0.0177287669604316	0.956779234636922	0.0322825479629367	"nonHDL"	"<0.2"
"rs61859191"	0.0670191780768018	1.06459955755569	0.0354794237045178	"nonHDL"	"<0.2"
"rs61859195"	0.0254883072626717	0.956779234636922	0.0322825479629367	"nonHDL"	"<0.2"
"rs61859196"	0.07727454200674	1.06459955755569	0.0354794237045178	"nonHDL"	"<0.2"
"rs61859197"	0.0788339493622613	1.06459955755569	0.0354794237045178	"nonHDL"	"<0.2"
"rs61859198"	0.0726296369609765	1.06459955755569	0.0354794237045178	"nonHDL"	"<0.2"
"rs61859209"	0.106238237942057	1.06459955755569	0.0364276391916257	"nonHDL"	"<0.2"
"rs61859215"	0.0767559813697235	1.06459955755569	0.0352920642716285	"nonHDL"	"<0.2"
"rs61859233"	0.812479279163537	6.60267886741462	0.24771790227983	"nonHDL"	"0.2-0.4"
"rs61859236"	0.869666231504994	7.18554330052473	0.23038615235584	"nonHDL"	"0.2-0.4"
"rs61859360"	0.375717904164332	0.0288248487284229	0.0123780719766197	"nonHDL"	"<0.2"
"rs61859363"	0.54515513999149	0.125036029469454	0.0102823766574349	"nonHDL"	"<0.2"
"rs61859391"	0.00217691925427455	0.359286073990734	0.0036363979974709	"nonHDL"	"<0.2"
"rs61859392"	0.311580177997289	0.180822078849391	3.47480128358367e-05	"nonHDL"	"<0.2"
"rs61859394"	0.137868620686963	0.0339812956628488	0.000142912823177862	"nonHDL"	"<0.2"
"rs61859395"	0.0209070993616736	0.0437177262697974	3.82372103036386e-05	"nonHDL"	"<0.2"
"rs61859396"	0.0530567293021746	0.00878278755063863	3.82372103036386e-05	"nonHDL"	"<0.2"
"rs61859397"	0.114073660198569	0.0336686276217569	2.41292122523378e-05	"nonHDL"	"<0.2"
"rs61861594"	0.484126156288321	4.14176246070665	0.0902794355067424	"nonHDL"	"<0.2"
"rs61862387"	0.0114410431213845	0.801926028578754	0.0297845924584305	"nonHDL"	"<0.2"
"rs62621256"	0.00700490156865849	0.110345961449284	0.0227310366949552	"nonHDL"	"<0.2"
"rs6585944"	1.22257317761069	9.11172612892053	0.398454212452636	"nonHDL"	"0.2-0.4"
"rs6585946"	1.38615817812393	9.18326832365478	0.396413200783626	"nonHDL"	"0.2-0.4"
"rs6585947"	0.356547323513813	9.69561719751093	0.451595993767578	"nonHDL"	"0.4-0.6"
"rs6585967"	1.31247103878537	9.30834837322808	0.401261576828224	"nonHDL"	"0.4-0.6"
"rs6585968"	1.29242982390206	9.30834837322808	0.401261576828224	"nonHDL"	"0.4-0.6"
"rs6585986"	0.806875401645538	10.4486427264773	0.480201982218575	"nonHDL"	"0.4-0.6"
"rs6585989"	0.565431095965801	1.36244723231536	0.0851940069208226	"nonHDL"	"<0.2"
"rs6585994"	1.27245874297144	3.86961476261635	0.266672082017704	"nonHDL"	"0.2-0.4"
"rs6586028"	8.65560772631489	20.4045522807741	0.980610100822689	"nonHDL"	">=0.95"
"rs6586030"	9.06198090252379	14.6939118153098	0.774295333069845	"nonHDL"	"0.6-0.8"
"rs6586051"	0.00392634551472468	0.766019589158593	0.0198434774265133	"nonHDL"	"<0.2"
"rs6586052"	0.00524305541237188	0.766019589158593	0.0198434774265133	"nonHDL"	"<0.2"
"rs6586067"	2.40011692792631	1.39582796700166	0.0182536304899701	"nonHDL"	"<0.2"
"rs6586068"	0.00305075150461883	0.305548366666664	0.0319118806775665	"nonHDL"	"<0.2"
"rs6586086"	0.160521952625802	0.619665725613994	0.0636887728301825	"nonHDL"	"<0.2"
"rs6586087"	0.154901959985743	0.619665725613994	0.0636887728301825	"nonHDL"	"<0.2"
"rs6586088"	0.209011524911184	0.0613492057162855	0.0233297680626217	"nonHDL"	"<0.2"
"rs6586089"	0.42712839779952	0.364316242300034	8.49509070316312e-05	"nonHDL"	"<0.2"
"rs6586090"	0.206209615309181	0.0613492057162855	0.0233297680626217	"nonHDL"	"<0.2"
"rs6586099"	0.0447934624580583	0.0124861223184514	0.00198712354840307	"nonHDL"	"<0.2"
"rs6586105"	1.03668448861389	2.15609853713586	0.0408967857983183	"nonHDL"	"<0.2"
"rs6586106"	1.0329202658555	2.15609853713586	0.0408967857983183	"nonHDL"	"<0.2"
"rs6586107"	1.19517932127884	2.15609853713586	0.0408967857983183	"nonHDL"	"<0.2"
"rs6586109"	1.1180450286604	2.2557234499524	0.04146615369821	"nonHDL"	"<0.2"
"rs6586110"	1.09908693226233	2.2557234499524	0.04146615369821	"nonHDL"	"<0.2"
"rs6586111"	1.06298389253519	2.2557234499524	0.04146615369821	"nonHDL"	"<0.2"
"rs6586112"	0.172630726946175	0.975641601693186	0.0128166152280957	"nonHDL"	"<0.2"
"rs6586121"	0.424812155072339	0.0394074658356389	0.0133853061342352	"nonHDL"	"<0.2"
"rs6586133"	0.327902142064283	0.128313835762208	0.000108004308688809	"nonHDL"	"<0.2"
"rs6586155"	0.361510743045363	1.38549825628004	0.00877150188786539	"nonHDL"	"<0.2"
"rs66491571"	1.04191415147891	0.272070978926677	0.00213772914124462	"nonHDL"	"<0.2"
"rs66586255"	0.392544976785331	2.96320747670038	0.172075764669778	"nonHDL"	"<0.2"
"rs67036031"	1.11407366019857	0.272070978926677	0.00252135414979236	"nonHDL"	"<0.2"
"rs67126110"	1.21681130892474	0.325116823737576	0.00213772914124462	"nonHDL"	"<0.2"
"rs67413850"	8.69680394257951	4.21652664243157	0.287758108085505	"nonHDL"	"0.2-0.4"
"rs67939785"	0.616184634019569	0.954184317877497	0.0532092240091025	"nonHDL"	"<0.2"
"rs7067612"	0.546681659952962	4.72403941720609	0.237382965875212	"nonHDL"	"0.2-0.4"
"rs7067623"	0.158640529545145	0.619665725613994	0.0636887728301825	"nonHDL"	"<0.2"
"rs7067934"	0.247951552180562	0.854775615901297	6.7930943642114e-05	"nonHDL"	"<0.2"
"rs7067977"	1.78251605578609	5.25874358409551	0.178031102881972	"nonHDL"	"<0.2"
"rs7067984"	1.77211329538633	5.25874358409551	0.178031102881972	"nonHDL"	"<0.2"
"rs7067994"	1.14266750356873	2.2557234499524	0.0408967857983183	"nonHDL"	"<0.2"
"rs7068369"	2.52287874528034	1.47100492820419	0.0169217034375724	"nonHDL"	"<0.2"
"rs7069048"	2.08830984124614	1.66165707530514	0.0431607751808936	"nonHDL"	"<0.2"
"rs7070261"	1.07883394936226	0.0151928481615771	0.00734786317905254	"nonHDL"	"<0.2"
"rs7070672"	1.31336373073771	0.000688467869952259	0.00626536247232623	"nonHDL"	"<0.2"
"rs7070996"	0.54821356447571	1.06514012378335	0.00321115666786058	"nonHDL"	"<0.2"
"rs7071690"	1.13489602535887	2.2557234499524	0.04146615369821	"nonHDL"	"<0.2"
"rs7071752"	0.896196279044043	4.72403941720609	0.241336767097754	"nonHDL"	"0.2-0.4"
"rs7072046"	0.0931264652779296	0.635085212652109	0.0636887728301825	"nonHDL"	"<0.2"
"rs7072057"	0.137868620686963	0.635085212652109	0.0636887728301825	"nonHDL"	"<0.2"
"rs7072467"	0.157390760389438	0.619665725613994	0.0636887728301825	"nonHDL"	"<0.2"
"rs7072583"	2.0783135245164	3.25555288925163	0.251483937100818	"nonHDL"	"0.2-0.4"
"rs7072845"	0.565431095965801	9.76630095252618	0.420217767903894	"nonHDL"	"0.4-0.6"
"rs7073839"	0.593459819566045	3.37490475058419	0.0442737021771426	"nonHDL"	"<0.2"
"rs7074356"	0.181774106386045	1.11169748276845	0.0334140534072764	"nonHDL"	"<0.2"
"rs7074908"	0.115204636051019	0.0818249225099297	1.75245200223006e-05	"nonHDL"	"<0.2"
"rs7075355"	0.85078088734462	3.231259071177	0.27980385834816	"nonHDL"	"0.2-0.4"
"rs7075840"	2	1.66165707530514	0.0431607751808936	"nonHDL"	"<0.2"
"rs7077368"	0.876148359032914	0.310666274010612	0.00207669415209219	"nonHDL"	"<0.2"
"rs7077373"	0.767003889607846	3.231259071177	0.276222273296138	"nonHDL"	"0.2-0.4"
"rs7077636"	0.360513510731414	0.0228802550862252	0.00222398640103085	"nonHDL"	"<0.2"
"rs7077644"	0.465973893943865	0.147020732813517	0.0153443964198231	"nonHDL"	"<0.2"
"rs7077712"	1.39254497678533	9.18326832365478	0.396413200783626	"nonHDL"	"0.2-0.4"
"rs7077758"	0.504455662453552	0.0426254843695797	0.00255611631685548	"nonHDL"	"<0.2"
"rs7077834"	0.00348832784582135	0.0802939429602382	0.0018596282847132	"nonHDL"	"<0.2"
"rs7077847"	1.42136079003193	9.18326832365478	0.391608199559901	"nonHDL"	"0.2-0.4"
"rs7077854"	1.49757288001557	9.18326832365478	0.396413200783626	"nonHDL"	"0.2-0.4"
"rs7077907"	0.709965388637482	6.6386518655321	0.300007750373653	"nonHDL"	"0.2-0.4"
"rs7078075"	0.709965388637482	10.4486427264773	0.469393624865787	"nonHDL"	"0.4-0.6"
"rs7078254"	0.767003889607846	3.231259071177	0.276222273296138	"nonHDL"	"0.2-0.4"
"rs7078707"	0.752026733638193	9.54540664645044	0.413139349805231	"nonHDL"	"0.4-0.6"
"rs7078901"	0.0545314148681803	0.170363074182258	0.0366531729273301	"nonHDL"	"<0.2"
"rs7079069"	0.218963061378868	0.686122238630569	0.000277525261556439	"nonHDL"	"<0.2"
"rs7079135"	0.769551078621726	0.0605057075516176	9.12541246997681e-06	"nonHDL"	"<0.2"
"rs7079232"	2.20760831050175	1.76636688381677	0.0175895702739395	"nonHDL"	"<0.2"
"rs7079356"	0.991399828238082	2.17333508753964	0.0299450418207382	"nonHDL"	"<0.2"
"rs7080009"	8.72124639904717	20.4045522807741	1	"nonHDL"	">=0.95"
"rs7080169"	0.35359627377693	2.84130588182214	0.143260803939513	"nonHDL"	"<0.2"
"rs7081164"	0.318758762624413	1.44228712836295	0.0757513030398649	"nonHDL"	"<0.2"
"rs7081344"	0.366531544420413	0.15769412367114	0.00734786317905254	"nonHDL"	"<0.2"
"rs7081555"	0.156144577376839	0.619665725613994	0.0636887728301825	"nonHDL"	"<0.2"
"rs7081754"	0.435333935747911	0.147020732813517	0.014802796309096	"nonHDL"	"<0.2"
"rs7081756"	0.688246138944246	1.63003312879196	0.0369189632742059	"nonHDL"	"<0.2"
"rs7081889"	1.23284413391782	8.63840058307473	0.403687035126163	"nonHDL"	"0.4-0.6"
"rs7081903"	0.703334809738469	10.4486427264773	0.469393624865787	"nonHDL"	"0.4-0.6"
"rs7081964"	0.149353764816934	0.619665725613994	0.0636887728301825	"nonHDL"	"<0.2"
"rs7082093"	1.42021640338319	9.18326832365478	0.391608199559901	"nonHDL"	"0.2-0.4"
"rs7082099"	0.350665141287858	0.49854635283603	0.034886270172677	"nonHDL"	"<0.2"
"rs7082102"	0.397940008672038	9.76630095252618	0.422453445616957	"nonHDL"	"0.4-0.6"
"rs7082413"	0.123205023799299	0.619665725613994	0.0636887728301825	"nonHDL"	"<0.2"
"rs7082488"	1.40120949323689	0.0883279372265537	0.000693529885836685	"nonHDL"	"<0.2"
"rs7082577"	1.29929628285498	0.486127455731697	0.0133689969221131	"nonHDL"	"<0.2"
"rs7082705"	0.779891911959945	10.4486427264773	0.480201982218575	"nonHDL"	"0.4-0.6"
"rs7084378"	0.471083299722345	0.514630693453989	0.00575910175587427	"nonHDL"	"<0.2"
"rs7084388"	0.437707135543525	0.0797681136582413	9.74082953647788e-05	"nonHDL"	"<0.2"
"rs7084416"	4.8153085691824	11.0465868192615	0.606668018495754	"nonHDL"	"0.6-0.8"
"rs7085490"	0.0268721464003014	0.837967586426209	0.00316284747400452	"nonHDL"	"<0.2"
"rs7085606"	0.761953896871205	3.231259071177	0.276222273296138	"nonHDL"	"0.2-0.4"
"rs7085863"	1.66554624884907	0.32003365775686	0.012437813861543	"nonHDL"	"<0.2"
"rs7085913"	0.104577453960592	0.0818249225099297	1.75245200223006e-05	"nonHDL"	"<0.2"
"rs7085994"	0.801342913045577	0.121043553130143	0.00255611631685548	"nonHDL"	"<0.2"
"rs7086496"	1.69250396208679	2.64142180722634	0.252975945059639	"nonHDL"	"0.2-0.4"
"rs7086627"	2.75202673363819	11.3452018317409	0.639670022812372	"nonHDL"	"0.6-0.8"
"rs7086866"	0.583359492661719	1.07737210058912	0.00739835403278911	"nonHDL"	"<0.2"
"rs7087704"	0.429457060118103	0.147020732813517	0.014802796309096	"nonHDL"	"<0.2"
"rs7087728"	0.216811308924742	0.631568064507161	0.0500201466549071	"nonHDL"	"<0.2"
"rs7087827"	0.149353764816934	0.619665725613994	0.0636887728301825	"nonHDL"	"<0.2"
"rs7087969"	0.151810883008601	0.619665725613994	0.0636887728301825	"nonHDL"	"<0.2"
"rs7088374"	0.913640169325252	4.72403941720609	0.237382965875212	"nonHDL"	"0.2-0.4"
"rs7088400"	0.52432881167557	4.72403941720609	0.237382965875212	"nonHDL"	"0.2-0.4"
"rs7088704"	0.0675262353228468	1.89371728823729	0.109808909511357	"nonHDL"	"<0.2"
"rs7089003"	1.49757288001557	9.18326832365478	0.396413200783626	"nonHDL"	"0.2-0.4"
"rs7089058"	0.568636235841013	9.76630095252618	0.420217767903894	"nonHDL"	"0.4-0.6"
"rs7089598"	0.436518914605589	0.0797681136582413	9.74082953647788e-05	"nonHDL"	"<0.2"
"rs7089872"	0.201349354554731	0.843220739621824	0.0418146896264026	"nonHDL"	"<0.2"
"rs7090145"	1.01637371287547	0.0674039803706177	0.00626536247232623	"nonHDL"	"<0.2"
"rs7090217"	0.58838029403677	3.37490475058419	0.045204078862589	"nonHDL"	"<0.2"
"rs7090351"	1.26280735729526	9.30834837322808	0.401261576828224	"nonHDL"	"0.4-0.6"
"rs7090369"	1.23062267392386	0.275251580191576	0.00261529476056581	"nonHDL"	"<0.2"
"rs7090612"	1.2958494831602	0.000688467869952259	0.00626536247232623	"nonHDL"	"<0.2"
"rs7090863"	0.234331445240986	0.945279725474193	0.0500201466549071	"nonHDL"	"<0.2"
"rs7091134"	0.155522824254319	0.619665725613994	0.0636887728301825	"nonHDL"	"<0.2"
"rs7092237"	1.25026368443094	8.63840058307473	0.408568158315282	"nonHDL"	"0.4-0.6"
"rs7092394"	0.319664486585437	1.44228712836295	0.0757513030398649	"nonHDL"	"<0.2"
"rs7092609"	0.164943898279884	0.619665725613994	0.0636887728301825	"nonHDL"	"<0.2"
"rs7093787"	1.03763066432998	2.2557234499524	0.0418150576010238	"nonHDL"	"<0.2"
"rs7094314"	2.03432802877989	2.47605463546024	0.155392563218333	"nonHDL"	"<0.2"
"rs7095318"	0.341035157335565	0.49854635283603	0.034886270172677	"nonHDL"	"<0.2"
"rs7096348"	2.63827216398241	3.84687751076317	0.260724498165299	"nonHDL"	"0.2-0.4"
"rs7096715"	0.679853713888946	5.05959558945658	0.304830382904653	"nonHDL"	"0.2-0.4"
"rs7096757"	0.438898616350944	0.903813254935787	0.0556475630551797	"nonHDL"	"<0.2"
"rs7097080"	0.111820506081675	1.27993914783484	0.0325190466043463	"nonHDL"	"<0.2"
"rs7097208"	1.67778070526608	0.681166892524023	0.000910490048908443	"nonHDL"	"<0.2"
"rs7097297"	0.732828271596986	0.0295736188888087	0.00255611631685548	"nonHDL"	"<0.2"
"rs7097564"	0.96657624451305	2.2557234499524	0.0408967857983183	"nonHDL"	"<0.2"
"rs7097656"	8.40671393297954	20.4045522807741	0.987107533888708	"nonHDL"	">=0.95"
"rs7097741"	0.694648630553376	3.32670901066249	0.252913397017424	"nonHDL"	"0.2-0.4"
"rs7098414"	2.33068311943389	11.1477793185319	0.591250789533514	"nonHDL"	"0.4-0.6"
"rs7098892"	0.440093374963887	0.0797681136582413	9.74082953647788e-05	"nonHDL"	"<0.2"
"rs7098909"	0.0381045263321496	0.123688611364543	0.0278366033450656	"nonHDL"	"<0.2"
"rs7099231"	0.120330794367946	0.0818249225099297	1.75245200223006e-05	"nonHDL"	"<0.2"
"rs7099331"	0.821023052706831	4.9341850905648	0.1567350826618	"nonHDL"	"<0.2"
"rs7099612"	0.896196279044043	2.81733431688134	0.214158847918601	"nonHDL"	"0.2-0.4"
"rs7100689"	3.97469413473523	12.2787072207788	0.656876670036188	"nonHDL"	"0.6-0.8"
"rs7100769"	0.156767221901991	0.619665725613994	0.0636887728301825	"nonHDL"	"<0.2"
"rs7100854"	0.434152181326482	0.0797681136582413	9.74082953647788e-05	"nonHDL"	"<0.2"
"rs71481580"	2.38827669199266	0.186872889455006	0.0206075032425781	"nonHDL"	"<0.2"
"rs71481596"	2.40230481407449	0.0723961252941651	0.0167842486034082	"nonHDL"	"<0.2"
"rs71481597"	2.39469495385889	0.0723961252941651	0.0167842486034082	"nonHDL"	"<0.2"
"rs71483308"	0.101274818410506	0.388937662118808	0.00411204134884262	"nonHDL"	"<0.2"
"rs71483311"	3.05256627811295	4.04135681391548	0.277932837392545	"nonHDL"	"0.2-0.4"
"rs71483314"	0.7594507517174	0.0174972049811236	0.00152749244928016	"nonHDL"	"<0.2"
"rs71483318"	0.809668301829709	0.392042344026402	0.00997062895573504	"nonHDL"	"<0.2"
"rs71501376"	0.183758700008217	2.50182044366587	0.156008415495256	"nonHDL"	"<0.2"
"rs720262"	0.415668775632469	0.290134988416301	0.00159237046397177	"nonHDL"	"<0.2"
"rs72805703"	0.250263684430939	0.0413448719678353	0.0111327836122536	"nonHDL"	"<0.2"
"rs72805704"	0.341988603342888	0.0413448719678353	0.0111327836122536	"nonHDL"	"<0.2"
"rs72805707"	0.355561410532161	0.0413448719678353	0.0111327836122536	"nonHDL"	"<0.2"
"rs72805708"	0.31695296176115	0.0413448719678353	0.0111327836122536	"nonHDL"	"<0.2"
"rs72805710"	0.484126156288321	0.101872933350834	0.0128026161323209	"nonHDL"	"<0.2"
"rs72805711"	0.46344155742847	0.101872933350834	0.0119055065623031	"nonHDL"	"<0.2"
"rs72805712"	2.02319166266193	0.827058637785759	0.0178871145342329	"nonHDL"	"<0.2"
"rs72805713"	0.281498311132726	0.0930290693829786	0.0060019554806888	"nonHDL"	"<0.2"
"rs72805715"	1.93181413825384	0.827058637785759	0.0178871145342329	"nonHDL"	"<0.2"
"rs72805716"	0.508638306165727	0.130430366329859	0.0119724805478996	"nonHDL"	"<0.2"
"rs72805718"	0.223298816011589	0.0930290693829786	0.0060019554806888	"nonHDL"	"<0.2"
"rs72805720"	0.228412519118745	0.0930290693829786	0.0060019554806888	"nonHDL"	"<0.2"
"rs72805722"	0.258060922270801	0.134782282355224	0.00734786317905254	"nonHDL"	"<0.2"
"rs72805723"	2.0204516252959	1.4209461737553	0.00753569946964466	"nonHDL"	"<0.2"
"rs72805726"	0.327902142064283	0.15769412367114	0.00734786317905254	"nonHDL"	"<0.2"
"rs72805729"	0.318758762624413	0.134782282355224	0.00734786317905254	"nonHDL"	"<0.2"
"rs72805736"	2.0762380391713	1.32538224253703	0.0080567522665227	"nonHDL"	"<0.2"
"rs72805741"	1.92081875395238	1.45841202033273	0.00863420937083354	"nonHDL"	"<0.2"
"rs72805745"	0.282329496997738	0.0166633390828672	0.00557350032027073	"nonHDL"	"<0.2"
"rs72805746"	1.83268266525182	0.640084872700519	0.00701905763691958	"nonHDL"	"<0.2"
"rs72805755"	0.048176964684088	0.0347818309148491	0.00364631940150486	"nonHDL"	"<0.2"
"rs72805779"	0.133712660915805	0.782768809747486	0.000202113982908271	"nonHDL"	"<0.2"
"rs72805780"	0.140261433802853	0.782768809747486	0.000683038029533469	"nonHDL"	"<0.2"
"rs72805782"	0.131943638176958	0.782768809747486	0.000683038029533469	"nonHDL"	"<0.2"
"rs72805795"	0.112945621949043	0.262312893158673	6.83587855089591e-06	"nonHDL"	"<0.2"
"rs72809528"	0.3585258894959	0.559859480586112	0.00225643824416713	"nonHDL"	"<0.2"
"rs72809539"	0.45717457304082	0.559859480586112	0.00225643824416713	"nonHDL"	"<0.2"
"rs72809544"	0.450996737974212	0.559859480586112	0.00138991541590912	"nonHDL"	"<0.2"
"rs72809547"	0.500312917381596	0.559859480586112	0.00138991541590912	"nonHDL"	"<0.2"
"rs72809554"	0.585026652029182	0.677817932102845	0.00138991541590912	"nonHDL"	"<0.2"
"rs72809557"	0.319664486585437	0.677817932102845	0.00138991541590912	"nonHDL"	"<0.2"
"rs72809558"	0.598599459218456	0.677817932102845	0.00138991541590912	"nonHDL"	"<0.2"
"rs72809559"	0.508638306165727	0.677817932102845	0.000778393104734412	"nonHDL"	"<0.2"
"rs72813498"	0.617982957425132	0.677817932102845	0.00225643824416713	"nonHDL"	"<0.2"
"rs72813499"	0.686132779630847	0.901906844718628	0.0130457912406236	"nonHDL"	"<0.2"
"rs72815305"	0.503070351926785	0.869138964335565	0.0113466781141313	"nonHDL"	"<0.2"
"rs72815310"	0.694648630553376	0.901906844718628	0.0139134427801982	"nonHDL"	"<0.2"
"rs72815329"	0.787812395596042	0.0788136411023258	0.0211773380783598	"nonHDL"	"<0.2"
"rs72815334"	0.600326278518962	0.677817932102845	0.00225643824416713	"nonHDL"	"<0.2"
"rs72815337"	0.7594507517174	0.0788136411023258	0.0203777511754683	"nonHDL"	"<0.2"
"rs72815345"	1.08039897621589	0.229672402595408	0.0246507592800736	"nonHDL"	"<0.2"
"rs72817596"	0.0883098412461389	1.00771562489615	0.0352920642716285	"nonHDL"	"<0.2"
"rs72819575"	1.56703070912559	4.13592105515266	0.132290154764829	"nonHDL"	"<0.2"
"rs72819577"	1.6345120151091	0.0413448719678353	0.00771179708528108	"nonHDL"	"<0.2"
"rs72819578"	1.6345120151091	0.0413448719678353	0.00771179708528108	"nonHDL"	"<0.2"
"rs72819579"	1.65169513695184	0.0413448719678353	0.00771179708528108	"nonHDL"	"<0.2"
"rs72819584"	0.826813731587726	0.0413448719678353	0.00846336297721061	"nonHDL"	"<0.2"
"rs72819591"	1.25414480482627	0.0413448719678353	0.00811511681339633	"nonHDL"	"<0.2"
"rs72819595"	1.28232949699774	0.0413448719678353	0.00889981276684971	"nonHDL"	"<0.2"
"rs72819601"	1.3269790928711	0.0413448719678353	0.00889981276684971	"nonHDL"	"<0.2"
"rs72821609"	1.2298847052129	0.0413448719678353	0.00970068497917939	"nonHDL"	"<0.2"
"rs72821613"	0.0222763947111523	0.25457073136859	0.000737044833676687	"nonHDL"	"<0.2"
"rs72821616"	0.219682687859849	1.19869715681177	0.0128949402904375	"nonHDL"	"<0.2"
"rs72824335"	0.134896025358872	0.25457073136859	0.000737044833676687	"nonHDL"	"<0.2"
"rs72824337"	1.6458915608526	1.05891213643692	0.0277531600181153	"nonHDL"	"<0.2"
"rs72824338"	1.67162039656126	1.05891213643692	0.0277531600181153	"nonHDL"	"<0.2"
"rs72824340"	0.381951903287907	0.0413448719678353	0.0111327836122536	"nonHDL"	"<0.2"
"rs72824341"	1.75696195131371	0.61404892983156	0.00490713187761205	"nonHDL"	"<0.2"
"rs73294406"	1.04191415147891	0.474565151331591	0.00420826971789444	"nonHDL"	"<0.2"
"rs73294445"	0.452225294612178	0.0797681136582413	9.74082953647788e-05	"nonHDL"	"<0.2"
"rs73299582"	0.417936637088291	0.247361620004575	0.0136433598434865	"nonHDL"	"<0.2"
"rs73301414"	0.543633966870957	0.0295736188888087	0.00255611631685548	"nonHDL"	"<0.2"
"rs73301418"	0.515700160653214	0.0295736188888087	0.00255611631685548	"nonHDL"	"<0.2"
"rs73301467"	0.667561540084395	0.0295736188888087	0.00255611631685548	"nonHDL"	"<0.2"
"rs73301483"	1.00524305541237	0.864355405705437	0.00255611631685548	"nonHDL"	"<0.2"
"rs73303157"	0.818156412055228	0.592006091487676	0.00255611631685548	"nonHDL"	"<0.2"
"rs73303174"	1.16494389827988	0.0474574571042732	0.00255611631685548	"nonHDL"	"<0.2"
"rs73303199"	1.0017406615763	0.491227951729074	0.000208162714504779	"nonHDL"	"<0.2"
"rs73305104"	0.602059991327962	0.105536058634459	0.00255611631685548	"nonHDL"	"<0.2"
"rs73305106"	1.5543957967264	0.0208469494122442	0.00470386358869567	"nonHDL"	"<0.2"
"rs73305108"	0.55129368009492	0.105536058634459	0.00255611631685548	"nonHDL"	"<0.2"
"rs73305111"	0.935542010773082	0.558026942009221	0.0184164188673692	"nonHDL"	"<0.2"
"rs73305113"	0.928117992693875	0.503701505498816	0.0146921005603707	"nonHDL"	"<0.2"
"rs73305114"	0.935542010773082	0.503701505498816	0.0154566681590991	"nonHDL"	"<0.2"
"rs73305115"	0.94692155651658	0.654526285381853	0.0162335461710087	"nonHDL"	"<0.2"
"rs73305120"	1.04383156952464	0.654526285381853	0.0154566681590991	"nonHDL"	"<0.2"
"rs73305122"	1.26280735729526	0.654526285381853	0.0146921005603707	"nonHDL"	"<0.2"
"rs73305140"	1.12205304837081	0.807234678342382	0.0137470847115685	"nonHDL"	"<0.2"
"rs73305142"	1.11975822410452	0.807234678342382	0.0137470847115685	"nonHDL"	"<0.2"
"rs73305144"	1.1180450286604	0.807234678342382	0.0137470847115685	"nonHDL"	"<0.2"
"rs73305195"	0.518557371497695	1.12959609472097	0.0217117651831872	"nonHDL"	"<0.2"
"rs73307107"	0.129011186239425	0.686122238630569	0.000645825505429471	"nonHDL"	"<0.2"
"rs73309230"	0.928117992693875	0.745401173579604	0.010843572880277	"nonHDL"	"<0.2"
"rs73309245"	0.779891911959945	0.6335789107113	0.00380917303817025	"nonHDL"	"<0.2"
"rs73311213"	0.603800652904264	0.65589866348718	0.00074667059766642	"nonHDL"	"<0.2"
"rs73311221"	0.20342566678957	0.334446211864166	0.00366385574791213	"nonHDL"	"<0.2"
"rs73311272"	0.131355561605174	0.566303754431479	0.00255611631685548	"nonHDL"	"<0.2"
"rs73311273"	0.0127807700919951	0.566303754431479	0.00255611631685548	"nonHDL"	"<0.2"
"rs7358283"	0	0.718718859997318	0.00900797066050162	"nonHDL"	"<0.2"
"rs74143116"	1.23882418684427	0.497313473379138	0.00738768345650718	"nonHDL"	"<0.2"
"rs74143117"	0.221848749616356	1.11077507633695	0.000208162714504779	"nonHDL"	"<0.2"
"rs74143119"	0.222573177610689	0.72933280729507	0.000208162714504779	"nonHDL"	"<0.2"
"rs74143132"	1.35951856302958	0.282158974217376	0.0066846372919217	"nonHDL"	"<0.2"
"rs74143134"	0.373659632624958	1.00476287171127	0.00255611631685548	"nonHDL"	"<0.2"
"rs74143136"	0.368556230986828	1.00476287171127	0.00255611631685548	"nonHDL"	"<0.2"
"rs74143168"	0.467245621007502	0.884835659660359	0.0209205286928937	"nonHDL"	"<0.2"
"rs74143174"	2.00480370840282	0.65506765057959	0.000910490048908443	"nonHDL"	"<0.2"
"rs74143175"	1.93930215964639	0.65506765057959	0.000910490048908443	"nonHDL"	"<0.2"
"rs74143176"	1.82390874094432	0.65506765057959	0.000910490048908443	"nonHDL"	"<0.2"
"rs74143200"	0.619788758288394	0.423694362479866	0.00772357673445394	"nonHDL"	"<0.2"
"rs74235055"	0.328827157284917	0.375789088903505	0.000208162714504779	"nonHDL"	"<0.2"
"rs74344040"	1.61618463401957	0.0413448719678353	0.00846336297721061	"nonHDL"	"<0.2"
"rs74356625"	0.0604807473813815	0.401156987254484	0.00262354954430764	"nonHDL"	"<0.2"
"rs74500319"	0.156144577376839	0.292882236659578	0.0023799264715639	"nonHDL"	"<0.2"
"rs74685750"	0.72584215073632	0.140697746944741	0.00581335315380711	"nonHDL"	"<0.2"
"rs74702152"	1.2839966563652	0.113380133723061	0.00626536247232623	"nonHDL"	"<0.2"
"rs7474754"	0.438898616350944	0.0797681136582413	9.74082953647788e-05	"nonHDL"	"<0.2"
"rs74751373"	0.175223537524454	0.702478033487252	0.0419679367096179	"nonHDL"	"<0.2"
"rs7476005"	0.236572006437063	0.0797681136582413	0.000401699581658661	"nonHDL"	"<0.2"
"rs7476007"	0.429457060118103	0.0797681136582413	9.74082953647788e-05	"nonHDL"	"<0.2"
"rs7476139"	0.812479279163537	1.16968148618986	0.0199977799158712	"nonHDL"	"<0.2"
"rs74924000"	0.0245681914907371	1.41189307612839	0.00704037464375467	"nonHDL"	"<0.2"
"rs74949038"	0.154281982033341	0.805280353350868	0.0198461310336818	"nonHDL"	"<0.2"
"rs74949841"	1.62893213772826	0.531824057686701	0.0157993940458804	"nonHDL"	"<0.2"
"rs75089768"	0.954677021213343	0.558026942009221	0.0154566681590991	"nonHDL"	"<0.2"
"rs75098823"	1.69897000433602	0.32003365775686	0.012437813861543	"nonHDL"	"<0.2"
"rs75155642"	0.111259039317107	0.193431370695817	0.00251083204068066	"nonHDL"	"<0.2"
"rs75181364"	0.25649023527157	0.843220739621824	0.0418146896264026	"nonHDL"	"<0.2"
"rs75183035"	0.0150228735845067	0.186365645189187	0.000208162714504779	"nonHDL"	"<0.2"
"rs75226706"	1.09854167860389	0.0674039803706177	0.00626536247232623	"nonHDL"	"<0.2"
"rs75247933"	0.361510743045363	0.49854635283603	0.034886270172677	"nonHDL"	"<0.2"
"rs75307965"	0.522878745280338	0.923687312023142	0.00059840855007521	"nonHDL"	"<0.2"
"rs75323073"	0.485452247339714	0.0803660526114613	0.017885572788959	"nonHDL"	"<0.2"
"rs75379066"	0.0118871597316481	2.08357026733267	0.00612042840633249	"nonHDL"	"<0.2"
"rs75401701"	0.531652669587843	0.31397897002955	2.20992182739789e-05	"nonHDL"	"<0.2"
"rs75419717"	1.33161408331	0.417921857684629	0.0141511931407551	"nonHDL"	"<0.2"
"rs75442315"	0.847711655616944	0.640175896703905	0.0136556910009717	"nonHDL"	"<0.2"
"rs75456003"	0.696803942579511	0.483913033554755	0.000787547620546976	"nonHDL"	"<0.2"
"rs75474894"	0.583359492661719	0.187542557711997	0.000357937246903726	"nonHDL"	"<0.2"
"rs75503642"	1.57186520597121	0.0413448719678353	0.00771179708528108	"nonHDL"	"<0.2"
"rs75549923"	0.0963674839157623	0.119075562485052	0.00255611631685548	"nonHDL"	"<0.2"
"rs756208"	0.286509456906058	8.38756053761708	0.376657279918274	"nonHDL"	"0.2-0.4"
"rs75702394"	0.328827157284917	0.769632835866302	0.0291937100668115	"nonHDL"	"<0.2"
"rs75726624"	1.87289520163519	0.65506765057959	0.000910490048908443	"nonHDL"	"<0.2"
"rs75808472"	1.53165266958784	0.417921857684629	0.0157993940458804	"nonHDL"	"<0.2"
"rs75841224"	0.503070351926785	0.487352952580084	0.0126657313558333	"nonHDL"	"<0.2"
"rs75880892"	1.89279003035213	0.65506765057959	0.000910490048908443	"nonHDL"	"<0.2"
"rs75907892"	1.5654310959658	0.0413448719678353	0.00771179708528108	"nonHDL"	"<0.2"
"rs75909911"	1.67778070526608	0.122673007422981	0.0180127523921373	"nonHDL"	"<0.2"
"rs75935286"	1.6615435063954	0.0413448719678353	0.00771179708528108	"nonHDL"	"<0.2"
"rs759873"	0.207608310501746	0.206303885596209	0.000350530335921853	"nonHDL"	"<0.2"
"rs76038438"	0.406713932979543	0.0955652414063802	0.00255611631685548	"nonHDL"	"<0.2"
"rs76080317"	0.170053304058364	0.0468266874943353	0.00557350032027073	"nonHDL"	"<0.2"
"rs76143299"	1.04431224968649	0.0674039803706177	0.00626536247232623	"nonHDL"	"<0.2"
"rs76152102"	0.213958789757446	0.805296996068177	0.000208162714504779	"nonHDL"	"<0.2"
"rs76200242"	0.707743928643524	0.636668239832609	0.00255611631685548	"nonHDL"	"<0.2"
"rs76262927"	2.11520463605102	1.11184073242763	0.0161702301077218	"nonHDL"	"<0.2"
"rs76298292"	0.0301183562535	1.41189307612839	0.00704037464375467	"nonHDL"	"<0.2"
"rs76371919"	0.747146969020107	2.22446600620079	0.0335738761156051	"nonHDL"	"<0.2"
"rs76387506"	0.860120913598763	0.569970118586033	0.0024453809645195	"nonHDL"	"<0.2"
"rs76411982"	0.27083521030723	0.434789929300188	0.00738768345650718	"nonHDL"	"<0.2"
"rs76442860"	0.598599459218456	0.0168520157808536	0.0187430338470653	"nonHDL"	"<0.2"
"rs76508758"	0.533132379645891	0.0803660526114613	0.0193560912257174	"nonHDL"	"<0.2"
"rs76558489"	0.978810700930062	0.229672402595408	0.0255047300578984	"nonHDL"	"<0.2"
"rs76560809"	1.08039897621589	0.0674039803706177	0.00626536247232623	"nonHDL"	"<0.2"
"rs76589414"	1.3429441471429	0.417921857684629	0.0141511931407551	"nonHDL"	"<0.2"
"rs76656360"	0.181774106386045	0.301127288525135	0.00238224179563534	"nonHDL"	"<0.2"
"rs76698922"	0.226945306635737	0.843220739621824	0.0418146896264026	"nonHDL"	"<0.2"
"rs76776628"	1.59516628338006	0.461218970218154	0.0180127523921373	"nonHDL"	"<0.2"
"rs76779124"	0.742321425130815	0.21898894725188	0.00130255749807372	"nonHDL"	"<0.2"
"rs76786147"	0.0705810742857073	0.455681377994196	0.000738706885048806	"nonHDL"	"<0.2"
"rs76820872"	1.31875876262441	0.417921857684629	0.0141511931407551	"nonHDL"	"<0.2"
"rs76823730"	0.752026733638193	0.266988212618979	0.00117321540278025	"nonHDL"	"<0.2"
"rs769380"	0.379863945026243	0.373302487601351	0.00490491047606603	"nonHDL"	"<0.2"
"rs76941332"	0.482804102050026	0.559859480586112	0.00138991541590912	"nonHDL"	"<0.2"
"rs76986874"	1.84163750790475	0.354653394877749	0.00289737226049849	"nonHDL"	"<0.2"
"rs76995205"	0.0250280057019311	1.17507793025373	0.000865451406652525	"nonHDL"	"<0.2"
"rs77000305"	0.533132379645891	0.0803660526114613	0.017885572788959	"nonHDL"	"<0.2"
"rs77096864"	0.397940008672038	1.00476287171127	0.00255611631685548	"nonHDL"	"<0.2"
"rs77118199"	0.0985416786038876	0.0955652414063802	0.00255611631685548	"nonHDL"	"<0.2"
"rs77129501"	1.34198860334289	0.417921857684629	0.0149693465515641	"nonHDL"	"<0.2"
"rs77161010"	0.651695136951839	0.579806527970848	0.0347483525321293	"nonHDL"	"<0.2"
"rs77164637"	0.126679398184601	0.543858764842309	0.00243306265076783	"nonHDL"	"<0.2"
"rs77244906"	1.68824613894425	0.0413448719678353	0.00846336297721061	"nonHDL"	"<0.2"
"rs77269295"	0.694648630553376	0.855702957580722	0.00010140077110354	"nonHDL"	"<0.2"
"rs77270459"	1.3585258894959	0.113380133723061	0.00626536247232623	"nonHDL"	"<0.2"
"rs77293309"	0.233587152887601	0.863260413063794	0.0418146896264026	"nonHDL"	"<0.2"
"rs77349870"	0.244887733604929	0.256162678154957	0.00201961793343216	"nonHDL"	"<0.2"
"rs77374007"	1.02548830726267	0.152118386097317	0.00559762741190039	"nonHDL"	"<0.2"
"rs77394033"	0.510041520575165	0.0803660526114613	0.0202280193364451	"nonHDL"	"<0.2"
"rs77417851"	1.02410886359821	0.0674039803706177	0.00626536247232623	"nonHDL"	"<0.2"
"rs77545021"	1.80134291304558	0.32003365775686	0.0131696516912621	"nonHDL"	"<0.2"
"rs77564921"	0.232102383981909	0.863260413063794	0.0418146896264026	"nonHDL"	"<0.2"
"rs77585901"	0.370590400897281	0.848942880792422	9.51136940779527e-05	"nonHDL"	"<0.2"
"rs77745801"	0.134303940083929	1.06956142470511	0.00598498016662126	"nonHDL"	"<0.2"
"rs77810325"	1.21538270736712	1.46801172442505	0.00511500416727283	"nonHDL"	"<0.2"
"rs77824090"	0.47755576649368	0.41623349926672	6.17244061654909e-06	"nonHDL"	"<0.2"
"rs77868607"	0.316052869248488	0.253247514732858	0.000787547620546976	"nonHDL"	"<0.2"
"rs77945229"	0.224753740259764	0.887710110296799	0.000208162714504779	"nonHDL"	"<0.2"
"rs77956036"	0.488116639021126	0.120345118300793	0.00266989023656101	"nonHDL"	"<0.2"
"rs77958190"	1.3429441471429	0.417921857684629	0.0141511931407551	"nonHDL"	"<0.2"
"rs77993680"	1.56703070912559	0.00364464945380563	0.00846336297721061	"nonHDL"	"<0.2"
"rs78029190"	1.17263072694617	0.0674039803706177	0.00626536247232623	"nonHDL"	"<0.2"
"rs78077741"	0.0177287669604316	1.41189307612839	0.00704037464375467	"nonHDL"	"<0.2"
"rs78097142"	1.01322826573376	2.72365770069622	0.120661459909598	"nonHDL"	"<0.2"
"rs78227559"	0.876148359032914	0.581367312645935	0.0086475574097811	"nonHDL"	"<0.2"
"rs78263418"	0.464705879957229	0.848942880792422	1.17434098752167e-06	"nonHDL"	"<0.2"
"rs78368710"	0.350665141287858	0.274205120447635	0.0200282803182381	"nonHDL"	"<0.2"
"rs78429616"	0.345823458122039	0.0411290181737439	0.021348920394961	"nonHDL"	"<0.2"
"rs78607715"	0.109020403010311	0.441356218559022	0.000738706885048806	"nonHDL"	"<0.2"
"rs78680144"	0.97061622231479	1.03975380077951	0.0132546335098646	"nonHDL"	"<0.2"
"rs78741120"	1.29157909986529	0.707208038667663	0.0076518922318608	"nonHDL"	"<0.2"
"rs78829712"	0.345823458122039	0.311865945209089	0.0014959398205702	"nonHDL"	"<0.2"
"rs7894153"	0.732828271596986	1.3075346874989	0.01674598633925	"nonHDL"	"<0.2"
"rs7894899"	0.247183568811729	0.00158197250826787	0.0233297680626217	"nonHDL"	"<0.2"
"rs7894923"	0.392544976785331	0.260490945331702	0.000578194242264197	"nonHDL"	"<0.2"
"rs7895042"	0.517126416391246	9.76630095252618	0.422453445616957	"nonHDL"	"0.4-0.6"
"rs7895125"	1.01144104312138	0.860712964526515	0.0198091007426717	"nonHDL"	"<0.2"
"rs78951791"	0.0920514783877277	0.441356218559022	0.000738706885048806	"nonHDL"	"<0.2"
"rs7895413"	2.02965312376991	0.827058637785759	0.0178871145342329	"nonHDL"	"<0.2"
"rs7895661"	0.554395796726402	1.05074567057541	0.0232685392556462	"nonHDL"	"<0.2"
"rs7895779"	1.09474395125155	2.88044720233288	0.213912544612076	"nonHDL"	"0.2-0.4"
"rs7896067"	0.329754146925876	0.605004041083836	0.00162078427950414	"nonHDL"	"<0.2"
"rs7896832"	8.42021640338319	20.4045522807741	0.987107533888708	"nonHDL"	">=0.95"
"rs7897591"	0.202732459169284	0.619665725613994	0.0617628884970156	"nonHDL"	"<0.2"
"rs7897652"	0.903089986991944	0.296166307517955	0.00182461478863089	"nonHDL"	"<0.2"
"rs7897697"	0.75448733218585	1.3075346874989	0.01674598633925	"nonHDL"	"<0.2"
"rs7897708"	2.20411998265592	0.65506765057959	0.000910490048908443	"nonHDL"	"<0.2"
"rs7897994"	1.51286162452281	9.18326832365478	0.396413200783626	"nonHDL"	"0.2-0.4"
"rs7898558"	0.0644927341752872	1.29104824234667	0.0561593725752938	"nonHDL"	"<0.2"
"rs7898568"	0.0609802235513335	1.29104824234667	0.0561593725752938	"nonHDL"	"<0.2"
"rs7898787"	0.896196279044043	4.72403941720609	0.238510949329467	"nonHDL"	"0.2-0.4"
"rs7899513"	0.87942606879415	4.87726655456901	0.229625504908745	"nonHDL"	"0.2-0.4"
"rs7899790"	0	0.166334085447516	0.00013873886066511	"nonHDL"	"<0.2"
"rs7900536"	8.45717457304082	20.4045522807741	0.987107533888708	"nonHDL"	">=0.95"
"rs7900843"	0.166215625343521	0.67395308197069	0.00120118252848935	"nonHDL"	"<0.2"
"rs7900931"	0.406713932979543	0.287065911785976	0.0222298405838237	"nonHDL"	"<0.2"
"rs7900954"	0.586700235918748	0.428158455036695	0.000645825505429471	"nonHDL"	"<0.2"
"rs7901404"	1.70114692359029	2.97777789549229	0.201851824181441	"nonHDL"	"0.2-0.4"
"rs7902071"	1.040481623027	4.87726655456901	0.23885722487625	"nonHDL"	"0.2-0.4"
"rs7902355"	0.821023052706831	1.37757665401361	0.0834005179014591	"nonHDL"	"<0.2"
"rs7902939"	2.14146280243036	2.08191826425289	0.155392563218333	"nonHDL"	"<0.2"
"rs7903701"	1.49894073778225	9.18326832365478	0.396413200783626	"nonHDL"	"0.2-0.4"
"rs7903798"	0.131943638176958	0.718244167803752	0.0241890762681135	"nonHDL"	"<0.2"
"rs79040756"	1.13489602535887	0.0674039803706177	0.00626536247232623	"nonHDL"	"<0.2"
"rs7904536"	0.136677139879544	0.0130706946751978	4.27240828262425e-07	"nonHDL"	"<0.2"
"rs7904557"	2.15614457737684	2.08191826425289	0.155392563218333	"nonHDL"	"<0.2"
"rs7904697"	0.0963674839157623	0.387774729648613	0.0507168870659784	"nonHDL"	"<0.2"
"rs79048666"	1.26121944151563	0.296113916811072	0.00468981995213702	"nonHDL"	"<0.2"
"rs7904867"	0.391473966422806	0.461239067314415	6.7943533129394e-05	"nonHDL"	"<0.2"
"rs7904935"	0.0172766123314547	0.0308940757509243	0.0224262003126975	"nonHDL"	"<0.2"
"rs7905249"	0.22548303427145	0.653312630192283	0.00249274616954301	"nonHDL"	"<0.2"
"rs7905288"	2.4145392704915	1.58050025233203	0.0175895702739395	"nonHDL"	"<0.2"
"rs7905891"	0.235077015350112	3.6080227781931	0.17375232165385	"nonHDL"	"<0.2"
"rs7906131"	0.224753740259764	3.6080227781931	0.17375232165385	"nonHDL"	"<0.2"
"rs79064644"	0.338187314462739	0.117203472839726	0.0171028826944395	"nonHDL"	"<0.2"
"rs7906605"	0.742321425130815	1.3075346874989	0.01674598633925	"nonHDL"	"<0.2"
"rs7906736"	0.821023052706831	9.69561719751093	0.451595993767578	"nonHDL"	"0.4-0.6"
"rs7907224"	0.0114410431213845	1.53168221443509	0.0951758670446034	"nonHDL"	"<0.2"
"rs7907575"	1.11975822410452	4.87726655456901	0.23885722487625	"nonHDL"	"0.2-0.4"
"rs7907770"	0.380906669373257	0.865262051854457	0.0813955532239531	"nonHDL"	"<0.2"
"rs7908544"	0.351639989019068	0.0595427863633833	0.000147809652135727	"nonHDL"	"<0.2"
"rs7908701"	0.380906669373257	0.0710641761602415	9.68324160782956e-05	"nonHDL"	"<0.2"
"rs7909061"	0.109578981199086	0.033479539852754	0.000168512947842558	"nonHDL"	"<0.2"
"rs7909966"	0.165579296318467	0.619665725613994	0.0636887728301825	"nonHDL"	"<0.2"
"rs7910595"	0.106793246940152	0.58856212978817	0.00110500129334594	"nonHDL"	"<0.2"
"rs7910643"	8.44977164694491	20.4045522807741	0.987107533888708	"nonHDL"	">=0.95"
"rs7911454"	0.384049948343599	0.147020732813517	0.014802796309096	"nonHDL"	"<0.2"
"rs7912008"	1.04431224968649	4.73338264417867	0.23885722487625	"nonHDL"	"0.2-0.4"
"rs7912629"	2.14569395819892	2.08191826425289	0.155392563218333	"nonHDL"	"<0.2"
"rs7913282"	0.469800301796918	0.142243067543573	0.000384147895707218	"nonHDL"	"<0.2"
"rs7914156"	0.809668301829709	9.31247638946903	0.37286748901672	"nonHDL"	"0.2-0.4"
"rs7914246"	0.297569463554475	0.216520922404547	0.00121003232734623	"nonHDL"	"<0.2"
"rs7914621"	0.892790030352132	4.87726655456901	0.229625504908745	"nonHDL"	"0.2-0.4"
"rs7914650"	0.0236500209967266	0.327556691967202	0.0311165831619572	"nonHDL"	"<0.2"
"rs79154216"	1.32513885926219	0.316248930468645	0.00846336297721061	"nonHDL"	"<0.2"
"rs7915642"	1.15428198203334	2.2557234499524	0.0420376690938455	"nonHDL"	"<0.2"
"rs7916349"	1.0329202658555	4.87726655456901	0.23885722487625	"nonHDL"	"0.2-0.4"
"rs7916467"	0.337242168318426	0.863863110909874	0.00843094660263655	"nonHDL"	"<0.2"
"rs7916618"	0.536107011014093	0.0803660526114613	0.017885572788959	"nonHDL"	"<0.2"
"rs7916858"	0.732828271596986	0.0212868742858442	0.000640055101676892	"nonHDL"	"<0.2"
"rs7917136"	1.08884239126002	2.88044720233288	0.213912544612076	"nonHDL"	"0.2-0.4"
"rs7917145"	1.1007268126824	2.88044720233288	0.213912544612076	"nonHDL"	"0.2-0.4"
"rs7917419"	2.07675598136972	2.08191826425289	0.158490021571067	"nonHDL"	"<0.2"
"rs7918509"	0.108462542327436	0.0818249225099297	1.75245200223006e-05	"nonHDL"	"<0.2"
"rs79192278"	0.342944147142896	0.129980808833985	0.000633091248726306	"nonHDL"	"<0.2"
"rs79192970"	2.18111458540599	2.68432977808036	0.0288345481259277	"nonHDL"	"<0.2"
"rs7919380"	1.51999305704285	9.18326832365478	0.396413200783626	"nonHDL"	"0.2-0.4"
"rs7920037"	0.166852888087215	0.619665725613994	0.0636887728301825	"nonHDL"	"<0.2"
"rs79207756"	0.735182176990464	0.653064444601374	0.00126668348206216	"nonHDL"	"<0.2"
"rs7920944"	0.596879478824182	0.187426862570042	0.00013873886066511	"nonHDL"	"<0.2"
"rs7922492"	0.732828271596986	1.3075346874989	0.01674598633925	"nonHDL"	"<0.2"
"rs7922621"	8.4294570601181	20.4045522807741	0.987107533888708	"nonHDL"	">=0.95"
"rs7923028"	1.7281583934635	2.75730455863665	0.201851824181441	"nonHDL"	"0.2-0.4"
"rs7923366"	0.0639892042847904	7.57170156612278	0.379387949328425	"nonHDL"	"0.2-0.4"
"rs7923403"	0.472370099128661	0.142243067543573	0.000461486436617162	"nonHDL"	"<0.2"
"rs7923730"	0.752026733638193	1.3075346874989	0.01674598633925	"nonHDL"	"<0.2"
"rs79246134"	1.97061622231479	0.65506765057959	0.000910490048908443	"nonHDL"	"<0.2"
"rs79291416"	1.91721462968355	0.65506765057959	0.000910490048908443	"nonHDL"	"<0.2"
"rs79372878"	1.78781239559604	0.32003365775686	0.0134086538885587	"nonHDL"	"<0.2"
"rs79468664"	1.60205999132796	0.0413448719678353	0.00846336297721061	"nonHDL"	"<0.2"
"rs79470528"	0.34008379993015	0.49854635283603	0.034886270172677	"nonHDL"	"<0.2"
"rs79598430"	1.53760200210104	0.0413448719678353	0.00846336297721061	"nonHDL"	"<0.2"
"rs79689805"	0.440093374963887	0.694691632135856	0.00613272995929454	"nonHDL"	"<0.2"
"rs79808886"	0.211831628858832	0.099256645800077	0.00426170364690466	"nonHDL"	"<0.2"
"rs79819901"	1.08039897621589	3.20708117289253	0.234095211025029	"nonHDL"	"0.2-0.4"
"rs79850083"	0.341988603342888	0.0955652414063802	0.00255611631685548	"nonHDL"	"<0.2"
"rs79863649"	1.30627305107635	0.316248930468645	0.00846336297721061	"nonHDL"	"<0.2"
"rs79906291"	0.105683937315562	0.262312893158673	6.83587855089591e-06	"nonHDL"	"<0.2"
"rs80007362"	0.528708288941061	0.271074300122799	2.64771187529487e-05	"nonHDL"	"<0.2"
"rs80076998"	1.98296666070122	0.32003365775686	0.0117193913699997	"nonHDL"	"<0.2"
"rs80099951"	0.484126156288321	0.559859480586112	0.00138991541590912	"nonHDL"	"<0.2"
"rs80130113"	0.0163737128754655	0.729335136020485	0.00255611631685548	"nonHDL"	"<0.2"
"rs80189312"	0.233587152887601	1.10344347113614	0.0115542819185175	"nonHDL"	"<0.2"
"rs80234129"	1.28650945690606	0.707208038667663	0.00738768345650718	"nonHDL"	"<0.2"
"rs873257"	6.95467702121334	3.17071810329384	0.202594710202155	"nonHDL"	"0.2-0.4"
"rs873258"	5.57186520597121	2.33942478078653	0.148701634972896	"nonHDL"	"<0.2"
"rs873259"	6.95860731484178	3.17071810329384	0.202594710202155	"nonHDL"	"0.2-0.4"
"rs873395"	0.242603971206976	8.38756053761708	0.376657279918274	"nonHDL"	"0.2-0.4"
"rs878651"	0.752026733638193	0.844873567788185	0.0699284661662089	"nonHDL"	"<0.2"
"rs878652"	0.324221658325915	0.921963904532272	0.0220878601675808	"nonHDL"	"<0.2"
"rs882682"	6.5670307091256	3.14627563402157	0.222103259243336	"nonHDL"	"0.2-0.4"
"rs9325452"	0.128427064454121	1.0257398379749	0.00762938990475722	"nonHDL"	"<0.2"
"rs9325460"	0.168130225719498	0.0903953025525548	6.92600054950088e-05	"nonHDL"	"<0.2"
"rs9420349"	0.273272790973428	7.6141078652876	0.374766127760853	"nonHDL"	"0.2-0.4"
"rs9420359"	0.382999658879101	8.3058249216585	0.385876300433001	"nonHDL"	"0.2-0.4"
"rs9420370"	1.06398920428479	9.31247638946903	0.370970591322728	"nonHDL"	"0.2-0.4"
"rs9420491"	0.365522729839268	0.849903944046904	0.00343332530314428	"nonHDL"	"<0.2"
"rs9420492"	0.149966742310231	0.77244235311436	0.00129888091012876	"nonHDL"	"<0.2"
"rs9420494"	0.0721165896692931	0.459297717672436	0.000689933727754989	"nonHDL"	"<0.2"
"rs9420495"	0.54515513999149	0.898909674323499	0.00551326278095019	"nonHDL"	"<0.2"
"rs9420496"	0.769551078621726	0.512513762434138	1.25034902663727e-06	"nonHDL"	"<0.2"
"rs9420497"	0.692503962086787	0.376853091082554	0.0053732726353913	"nonHDL"	"<0.2"
"rs9420499"	0.525783735923745	1.09807385167244	0.00613278491779649	"nonHDL"	"<0.2"
"rs9420501"	0.45717457304082	1.1509548426627	0.00692010185045416	"nonHDL"	"<0.2"
"rs9420502"	0.576754126063192	0.257724317172851	0.000308879427724451	"nonHDL"	"<0.2"
"rs9421449"	1.73518217699046	0.122673007422981	0.0180127523921373	"nonHDL"	"<0.2"
"rs9421450"	0.580044251510242	0.415565869080933	0.01686943243102	"nonHDL"	"<0.2"
"rs9421464"	0.301029995663981	8.10327046124905	0.374766127760853	"nonHDL"	"0.2-0.4"
"rs9421673"	0.1438755557577	0.687503177916613	0.00333787714199725	"nonHDL"	"<0.2"
"rs9421678"	1.00261361560269	0.590381304758102	0.00447733077253918	"nonHDL"	"<0.2"
"rs9421681"	0.0936649581949093	0.306933786552045	0.00130749925851725	"nonHDL"	"<0.2"
"rs9421682"	0.0570004066339595	0.212145084712752	0.00329616558006622	"nonHDL"	"<0.2"
"rs9421683"	0.671620396561262	0.428849239890049	0.00593853047980608	"nonHDL"	"<0.2"
"rs9421684"	1.06752623532285	0.341750999503298	0.00640956388126739	"nonHDL"	"<0.2"
"rs9421690"	0.539102157243452	0.274542491765909	0.000308879427724451	"nonHDL"	"<0.2"
"rs9421691"	0.55129368009492	0.529708610841531	0.00017807561962283	"nonHDL"	"<0.2"
"rs9421693"	0.552841968657781	0.529708610841531	0.00026275358750176	"nonHDL"	"<0.2"
"rs946889"	1.87942606879415	0.732152706436846	0.012437813861543	"nonHDL"	"<0.2"
"rs946892"	1.50584540598156	9.18326832365478	0.396413200783626	"nonHDL"	"0.2-0.4"
"rs946893"	0.255707016877324	8.32483872135799	0.380766122895907	"nonHDL"	"0.2-0.4"
"rs9633739"	9.26760624017703	4.72432477391282	0.287758108085505	"nonHDL"	"0.2-0.4"
"rs9633740"	8.7594507517174	19.777889883769	0.993524634828474	"nonHDL"	">=0.95"
"rs9651483"	1.3767507096021	0.896473358382158	0.0166409434321569	"nonHDL"	"<0.2"
"rs9663163"	0.55129368009492	9.76630095252618	0.420217767903894	"nonHDL"	"0.4-0.6"
"rs9665686"	1.65757731917779	1.26754833810616	0.0837973819172986	"nonHDL"	"<0.2"
"rs9703804"	1.04817696468409	9.31247638946903	0.370970591322728	"nonHDL"	"0.2-0.4"
"rs9730767"	0.0172766123314547	1.04387865267325	0.00762938990475722	"nonHDL"	"<0.2"
"rs9804223"	1.36151074304536	9.18326832365478	0.396413200783626	"nonHDL"	"0.2-0.4"
"rs9804233"	1.49894073778225	9.18326832365478	0.396413200783626	"nonHDL"	"0.2-0.4"
"rs9804236"	1.37365963262496	9.18326832365478	0.396413200783626	"nonHDL"	"0.2-0.4"
"rs9888061"	0.343901797987168	0.0518140221779264	8.16409491145678e-08	"nonHDL"	"<0.2"
"rs9971172"	0.673664139071249	0.172166306108445	1.60595340597417e-06	"nonHDL"	"<0.2"
"rs9971214"	0.253365801062421	0.0886170429056799	2.86883116821057e-06	"nonHDL"	"<0.2"
