sample_id	donor_id	tissue	ex5_6	ex6_7	log_ex5_6	log_ex6_7
"GTEX-1117F-3226-SM-5N9CT"	"GTEX-1117F"	"Brain - Cortex"	35	32	3.58351893845611	3.49650756146648
"GTEX-111FC-3126-SM-5GZZ2"	"GTEX-111FC"	"Brain - Cortex"	52	46	3.97029191355212	3.85014760171006
"GTEX-111FC-3326-SM-5GZYV"	"GTEX-111FC"	"Brain - Cerebellum"	15	15	2.77258872223978	2.77258872223978
"GTEX-1128S-2726-SM-5H12C"	"GTEX-1128S"	"Brain - Cortex"	69	57	4.24849524204936	4.06044301054642
"GTEX-1128S-2826-SM-5N9DI"	"GTEX-1128S"	"Brain - Cerebellum"	19	14	2.99573227355399	2.70805020110221
"GTEX-117XS-3026-SM-5N9CA"	"GTEX-117XS"	"Brain - Cortex"	83	70	4.43081679884331	4.26267987704132
"GTEX-117XS-3126-SM-5GIDP"	"GTEX-117XS"	"Brain - Cerebellum"	13	19	2.63905732961526	2.99573227355399
"GTEX-1192X-0011-R10a-SM-DO941"	"GTEX-1192X"	"Brain - Frontal Cortex (BA9)"	81	74	4.40671924726425	4.31748811353631
"GTEX-1192X-0011-R5a-SM-DNZZA"	"GTEX-1192X"	"Brain - Caudate (basal ganglia)"	79	68	4.38202663467388	4.23410650459726
"GTEX-1192X-0011-R6a-SM-DNZZB"	"GTEX-1192X"	"Brain - Nucleus accumbens (basal ganglia)"	55	47	4.02535169073515	3.87120101090789
"GTEX-1192X-0011-R7b-SM-DNZZC"	"GTEX-1192X"	"Brain - Putamen (basal ganglia)"	83	52	4.43081679884331	3.97029191355212
"GTEX-1192X-0011-R8b-SM-DO11U"	"GTEX-1192X"	"Brain - Hypothalamus"	74	55	4.31748811353631	4.02535169073515
"GTEX-1192X-0011-R9b-SM-DO934"	"GTEX-1192X"	"Brain - Spinal cord (cervical c-1)"	105	75	4.66343909411207	4.33073334028633
"GTEX-1192X-3126-SM-5N9BY"	"GTEX-1192X"	"Brain - Cortex"	67	49	4.21950770517611	3.91202300542815
"GTEX-1192X-3226-SM-5987D"	"GTEX-1192X"	"Brain - Cerebellum"	14	9	2.70805020110221	2.30258509299405
"GTEX-11DXW-0011-R1a-SM-DNZZD"	"GTEX-11DXW"	"Brain - Hippocampus"	52	21	3.97029191355212	3.09104245335832
"GTEX-11DXW-0011-R3b-SM-DNZZE"	"GTEX-11DXW"	"Brain - Anterior cingulate cortex (BA24)"	42	30	3.76120011569356	3.43398720448515
"GTEX-11DXW-0011-R5b-SM-DO11D"	"GTEX-11DXW"	"Brain - Caudate (basal ganglia)"	30	27	3.43398720448515	3.3322045101752
"GTEX-11DXW-0011-R6a-SM-DO11N"	"GTEX-11DXW"	"Brain - Nucleus accumbens (basal ganglia)"	31	17	3.46573590279973	2.89037175789616
"GTEX-11DXW-0011-R7b-SM-DO119"	"GTEX-11DXW"	"Brain - Putamen (basal ganglia)"	24	22	3.2188758248682	3.13549421592915
"GTEX-11DXW-1026-SM-5H11K"	"GTEX-11DXW"	"Brain - Cerebellum"	12	9	2.56494935746154	2.30258509299405
"GTEX-11DXW-1126-SM-5H12Q"	"GTEX-11DXW"	"Brain - Cortex"	61	55	4.12713438504509	4.02535169073515
"GTEX-11DXY-0011-R10b-SM-DO12C"	"GTEX-11DXY"	"Brain - Frontal Cortex (BA9)"	88	62	4.48863636973214	4.14313472639153
"GTEX-11DXY-0011-R11a-SM-DNZZN"	"GTEX-11DXY"	"Brain - Cerebellar Hemisphere"	25	17	3.25809653802148	2.89037175789616
"GTEX-11DXY-0011-R5b-SM-DNZZL"	"GTEX-11DXY"	"Brain - Caudate (basal ganglia)"	40	37	3.71357206670431	3.63758615972639
"GTEX-11DXY-0011-R6a-SM-DNZZF"	"GTEX-11DXY"	"Brain - Nucleus accumbens (basal ganglia)"	66	53	4.20469261939097	3.98898404656427
"GTEX-11DXY-0011-R7a-SM-DO11L"	"GTEX-11DXY"	"Brain - Putamen (basal ganglia)"	43	31	3.78418963391826	3.46573590279973
"GTEX-11DXY-0011-R8a-SM-DO11M"	"GTEX-11DXY"	"Brain - Hypothalamus"	34	21	3.55534806148941	3.09104245335832
"GTEX-11DXY-3126-SM-5N9BT"	"GTEX-11DXY"	"Brain - Cerebellum"	24	14	3.2188758248682	2.70805020110221
"GTEX-11DXY-3226-SM-5GIDE"	"GTEX-11DXY"	"Brain - Cortex"	51	48	3.95124371858143	3.89182029811063
"GTEX-11DYG-0011-R10b-SM-DNZZO"	"GTEX-11DYG"	"Brain - Frontal Cortex (BA9)"	56	53	4.04305126783455	3.98898404656427
"GTEX-11DYG-0011-R11a-SM-DNZZP"	"GTEX-11DYG"	"Brain - Cerebellar Hemisphere"	13	17	2.63905732961526	2.89037175789616
"GTEX-11DYG-0011-R5a-SM-DO928"	"GTEX-11DYG"	"Brain - Caudate (basal ganglia)"	34	32	3.55534806148941	3.49650756146648
"GTEX-11DYG-0011-R6a-SM-DO936"	"GTEX-11DYG"	"Brain - Nucleus accumbens (basal ganglia)"	40	27	3.71357206670431	3.3322045101752
"GTEX-11DYG-0011-R7b-SM-EXUS6"	"GTEX-11DYG"	"Brain - Putamen (basal ganglia)"	32	26	3.49650756146648	3.29583686600433
"GTEX-11DYG-0011-R8a-SM-DO93F"	"GTEX-11DYG"	"Brain - Hypothalamus"	33	32	3.52636052461616	3.49650756146648
"GTEX-11DYG-2926-SM-5H132"	"GTEX-11DYG"	"Brain - Cerebellum"	15	19	2.77258872223978	2.99573227355399
"GTEX-11DZ1-0011-R10b-SM-DO943"	"GTEX-11DZ1"	"Brain - Frontal Cortex (BA9)"	43	39	3.78418963391826	3.68887945411394
"GTEX-11DZ1-0011-R11b-SM-DO11W"	"GTEX-11DZ1"	"Brain - Cerebellar Hemisphere"	6	6	1.94591014905531	1.94591014905531
"GTEX-11DZ1-0011-R2a-SM-DNZZM"	"GTEX-11DZ1"	"Brain - Substantia nigra"	59	53	4.0943445622221	3.98898404656427
"GTEX-11DZ1-0011-R3a-SM-DNZYY"	"GTEX-11DZ1"	"Brain - Anterior cingulate cortex (BA24)"	50	60	3.93182563272433	4.11087386417331
"GTEX-11DZ1-0011-R5a-SM-DO11J"	"GTEX-11DZ1"	"Brain - Caudate (basal ganglia)"	49	51	3.91202300542815	3.95124371858143
"GTEX-11DZ1-0011-R6b-SM-DNZZG"	"GTEX-11DZ1"	"Brain - Nucleus accumbens (basal ganglia)"	53	47	3.98898404656427	3.87120101090789
"GTEX-11DZ1-0011-R7a-SM-DNZZH"	"GTEX-11DZ1"	"Brain - Putamen (basal ganglia)"	55	44	4.02535169073515	3.80666248977032
"GTEX-11DZ1-0011-R8b-SM-DNZZI"	"GTEX-11DZ1"	"Brain - Hypothalamus"	45	56	3.8286413964891	4.04305126783455
"GTEX-11DZ1-0011-R9a-SM-DO933"	"GTEX-11DZ1"	"Brain - Spinal cord (cervical c-1)"	161	122	5.08759633523238	4.81218435537242
"GTEX-11DZ1-2926-SM-5A5KI"	"GTEX-11DZ1"	"Brain - Cerebellum"	16	15	2.83321334405622	2.77258872223978
"GTEX-11EI6-0011-R10a-SM-DO93R"	"GTEX-11EI6"	"Brain - Frontal Cortex (BA9)"	45	35	3.8286413964891	3.58351893845611
"GTEX-11EI6-0011-R11a-SM-DO11V"	"GTEX-11EI6"	"Brain - Cerebellar Hemisphere"	12	8	2.56494935746154	2.19722457733622
"GTEX-11EI6-0011-R1a-SM-DO93L"	"GTEX-11EI6"	"Brain - Hippocampus"	42	43	3.76120011569356	3.78418963391826
"GTEX-11EI6-0011-R8a-SM-DO93M"	"GTEX-11EI6"	"Brain - Hypothalamus"	17	11	2.89037175789616	2.484906649788
"GTEX-11EI6-2926-SM-5985U"	"GTEX-11EI6"	"Brain - Cerebellum"	19	15	2.99573227355399	2.77258872223978
"GTEX-11EI6-3026-SM-5GZZO"	"GTEX-11EI6"	"Brain - Cortex"	56	49	4.04305126783455	3.91202300542815
"GTEX-11EMC-0011-R10a-SM-DNZZJ"	"GTEX-11EMC"	"Brain - Frontal Cortex (BA9)"	46	46	3.85014760171006	3.85014760171006
"GTEX-11EMC-0011-R11b-SM-DNZZK"	"GTEX-11EMC"	"Brain - Cerebellar Hemisphere"	4	1	1.6094379124341	0.693147180559945
"GTEX-11EMC-0011-R2b-SM-DO114"	"GTEX-11EMC"	"Brain - Substantia nigra"	33	22	3.52636052461616	3.13549421592915
"GTEX-11EMC-0011-R8b-SM-DO91Z"	"GTEX-11EMC"	"Brain - Hypothalamus"	21	18	3.09104245335832	2.94443897916644
"GTEX-11EMC-0011-R9b-SM-DO921"	"GTEX-11EMC"	"Brain - Spinal cord (cervical c-1)"	68	53	4.23410650459726	3.98898404656427
"GTEX-11EMC-3226-SM-5EGKW"	"GTEX-11EMC"	"Brain - Cortex"	45	52	3.8286413964891	3.97029191355212
"GTEX-11EMC-3326-SM-5P9JH"	"GTEX-11EMC"	"Brain - Cerebellum"	34	26	3.55534806148941	3.29583686600433
"GTEX-11GS4-0011-R1a-SM-DO129"	"GTEX-11GS4"	"Brain - Hippocampus"	25	19	3.25809653802148	2.99573227355399
"GTEX-11GS4-0011-R2a-SM-DO942"	"GTEX-11GS4"	"Brain - Substantia nigra"	13	8	2.63905732961526	2.19722457733622
"GTEX-11GS4-3126-SM-5A5LH"	"GTEX-11GS4"	"Brain - Cortex"	29	35	3.40119738166216	3.58351893845611
"GTEX-11GSO-0011-R1b-SM-57WD3"	"GTEX-11GSO"	"Brain - Hippocampus"	48	47	3.89182029811063	3.87120101090789
"GTEX-11GSO-0011-R2a-SM-57WDF"	"GTEX-11GSO"	"Brain - Substantia nigra"	23	26	3.17805383034795	3.29583686600433
"GTEX-11GSO-0011-R3b-SM-57WB2"	"GTEX-11GSO"	"Brain - Anterior cingulate cortex (BA24)"	46	39	3.85014760171006	3.68887945411394
"GTEX-11GSO-2926-SM-5HL73"	"GTEX-11GSO"	"Brain - Cortex"	54	47	4.00733318523247	3.87120101090789
"GTEX-11GSO-3026-SM-5Q5AL"	"GTEX-11GSO"	"Brain - Cerebellum"	19	20	2.99573227355399	3.04452243772342
"GTEX-11GSP-0011-R10a-SM-5NQ7J"	"GTEX-11GSP"	"Brain - Frontal Cortex (BA9)"	35	24	3.58351893845611	3.2188758248682
"GTEX-11GSP-0011-R11b-SM-5NQ7V"	"GTEX-11GSP"	"Brain - Cerebellar Hemisphere"	3	3	1.38629436111989	1.38629436111989
"GTEX-11GSP-0011-R1a-SM-9QEJ3"	"GTEX-11GSP"	"Brain - Hippocampus"	8	12	2.19722457733622	2.56494935746154
"GTEX-11GSP-0011-R2b-SM-9QEGE"	"GTEX-11GSP"	"Brain - Substantia nigra"	27	25	3.3322045101752	3.25809653802148
"GTEX-11GSP-0011-R3a-SM-9QEGF"	"GTEX-11GSP"	"Brain - Anterior cingulate cortex (BA24)"	22	14	3.13549421592915	2.70805020110221
"GTEX-11GSP-0011-R5a-SM-57WBE"	"GTEX-11GSP"	"Brain - Caudate (basal ganglia)"	28	26	3.36729582998647	3.29583686600433
"GTEX-11GSP-0011-R6b-SM-57WBQ"	"GTEX-11GSP"	"Brain - Nucleus accumbens (basal ganglia)"	38	27	3.66356164612965	3.3322045101752
"GTEX-11GSP-0011-R7b-SM-57WC3"	"GTEX-11GSP"	"Brain - Putamen (basal ganglia)"	26	30	3.29583686600433	3.43398720448515
"GTEX-11GSP-0011-R8b-SM-5NQ79"	"GTEX-11GSP"	"Brain - Hypothalamus"	21	19	3.09104245335832	2.99573227355399
"GTEX-11GSP-0011-R9b-SM-5NQ77"	"GTEX-11GSP"	"Brain - Spinal cord (cervical c-1)"	21	15	3.09104245335832	2.77258872223978
"GTEX-11GSP-3126-SM-5A5LL"	"GTEX-11GSP"	"Brain - Cerebellum"	20	8	3.04452243772342	2.19722457733622
"GTEX-11GSP-3226-SM-5986O"	"GTEX-11GSP"	"Brain - Cortex"	52	43	3.97029191355212	3.78418963391826
"GTEX-11H98-0011-R10b-SM-5NQ98"	"GTEX-11H98"	"Brain - Frontal Cortex (BA9)"	60	55	4.11087386417331	4.02535169073515
"GTEX-11H98-0011-R11b-SM-5NQ6U"	"GTEX-11H98"	"Brain - Cerebellar Hemisphere"	15	14	2.77258872223978	2.70805020110221
"GTEX-11H98-0011-R5b-SM-57WCF"	"GTEX-11H98"	"Brain - Caudate (basal ganglia)"	59	38	4.0943445622221	3.66356164612965
"GTEX-11H98-0011-R8a-SM-5NQ8V"	"GTEX-11H98"	"Brain - Hypothalamus"	51	36	3.95124371858143	3.61091791264422
"GTEX-11NUK-0011-R4a-SM-DO12B"	"GTEX-11NUK"	"Brain - Amygdala"	49	39	3.91202300542815	3.68887945411394
"GTEX-11NUK-0011-R5a-SM-DO93N"	"GTEX-11NUK"	"Brain - Caudate (basal ganglia)"	53	45	3.98898404656427	3.8286413964891
"GTEX-11NUK-0011-R6a-SM-DO93O"	"GTEX-11NUK"	"Brain - Nucleus accumbens (basal ganglia)"	46	39	3.85014760171006	3.68887945411394
"GTEX-11NUK-0011-R7a-SM-DO93P"	"GTEX-11NUK"	"Brain - Putamen (basal ganglia)"	40	40	3.71357206670431	3.71357206670431
"GTEX-11NUK-2926-SM-5A5MD"	"GTEX-11NUK"	"Brain - Cortex"	93	78	4.54329478227	4.36944785246702
"GTEX-11NUK-3026-SM-5986K"	"GTEX-11NUK"	"Brain - Cerebellum"	16	9	2.83321334405622	2.30258509299405
"GTEX-11NV4-0011-R5a-SM-5NQ88"	"GTEX-11NV4"	"Brain - Caudate (basal ganglia)"	35	20	3.58351893845611	3.04452243772342
"GTEX-11NV4-0011-R6a-SM-57WD5"	"GTEX-11NV4"	"Brain - Nucleus accumbens (basal ganglia)"	33	41	3.52636052461616	3.73766961828337
"GTEX-11NV4-0011-R7a-SM-57WDH"	"GTEX-11NV4"	"Brain - Putamen (basal ganglia)"	23	27	3.17805383034795	3.3322045101752
"GTEX-11NV4-2126-SM-5N9DS"	"GTEX-11NV4"	"Brain - Cortex"	36	34	3.61091791264422	3.55534806148941
"GTEX-11NV4-2226-SM-5BC4T"	"GTEX-11NV4"	"Brain - Cerebellum"	17	11	2.89037175789616	2.484906649788
"GTEX-11O72-0011-R5a-SM-DO922"	"GTEX-11O72"	"Brain - Caudate (basal ganglia)"	89	60	4.49980967033027	4.11087386417331
"GTEX-11O72-0011-R6a-SM-DNZZQ"	"GTEX-11O72"	"Brain - Nucleus accumbens (basal ganglia)"	80	59	4.39444915467244	4.0943445622221
"GTEX-11O72-2826-SM-5HL6W"	"GTEX-11O72"	"Brain - Cerebellum"	17	23	2.89037175789616	3.17805383034795
"GTEX-11O72-2926-SM-5BC4V"	"GTEX-11O72"	"Brain - Cortex"	44	36	3.80666248977032	3.61091791264422
"GTEX-11OC5-0626-SM-5HL6M"	"GTEX-11OC5"	"Brain - Cerebellum"	23	22	3.17805383034795	3.13549421592915
"GTEX-11OC5-0726-SM-5P9JK"	"GTEX-11OC5"	"Brain - Cortex"	114	90	4.74493212836325	4.51085950651685
"GTEX-11OF3-0011-R11a-SM-57WCR"	"GTEX-11OF3"	"Brain - Cerebellar Hemisphere"	6	4	1.94591014905531	1.6094379124341
"GTEX-11OF3-0011-R5a-SM-57WB4"	"GTEX-11OF3"	"Brain - Caudate (basal ganglia)"	41	38	3.73766961828337	3.66356164612965
"GTEX-11OF3-0011-R6b-SM-57WBG"	"GTEX-11OF3"	"Brain - Nucleus accumbens (basal ganglia)"	42	33	3.76120011569356	3.52636052461616
"GTEX-11OF3-0011-R7a-SM-57WCG"	"GTEX-11OF3"	"Brain - Putamen (basal ganglia)"	31	28	3.46573590279973	3.36729582998647
"GTEX-11OF3-0011-R8b-SM-57WCS"	"GTEX-11OF3"	"Brain - Hypothalamus"	21	12	3.09104245335832	2.56494935746154
"GTEX-11OF3-2926-SM-5HL78"	"GTEX-11OF3"	"Brain - Cortex"	11	9	2.484906649788	2.30258509299405
"GTEX-11ONC-0011-R1a-SM-57WD4"	"GTEX-11ONC"	"Brain - Hippocampus"	24	26	3.2188758248682	3.29583686600433
"GTEX-11ONC-0011-R4b-SM-DO93H"	"GTEX-11ONC"	"Brain - Amygdala"	16	22	2.83321334405622	3.13549421592915
"GTEX-11ONC-0011-R5b-SM-DO93I"	"GTEX-11ONC"	"Brain - Caudate (basal ganglia)"	49	40	3.91202300542815	3.71357206670431
"GTEX-11ONC-0011-R6a-SM-DO12A"	"GTEX-11ONC"	"Brain - Nucleus accumbens (basal ganglia)"	28	20	3.36729582998647	3.04452243772342
"GTEX-11ONC-0011-R7b-SM-DO93J"	"GTEX-11ONC"	"Brain - Putamen (basal ganglia)"	37	31	3.63758615972639	3.46573590279973
"GTEX-11ONC-0011-R8b-SM-5NQ87"	"GTEX-11ONC"	"Brain - Hypothalamus"	11	13	2.484906649788	2.63905732961526
"GTEX-11ONC-0011-R9b-SM-5NQ8J"	"GTEX-11ONC"	"Brain - Spinal cord (cervical c-1)"	36	36	3.61091791264422	3.61091791264422
"GTEX-11ONC-2926-SM-5P9JM"	"GTEX-11ONC"	"Brain - Cortex"	58	44	4.07753744390572	3.80666248977032
"GTEX-11ONC-3026-SM-5985W"	"GTEX-11ONC"	"Brain - Cerebellum"	14	11	2.70805020110221	2.484906649788
"GTEX-11PRG-0011-R10b-SM-DO93G"	"GTEX-11PRG"	"Brain - Frontal Cortex (BA9)"	60	42	4.11087386417331	3.76120011569356
"GTEX-11PRG-0011-R11b-SM-DNZZY"	"GTEX-11PRG"	"Brain - Cerebellar Hemisphere"	24	11	3.2188758248682	2.484906649788
"GTEX-11PRG-0011-R2a-SM-69LQ5"	"GTEX-11PRG"	"Brain - Substantia nigra"	31	36	3.46573590279973	3.61091791264422
"GTEX-11PRG-0011-R4a-SM-DNZZR"	"GTEX-11PRG"	"Brain - Amygdala"	74	72	4.31748811353631	4.29045944114839
"GTEX-11PRG-0011-R5b-SM-DNZZS"	"GTEX-11PRG"	"Brain - Caudate (basal ganglia)"	61	42	4.12713438504509	3.76120011569356
"GTEX-11PRG-0011-R6b-SM-DO923"	"GTEX-11PRG"	"Brain - Nucleus accumbens (basal ganglia)"	51	45	3.95124371858143	3.8286413964891
"GTEX-11PRG-0011-R7a-SM-DNZZT"	"GTEX-11PRG"	"Brain - Putamen (basal ganglia)"	36	31	3.61091791264422	3.46573590279973
"GTEX-11PRG-2826-SM-5BC54"	"GTEX-11PRG"	"Brain - Cerebellum"	19	19	2.99573227355399	2.99573227355399
"GTEX-11PRG-2926-SM-5987A"	"GTEX-11PRG"	"Brain - Cortex"	56	49	4.04305126783455	3.91202300542815
"GTEX-11TTK-0011-R10b-SM-DO925"	"GTEX-11TTK"	"Brain - Frontal Cortex (BA9)"	47	33	3.87120101090789	3.52636052461616
"GTEX-11TTK-0011-R11b-SM-DO112"	"GTEX-11TTK"	"Brain - Cerebellar Hemisphere"	11	12	2.484906649788	2.56494935746154
"GTEX-11TTK-0011-R4a-SM-DNZZU"	"GTEX-11TTK"	"Brain - Amygdala"	63	51	4.15888308335967	3.95124371858143
"GTEX-11TTK-0011-R5a-SM-DNZZV"	"GTEX-11TTK"	"Brain - Caudate (basal ganglia)"	49	43	3.91202300542815	3.78418963391826
"GTEX-11TTK-0011-R6b-SM-DNZZW"	"GTEX-11TTK"	"Brain - Nucleus accumbens (basal ganglia)"	49	44	3.91202300542815	3.80666248977032
"GTEX-11TTK-0011-R7b-SM-DNZZZ"	"GTEX-11TTK"	"Brain - Putamen (basal ganglia)"	55	47	4.02535169073515	3.87120101090789
"GTEX-11TTK-0011-R8b-SM-DO111"	"GTEX-11TTK"	"Brain - Hypothalamus"	57	54	4.06044301054642	4.00733318523247
"GTEX-11TTK-2826-SM-5GU5K"	"GTEX-11TTK"	"Brain - Cerebellum"	21	28	3.09104245335832	3.36729582998647
"GTEX-11TTK-2926-SM-5PNYP"	"GTEX-11TTK"	"Brain - Cortex"	92	55	4.53259949315326	4.02535169073515
"GTEX-11TUW-0011-R10a-SM-DO924"	"GTEX-11TUW"	"Brain - Frontal Cortex (BA9)"	58	46	4.07753744390572	3.85014760171006
"GTEX-11TUW-0011-R1a-SM-DO92S"	"GTEX-11TUW"	"Brain - Hippocampus"	55	41	4.02535169073515	3.73766961828337
"GTEX-11TUW-0011-R2b-SM-DO92T"	"GTEX-11TUW"	"Brain - Substantia nigra"	37	50	3.63758615972639	3.93182563272433
"GTEX-11UD1-0011-R1b-SM-5BC7D"	"GTEX-11UD1"	"Brain - Hippocampus"	17	13	2.89037175789616	2.63905732961526
"GTEX-11UD1-0011-R2b-SM-5BC6O"	"GTEX-11UD1"	"Brain - Substantia nigra"	43	28	3.78418963391826	3.36729582998647
"GTEX-11UD1-0011-R3a-SM-5BC6S"	"GTEX-11UD1"	"Brain - Anterior cingulate cortex (BA24)"	25	20	3.25809653802148	3.04452243772342
"GTEX-11UD1-0011-R5b-SM-5P9FP"	"GTEX-11UD1"	"Brain - Caudate (basal ganglia)"	39	31	3.68887945411394	3.46573590279973
"GTEX-11UD2-0011-R9b-SM-DO926"	"GTEX-11UD2"	"Brain - Spinal cord (cervical c-1)"	64	62	4.17438726989564	4.14313472639153
"GTEX-11WQC-0011-R10a-SM-57WCT"	"GTEX-11WQC"	"Brain - Frontal Cortex (BA9)"	37	30	3.63758615972639	3.43398720448515
"GTEX-11WQC-0011-R11b-SM-57WD6"	"GTEX-11WQC"	"Brain - Cerebellar Hemisphere"	6	8	1.94591014905531	2.19722457733622
"GTEX-11WQC-0011-R1b-SM-DO932"	"GTEX-11WQC"	"Brain - Hippocampus"	51	41	3.95124371858143	3.73766961828337
"GTEX-11WQC-0011-R2a-SM-DO927"	"GTEX-11WQC"	"Brain - Substantia nigra"	31	27	3.46573590279973	3.3322045101752
"GTEX-11WQC-0011-R3a-SM-DO11T"	"GTEX-11WQC"	"Brain - Anterior cingulate cortex (BA24)"	12	13	2.56494935746154	2.63905732961526
"GTEX-11WQC-0011-R5a-SM-5BC74"	"GTEX-11WQC"	"Brain - Caudate (basal ganglia)"	30	30	3.43398720448515	3.43398720448515
"GTEX-11WQC-0011-R6a-SM-5BC77"	"GTEX-11WQC"	"Brain - Nucleus accumbens (basal ganglia)"	30	16	3.43398720448515	2.83321334405622
"GTEX-11WQC-0011-R7b-SM-5BC7A"	"GTEX-11WQC"	"Brain - Putamen (basal ganglia)"	20	17	3.04452243772342	2.89037175789616
"GTEX-11WQC-0011-R8b-SM-57WCH"	"GTEX-11WQC"	"Brain - Hypothalamus"	11	13	2.484906649788	2.63905732961526
"GTEX-11WQK-0011-R10a-SM-5BC6R"	"GTEX-11WQK"	"Brain - Frontal Cortex (BA9)"	55	51	4.02535169073515	3.95124371858143
"GTEX-11WQK-0011-R3b-SM-DO93K"	"GTEX-11WQK"	"Brain - Anterior cingulate cortex (BA24)"	45	34	3.8286413964891	3.55534806148941
"GTEX-11WQK-0011-R8a-SM-5BC7C"	"GTEX-11WQK"	"Brain - Hypothalamus"	14	16	2.70805020110221	2.83321334405622
"GTEX-11WQK-0011-R9b-SM-5BC6N"	"GTEX-11WQK"	"Brain - Spinal cord (cervical c-1)"	52	35	3.97029191355212	3.58351893845611
"GTEX-11WQK-3026-SM-5EQL6"	"GTEX-11WQK"	"Brain - Cortex"	73	67	4.30406509320417	4.21950770517611
"GTEX-11ZTS-0011-R10a-SM-DO93S"	"GTEX-11ZTS"	"Brain - Frontal Cortex (BA9)"	34	28	3.55534806148941	3.36729582998647
"GTEX-11ZTS-0011-R11a-SM-DO113"	"GTEX-11ZTS"	"Brain - Cerebellar Hemisphere"	14	14	2.70805020110221	2.70805020110221
"GTEX-11ZTS-0011-R1a-SM-5BC71"	"GTEX-11ZTS"	"Brain - Hippocampus"	23	24	3.17805383034795	3.2188758248682
"GTEX-11ZTS-0011-R2b-SM-5BC75"	"GTEX-11ZTS"	"Brain - Substantia nigra"	37	25	3.63758615972639	3.25809653802148
"GTEX-11ZTS-0011-R3a-SM-5BC78"	"GTEX-11ZTS"	"Brain - Anterior cingulate cortex (BA24)"	21	17	3.09104245335832	2.89037175789616
"GTEX-11ZTS-0011-R8a-SM-57WDI"	"GTEX-11ZTS"	"Brain - Hypothalamus"	14	21	2.70805020110221	3.09104245335832
"GTEX-11ZTS-0011-R9b-SM-DO93Q"	"GTEX-11ZTS"	"Brain - Spinal cord (cervical c-1)"	48	41	3.89182029811063	3.73766961828337
"GTEX-11ZTS-3226-SM-5EGID"	"GTEX-11ZTS"	"Brain - Cerebellum"	20	14	3.04452243772342	2.70805020110221
"GTEX-11ZU8-0011-R4a-SM-5BC6Y"	"GTEX-11ZU8"	"Brain - Amygdala"	14	12	2.70805020110221	2.56494935746154
"GTEX-11ZUS-0011-R11b-SM-5BC7B"	"GTEX-11ZUS"	"Brain - Cerebellar Hemisphere"	3	7	1.38629436111989	2.07944154167984
"GTEX-11ZUS-0011-R8a-SM-5BC73"	"GTEX-11ZUS"	"Brain - Hypothalamus"	45	38	3.8286413964891	3.66356164612965
"GTEX-11ZUS-0011-R9b-SM-5BC76"	"GTEX-11ZUS"	"Brain - Spinal cord (cervical c-1)"	38	50	3.66356164612965	3.93182563272433
"GTEX-11ZUS-2826-SM-5EQKW"	"GTEX-11ZUS"	"Brain - Cerebellum"	23	17	3.17805383034795	2.89037175789616
"GTEX-11ZUS-2926-SM-5FQSL"	"GTEX-11ZUS"	"Brain - Cortex"	56	59	4.04305126783455	4.0943445622221
"GTEX-11ZVC-0011-R1b-SM-5BC6M"	"GTEX-11ZVC"	"Brain - Hippocampus"	44	29	3.80666248977032	3.40119738166216
"GTEX-11ZVC-0011-R3a-SM-5BC6V"	"GTEX-11ZVC"	"Brain - Anterior cingulate cortex (BA24)"	43	35	3.78418963391826	3.58351893845611
"GTEX-11ZVC-0011-R4a-SM-5BC6Z"	"GTEX-11ZVC"	"Brain - Amygdala"	31	30	3.46573590279973	3.43398720448515
"GTEX-11ZVC-0011-R9a-SM-57WC5"	"GTEX-11ZVC"	"Brain - Spinal cord (cervical c-1)"	38	30	3.66356164612965	3.43398720448515
"GTEX-11ZVC-3026-SM-59HJM"	"GTEX-11ZVC"	"Brain - Cerebellum"	28	17	3.36729582998647	2.89037175789616
"GTEX-12126-0011-R10b-SM-5BC6T"	"GTEX-12126"	"Brain - Frontal Cortex (BA9)"	76	63	4.34380542185368	4.15888308335967
"GTEX-12126-0011-R11a-SM-5BC6X"	"GTEX-12126"	"Brain - Cerebellar Hemisphere"	14	8	2.70805020110221	2.19722457733622
"GTEX-12126-0011-R9b-SM-5BC6P"	"GTEX-12126"	"Brain - Spinal cord (cervical c-1)"	81	69	4.40671924726425	4.24849524204936
"GTEX-12126-0926-SM-5FQTW"	"GTEX-12126"	"Brain - Cerebellum"	17	18	2.89037175789616	2.94443897916644
"GTEX-12126-1026-SM-5P9JJ"	"GTEX-12126"	"Brain - Cortex"	93	85	4.54329478227	4.45434729625351
"GTEX-1212Z-0011-R1b-SM-5BC72"	"GTEX-1212Z"	"Brain - Hippocampus"	26	23	3.29583686600433	3.17805383034795
"GTEX-12584-0011-R6a-SM-5NQ7C"	"GTEX-12584"	"Brain - Nucleus accumbens (basal ganglia)"	13	15	2.63905732961526	2.77258872223978
"GTEX-1269C-3126-SM-5EGI6"	"GTEX-1269C"	"Brain - Cerebellum"	16	13	2.83321334405622	2.63905732961526
"GTEX-12WSA-0011-R10b-SM-5P9ET"	"GTEX-12WSA"	"Brain - Frontal Cortex (BA9)"	66	46	4.20469261939097	3.85014760171006
"GTEX-12WSA-0011-R2a-SM-57WDK"	"GTEX-12WSA"	"Brain - Substantia nigra"	33	21	3.52636052461616	3.09104245335832
"GTEX-12WSA-0011-R4a-SM-57WB7"	"GTEX-12WSA"	"Brain - Amygdala"	24	26	3.2188758248682	3.29583686600433
"GTEX-12WSA-0011-R5b-SM-5GU5I"	"GTEX-12WSA"	"Brain - Caudate (basal ganglia)"	34	23	3.55534806148941	3.17805383034795
"GTEX-12WSA-0011-R7b-SM-5GU5U"	"GTEX-12WSA"	"Brain - Putamen (basal ganglia)"	23	13	3.17805383034795	2.63905732961526
"GTEX-12WSA-0011-R8a-SM-5P9EX"	"GTEX-12WSA"	"Brain - Hypothalamus"	41	43	3.73766961828337	3.78418963391826
"GTEX-12WSA-2926-SM-5EQ4D"	"GTEX-12WSA"	"Brain - Cortex"	37	34	3.63758615972639	3.55534806148941
"GTEX-12WSC-0011-R10a-SM-5GU57"	"GTEX-12WSC"	"Brain - Frontal Cortex (BA9)"	39	29	3.68887945411394	3.40119738166216
"GTEX-12WSC-0011-R11a-SM-5GU5J"	"GTEX-12WSC"	"Brain - Cerebellar Hemisphere"	4	5	1.6094379124341	1.79175946922806
"GTEX-12WSC-0011-R3a-SM-5P9F1"	"GTEX-12WSC"	"Brain - Anterior cingulate cortex (BA24)"	58	53	4.07753744390572	3.98898404656427
"GTEX-12WSC-0011-R5b-SM-5CVNS"	"GTEX-12WSC"	"Brain - Caudate (basal ganglia)"	33	33	3.52636052461616	3.52636052461616
"GTEX-12WSC-0011-R6b-SM-5LU99"	"GTEX-12WSC"	"Brain - Nucleus accumbens (basal ganglia)"	19	14	2.99573227355399	2.70805020110221
"GTEX-12WSC-0011-R7b-SM-5LU9L"	"GTEX-12WSC"	"Brain - Putamen (basal ganglia)"	40	22	3.71357206670431	3.13549421592915
"GTEX-12WSC-0011-R9a-SM-5GU4U"	"GTEX-12WSC"	"Brain - Spinal cord (cervical c-1)"	58	39	4.07753744390572	3.68887945411394
"GTEX-12WSC-2926-SM-5BC5Z"	"GTEX-12WSC"	"Brain - Cerebellum"	7	4	2.07944154167984	1.6094379124341
"GTEX-12WSC-3026-SM-5GCNF"	"GTEX-12WSC"	"Brain - Cortex"	68	49	4.23410650459726	3.91202300542815
"GTEX-12WSD-0011-R11a-SM-9OSVC"	"GTEX-12WSD"	"Brain - Cerebellar Hemisphere"	3	2	1.38629436111989	1.09861228866811
"GTEX-12WSD-0011-R1b-SM-5LZVY"	"GTEX-12WSD"	"Brain - Hippocampus"	20	19	3.04452243772342	2.99573227355399
"GTEX-12WSD-0011-R2a-SM-5LZWB"	"GTEX-12WSD"	"Brain - Substantia nigra"	9	6	2.30258509299405	1.94591014905531
"GTEX-12WSD-0011-R3b-SM-5LZWN"	"GTEX-12WSD"	"Brain - Anterior cingulate cortex (BA24)"	9	6	2.30258509299405	1.94591014905531
"GTEX-12WSD-0011-R4b-SM-5LZUA"	"GTEX-12WSD"	"Brain - Amygdala"	40	26	3.71357206670431	3.29583686600433
"GTEX-12WSD-0011-R5b-SM-5CVNG"	"GTEX-12WSD"	"Brain - Caudate (basal ganglia)"	29	24	3.40119738166216	3.2188758248682
"GTEX-12WSD-0011-R6b-SM-5P9JU"	"GTEX-12WSD"	"Brain - Nucleus accumbens (basal ganglia)"	24	16	3.2188758248682	2.83321334405622
"GTEX-12WSD-0011-R7b-SM-5PNWE"	"GTEX-12WSD"	"Brain - Putamen (basal ganglia)"	19	30	2.99573227355399	3.43398720448515
"GTEX-12WSD-0011-R9a-SM-5GU6W"	"GTEX-12WSD"	"Brain - Spinal cord (cervical c-1)"	41	17	3.73766961828337	2.89037175789616
"GTEX-12WSD-3026-SM-5LZU7"	"GTEX-12WSD"	"Brain - Cerebellum"	14	16	2.70805020110221	2.83321334405622
"GTEX-12WSD-3126-SM-5HL7P"	"GTEX-12WSD"	"Brain - Cortex"	37	33	3.63758615972639	3.52636052461616
"GTEX-12WSE-0011-R10b-SM-5P9JV"	"GTEX-12WSE"	"Brain - Frontal Cortex (BA9)"	95	73	4.56434819146784	4.30406509320417
"GTEX-12WSE-0011-R11b-SM-5P9JW"	"GTEX-12WSE"	"Brain - Cerebellar Hemisphere"	11	6	2.484906649788	1.94591014905531
"GTEX-12WSE-0011-R1b-SM-5GU4V"	"GTEX-12WSE"	"Brain - Hippocampus"	30	25	3.43398720448515	3.25809653802148
"GTEX-12WSE-0011-R6b-SM-5LZV5"	"GTEX-12WSE"	"Brain - Nucleus accumbens (basal ganglia)"	12	13	2.56494935746154	2.63905732961526
"GTEX-12WSE-0011-R7a-SM-5PNWF"	"GTEX-12WSE"	"Brain - Putamen (basal ganglia)"	5	9	1.79175946922806	2.30258509299405
"GTEX-12WSE-2926-SM-5RQJ9"	"GTEX-12WSE"	"Brain - Cerebellum"	7	6	2.07944154167984	1.94591014905531
"GTEX-12WSF-0011-R10a-SM-5LZVH"	"GTEX-12WSF"	"Brain - Frontal Cortex (BA9)"	45	35	3.8286413964891	3.58351893845611
"GTEX-12WSF-0011-R11a-SM-5LZVT"	"GTEX-12WSF"	"Brain - Cerebellar Hemisphere"	6	4	1.94591014905531	1.6094379124341
"GTEX-12WSF-0011-R1a-SM-5DUVI"	"GTEX-12WSF"	"Brain - Hippocampus"	14	21	2.70805020110221	3.09104245335832
"GTEX-12WSF-0011-R2a-SM-5DUVU"	"GTEX-12WSF"	"Brain - Substantia nigra"	26	37	3.29583686600433	3.63758615972639
"GTEX-12WSF-0011-R3a-SM-5DUW7"	"GTEX-12WSF"	"Brain - Anterior cingulate cortex (BA24)"	33	25	3.52636052461616	3.25809653802148
"GTEX-12WSF-0011-R4b-SM-5HL88"	"GTEX-12WSF"	"Brain - Amygdala"	21	28	3.09104245335832	3.36729582998647
"GTEX-12WSF-0011-R5a-SM-5HL8K"	"GTEX-12WSF"	"Brain - Caudate (basal ganglia)"	28	21	3.36729582998647	3.09104245335832
"GTEX-12WSF-0011-R6b-SM-5HL8W"	"GTEX-12WSF"	"Brain - Nucleus accumbens (basal ganglia)"	27	23	3.3322045101752	3.17805383034795
"GTEX-12WSF-0011-R7b-SM-5HL99"	"GTEX-12WSF"	"Brain - Putamen (basal ganglia)"	15	15	2.77258872223978	2.77258872223978
"GTEX-12WSF-3126-SM-6M478"	"GTEX-12WSF"	"Brain - Cortex"	51	45	3.95124371858143	3.8286413964891
"GTEX-12WSH-0011-R10a-SM-5LZUS"	"GTEX-12WSH"	"Brain - Frontal Cortex (BA9)"	34	24	3.55534806148941	3.2188758248682
"GTEX-12WSH-0011-R11a-SM-5LZVM"	"GTEX-12WSH"	"Brain - Cerebellar Hemisphere"	2	7	1.09861228866811	2.07944154167984
"GTEX-12WSH-0011-R1a-SM-5GU5V"	"GTEX-12WSH"	"Brain - Hippocampus"	16	19	2.83321334405622	2.99573227355399
"GTEX-12WSH-0011-R2a-SM-5GU68"	"GTEX-12WSH"	"Brain - Substantia nigra"	23	32	3.17805383034795	3.49650756146648
"GTEX-12WSH-0011-R4a-SM-5GU6K"	"GTEX-12WSH"	"Brain - Amygdala"	12	12	2.56494935746154	2.56494935746154
"GTEX-12WSH-0011-R5b-SM-5P9F3"	"GTEX-12WSH"	"Brain - Caudate (basal ganglia)"	29	20	3.40119738166216	3.04452243772342
"GTEX-12WSH-0011-R6b-SM-5P9F4"	"GTEX-12WSH"	"Brain - Nucleus accumbens (basal ganglia)"	28	21	3.36729582998647	3.09104245335832
"GTEX-12WSH-0011-R9b-SM-5LZUG"	"GTEX-12WSH"	"Brain - Spinal cord (cervical c-1)"	69	51	4.24849524204936	3.95124371858143
"GTEX-12WSH-3026-SM-5CVNI"	"GTEX-12WSH"	"Brain - Cortex"	67	62	4.21950770517611	4.14313472639153
"GTEX-12WSH-3126-SM-5LZW8"	"GTEX-12WSH"	"Brain - Cerebellum"	17	9	2.89037175789616	2.30258509299405
"GTEX-12WSI-0011-R11b-SM-5P9EZ"	"GTEX-12WSI"	"Brain - Cerebellar Hemisphere"	10	8	2.39789527279837	2.19722457733622
"GTEX-12WSI-0011-R7b-SM-5GU78"	"GTEX-12WSI"	"Brain - Putamen (basal ganglia)"	25	30	3.25809653802148	3.43398720448515
"GTEX-12WSM-0011-R10a-SM-5DUWV"	"GTEX-12WSM"	"Brain - Frontal Cortex (BA9)"	88	58	4.48863636973214	4.07753744390572
"GTEX-12WSM-0011-R11a-SM-5DUX8"	"GTEX-12WSM"	"Brain - Cerebellar Hemisphere"	16	14	2.83321334405622	2.70805020110221
"GTEX-12WSM-0011-R1a-SM-5LZW6"	"GTEX-12WSM"	"Brain - Hippocampus"	37	29	3.63758615972639	3.40119738166216
"GTEX-12WSM-0011-R3b-SM-5LZWI"	"GTEX-12WSM"	"Brain - Anterior cingulate cortex (BA24)"	46	41	3.85014760171006	3.73766961828337
"GTEX-12WSM-0011-R5a-SM-5EQ4Y"	"GTEX-12WSM"	"Brain - Caudate (basal ganglia)"	48	31	3.89182029811063	3.46573590279973
"GTEX-12WSM-0011-R6b-SM-5EQ6N"	"GTEX-12WSM"	"Brain - Nucleus accumbens (basal ganglia)"	21	21	3.09104245335832	3.09104245335832
"GTEX-12WSM-0011-R7b-SM-5EGLD"	"GTEX-12WSM"	"Brain - Putamen (basal ganglia)"	35	26	3.58351893845611	3.29583686600433
"GTEX-12WSM-0011-R8a-SM-5DUWJ"	"GTEX-12WSM"	"Brain - Hypothalamus"	20	25	3.04452243772342	3.25809653802148
"GTEX-12WSM-2126-SM-5GCOC"	"GTEX-12WSM"	"Brain - Cerebellum"	20	16	3.04452243772342	2.83321334405622
"GTEX-12ZZW-0011-R10b-SM-5HL9X"	"GTEX-12ZZW"	"Brain - Frontal Cortex (BA9)"	44	33	3.80666248977032	3.52636052461616
"GTEX-12ZZW-0011-R3a-SM-5DUWW"	"GTEX-12ZZW"	"Brain - Anterior cingulate cortex (BA24)"	18	13	2.94443897916644	2.63905732961526
"GTEX-12ZZW-0011-R4a-SM-5DUX9"	"GTEX-12ZZW"	"Brain - Amygdala"	20	14	3.04452243772342	2.70805020110221
"GTEX-12ZZW-0011-R5a-SM-5DUVN"	"GTEX-12ZZW"	"Brain - Caudate (basal ganglia)"	23	22	3.17805383034795	3.13549421592915
"GTEX-12ZZW-0011-R6a-SM-5DUVZ"	"GTEX-12ZZW"	"Brain - Nucleus accumbens (basal ganglia)"	15	20	2.77258872223978	3.04452243772342
"GTEX-12ZZW-0011-R7a-SM-5DUWC"	"GTEX-12ZZW"	"Brain - Putamen (basal ganglia)"	21	13	3.09104245335832	2.63905732961526
"GTEX-12ZZW-2926-SM-5LZUP"	"GTEX-12ZZW"	"Brain - Cortex"	71	53	4.27666611901606	3.98898404656427
"GTEX-12ZZX-0011-R10b-SM-5DUWK"	"GTEX-12ZZX"	"Brain - Frontal Cortex (BA9)"	65	60	4.18965474202643	4.11087386417331
"GTEX-12ZZX-0011-R11a-SM-5DUVJ"	"GTEX-12ZZX"	"Brain - Cerebellar Hemisphere"	17	12	2.89037175789616	2.56494935746154
"GTEX-12ZZX-0011-R1a-SM-5EQ6B"	"GTEX-12ZZX"	"Brain - Hippocampus"	51	46	3.95124371858143	3.85014760171006
"GTEX-12ZZX-0011-R2a-SM-5EGLG"	"GTEX-12ZZX"	"Brain - Substantia nigra"	29	27	3.40119738166216	3.3322045101752
"GTEX-12ZZX-0011-R3b-SM-5EGLH"	"GTEX-12ZZX"	"Brain - Anterior cingulate cortex (BA24)"	65	44	4.18965474202643	3.80666248977032
"GTEX-12ZZX-0011-R5a-SM-5HL89"	"GTEX-12ZZX"	"Brain - Caudate (basal ganglia)"	46	34	3.85014760171006	3.55534806148941
"GTEX-12ZZX-0011-R6a-SM-5HL8L"	"GTEX-12ZZX"	"Brain - Nucleus accumbens (basal ganglia)"	30	25	3.43398720448515	3.25809653802148
"GTEX-12ZZX-0011-R7b-SM-5DUVV"	"GTEX-12ZZX"	"Brain - Putamen (basal ganglia)"	32	35	3.49650756146648	3.58351893845611
"GTEX-12ZZX-0011-R8a-SM-5DUW8"	"GTEX-12ZZX"	"Brain - Hypothalamus"	29	19	3.40119738166216	2.99573227355399
"GTEX-12ZZX-2826-SM-5BC6K"	"GTEX-12ZZX"	"Brain - Cerebellum"	21	14	3.09104245335832	2.70805020110221
"GTEX-12ZZX-2926-SM-5GCOQ"	"GTEX-12ZZX"	"Brain - Cortex"	77	57	4.35670882668959	4.06044301054642
"GTEX-12ZZY-0011-R10b-SM-5HL7W"	"GTEX-12ZZY"	"Brain - Frontal Cortex (BA9)"	52	54	3.97029191355212	4.00733318523247
"GTEX-12ZZY-0011-R5a-SM-5EGL9"	"GTEX-12ZZY"	"Brain - Caudate (basal ganglia)"	54	44	4.00733318523247	3.80666248977032
"GTEX-12ZZY-0011-R6b-SM-5EGLA"	"GTEX-12ZZY"	"Brain - Nucleus accumbens (basal ganglia)"	45	30	3.8286413964891	3.43398720448515
"GTEX-12ZZY-0011-R7a-SM-5EGLB"	"GTEX-12ZZY"	"Brain - Putamen (basal ganglia)"	57	35	4.06044301054642	3.58351893845611
"GTEX-12ZZY-2926-SM-5DUXO"	"GTEX-12ZZY"	"Brain - Cerebellum"	18	8	2.94443897916644	2.19722457733622
"GTEX-12ZZY-3026-SM-5GCOU"	"GTEX-12ZZY"	"Brain - Cortex"	44	41	3.80666248977032	3.73766961828337
"GTEX-12ZZZ-0011-R10a-SM-5P9HC"	"GTEX-12ZZZ"	"Brain - Frontal Cortex (BA9)"	110	74	4.70953020131233	4.31748811353631
"GTEX-12ZZZ-0011-R11a-SM-5EGLC"	"GTEX-12ZZZ"	"Brain - Cerebellar Hemisphere"	26	27	3.29583686600433	3.3322045101752
"GTEX-12ZZZ-0011-R3b-SM-5DUXK"	"GTEX-12ZZZ"	"Brain - Anterior cingulate cortex (BA24)"	53	34	3.98898404656427	3.55534806148941
"GTEX-12ZZZ-0011-R4b-SM-5DUV7"	"GTEX-12ZZZ"	"Brain - Amygdala"	17	13	2.89037175789616	2.63905732961526
"GTEX-12ZZZ-0011-R5a-SM-5EQ4M"	"GTEX-12ZZZ"	"Brain - Caudate (basal ganglia)"	54	28	4.00733318523247	3.36729582998647
"GTEX-12ZZZ-0011-R6b-SM-5EQ5B"	"GTEX-12ZZZ"	"Brain - Nucleus accumbens (basal ganglia)"	40	39	3.71357206670431	3.68887945411394
"GTEX-12ZZZ-0011-R7b-SM-5EGLE"	"GTEX-12ZZZ"	"Brain - Putamen (basal ganglia)"	48	25	3.89182029811063	3.25809653802148
"GTEX-12ZZZ-3026-SM-5BC67"	"GTEX-12ZZZ"	"Brain - Cortex"	46	49	3.85014760171006	3.91202300542815
"GTEX-12ZZZ-3126-SM-5LZU6"	"GTEX-12ZZZ"	"Brain - Cerebellum"	25	25	3.25809653802148	3.25809653802148
"GTEX-13112-0011-R1b-SM-5HL7K"	"GTEX-13112"	"Brain - Hippocampus"	30	26	3.43398720448515	3.29583686600433
"GTEX-13112-0011-R3b-SM-5HL9L"	"GTEX-13112"	"Brain - Anterior cingulate cortex (BA24)"	19	32	2.99573227355399	3.49650756146648
"GTEX-13112-0011-R4b-SM-5DUXL"	"GTEX-13112"	"Brain - Amygdala"	21	23	3.09104245335832	3.17805383034795
"GTEX-13112-0011-R5b-SM-5DUV8"	"GTEX-13112"	"Brain - Caudate (basal ganglia)"	22	21	3.13549421592915	3.09104245335832
"GTEX-13112-0011-R6b-SM-5DUVK"	"GTEX-13112"	"Brain - Nucleus accumbens (basal ganglia)"	23	18	3.17805383034795	2.94443897916644
"GTEX-13112-0011-R7b-SM-5DUVW"	"GTEX-13112"	"Brain - Putamen (basal ganglia)"	43	36	3.78418963391826	3.61091791264422
"GTEX-13112-0011-R8b-SM-664OV"	"GTEX-13112"	"Brain - Hypothalamus"	20	13	3.04452243772342	2.63905732961526
"GTEX-13112-2926-SM-5DUWT"	"GTEX-13112"	"Brain - Cerebellum"	13	7	2.63905732961526	2.07944154167984
"GTEX-1313W-0011-R10b-SM-5DUXA"	"GTEX-1313W"	"Brain - Frontal Cortex (BA9)"	76	42	4.34380542185368	3.76120011569356
"GTEX-1313W-0011-R11a-SM-5DUXN"	"GTEX-1313W"	"Brain - Cerebellar Hemisphere"	11	9	2.484906649788	2.30258509299405
"GTEX-1313W-0011-R1b-SM-5EQ4A"	"GTEX-1313W"	"Brain - Hippocampus"	39	37	3.68887945411394	3.63758615972639
"GTEX-1313W-0011-R2a-SM-5EGLF"	"GTEX-1313W"	"Brain - Substantia nigra"	31	22	3.46573590279973	3.13549421592915
"GTEX-1313W-0011-R3a-SM-5EGLI"	"GTEX-1313W"	"Brain - Anterior cingulate cortex (BA24)"	77	42	4.35670882668959	3.76120011569356
"GTEX-1313W-0011-R4b-SM-5KLZV"	"GTEX-1313W"	"Brain - Amygdala"	48	48	3.89182029811063	3.89182029811063
"GTEX-1313W-0011-R5b-SM-5L3EP"	"GTEX-1313W"	"Brain - Caudate (basal ganglia)"	40	37	3.71357206670431	3.63758615972639
"GTEX-1313W-0011-R6a-SM-5K7XO"	"GTEX-1313W"	"Brain - Nucleus accumbens (basal ganglia)"	39	39	3.68887945411394	3.68887945411394
"GTEX-1313W-0011-R7b-SM-5DUWL"	"GTEX-1313W"	"Brain - Putamen (basal ganglia)"	20	16	3.04452243772342	2.83321334405622
"GTEX-1313W-0011-R8a-SM-5DUVM"	"GTEX-1313W"	"Brain - Hypothalamus"	12	11	2.56494935746154	2.484906649788
"GTEX-1313W-3026-SM-5LZUZ"	"GTEX-1313W"	"Brain - Cerebellum"	18	17	2.94443897916644	2.89037175789616
"GTEX-1313W-3126-SM-5LZUI"	"GTEX-1313W"	"Brain - Cortex"	47	35	3.87120101090789	3.58351893845611
"GTEX-131XH-0011-R10a-SM-5EGLJ"	"GTEX-131XH"	"Brain - Frontal Cortex (BA9)"	87	71	4.47733681447821	4.27666611901606
"GTEX-131XH-0011-R11a-SM-5EGLN"	"GTEX-131XH"	"Brain - Cerebellar Hemisphere"	14	7	2.70805020110221	2.07944154167984
"GTEX-131XH-0011-R1a-SM-5DUWA"	"GTEX-131XH"	"Brain - Hippocampus"	32	23	3.49650756146648	3.17805383034795
"GTEX-131XH-0011-R2b-SM-5DUVY"	"GTEX-131XH"	"Brain - Substantia nigra"	24	18	3.2188758248682	2.94443897916644
"GTEX-131XH-0011-R3b-SM-5DUWM"	"GTEX-131XH"	"Brain - Anterior cingulate cortex (BA24)"	47	30	3.87120101090789	3.43398720448515
"GTEX-131XH-0011-R4b-SM-5DUWB"	"GTEX-131XH"	"Brain - Amygdala"	26	14	3.29583686600433	2.70805020110221
"GTEX-131XH-0011-R6a-SM-5KM2G"	"GTEX-131XH"	"Brain - Nucleus accumbens (basal ganglia)"	50	29	3.93182563272433	3.40119738166216
"GTEX-131XH-0011-R8a-SM-5EGLL"	"GTEX-131XH"	"Brain - Hypothalamus"	30	25	3.43398720448515	3.25809653802148
"GTEX-131XH-2926-SM-5LZU4"	"GTEX-131XH"	"Brain - Cerebellum"	7	7	2.07944154167984	2.07944154167984
"GTEX-131XW-0011-R10a-SM-5DUVA"	"GTEX-131XW"	"Brain - Frontal Cortex (BA9)"	21	17	3.09104245335832	2.89037175789616
"GTEX-131XW-0011-R11a-SM-5DUV9"	"GTEX-131XW"	"Brain - Cerebellar Hemisphere"	12	4	2.56494935746154	1.6094379124341
"GTEX-131XW-0011-R6b-SM-5K7XY"	"GTEX-131XW"	"Brain - Nucleus accumbens (basal ganglia)"	14	14	2.70805020110221	2.70805020110221
"GTEX-131XW-0011-R8a-SM-5DUWY"	"GTEX-131XW"	"Brain - Hypothalamus"	7	9	2.07944154167984	2.30258509299405
"GTEX-131XW-0011-R9a-SM-5N9EO"	"GTEX-131XW"	"Brain - Spinal cord (cervical c-1)"	89	86	4.49980967033027	4.46590811865458
"GTEX-131XW-3126-SM-5LZUC"	"GTEX-131XW"	"Brain - Cortex"	46	50	3.85014760171006	3.93182563272433
"GTEX-131YS-0011-R10b-SM-5EQ5N"	"GTEX-131YS"	"Brain - Frontal Cortex (BA9)"	64	68	4.17438726989564	4.23410650459726
"GTEX-131YS-0011-R11b-SM-5EGLM"	"GTEX-131YS"	"Brain - Cerebellar Hemisphere"	14	8	2.70805020110221	2.19722457733622
"GTEX-131YS-0011-R1a-SM-5DUXC"	"GTEX-131YS"	"Brain - Hippocampus"	29	28	3.40119738166216	3.36729582998647
"GTEX-131YS-0011-R3b-SM-5DUXB"	"GTEX-131YS"	"Brain - Anterior cingulate cortex (BA24)"	24	28	3.2188758248682	3.36729582998647
"GTEX-131YS-0011-R4a-SM-5DUVL"	"GTEX-131YS"	"Brain - Amygdala"	21	30	3.09104245335832	3.43398720448515
"GTEX-131YS-0011-R5b-SM-5K7YB"	"GTEX-131YS"	"Brain - Caudate (basal ganglia)"	45	37	3.8286413964891	3.63758615972639
"GTEX-131YS-0011-R7a-SM-5IJDA"	"GTEX-131YS"	"Brain - Putamen (basal ganglia)"	33	40	3.52636052461616	3.71357206670431
"GTEX-131YS-0011-R9b-SM-5EQLY"	"GTEX-131YS"	"Brain - Spinal cord (cervical c-1)"	66	51	4.20469261939097	3.95124371858143
"GTEX-131YS-3026-SM-5EGHY"	"GTEX-131YS"	"Brain - Cerebellum"	13	4	2.63905732961526	1.6094379124341
"GTEX-131YS-3126-SM-5KLYT"	"GTEX-131YS"	"Brain - Cortex"	72	74	4.29045944114839	4.31748811353631
"GTEX-132Q8-0011-R10b-SM-5DUWZ"	"GTEX-132Q8"	"Brain - Frontal Cortex (BA9)"	41	28	3.73766961828337	3.36729582998647
"GTEX-132Q8-0011-R11b-SM-5DUW9"	"GTEX-132Q8"	"Brain - Cerebellar Hemisphere"	1	4	0.693147180559945	1.6094379124341
"GTEX-132Q8-0011-R1a-SM-5EGLK"	"GTEX-132Q8"	"Brain - Hippocampus"	71	55	4.27666611901606	4.02535169073515
"GTEX-132Q8-0011-R2b-SM-5EQ5Z"	"GTEX-132Q8"	"Brain - Substantia nigra"	51	46	3.95124371858143	3.85014760171006
"GTEX-132Q8-0011-R5a-SM-5IJDM"	"GTEX-132Q8"	"Brain - Caudate (basal ganglia)"	59	50	4.0943445622221	3.93182563272433
"GTEX-132Q8-0011-R6a-SM-5K7YN"	"GTEX-132Q8"	"Brain - Nucleus accumbens (basal ganglia)"	50	29	3.93182563272433	3.40119738166216
"GTEX-132Q8-0011-R7b-SM-5N9F1"	"GTEX-132Q8"	"Brain - Putamen (basal ganglia)"	114	96	4.74493212836325	4.57471097850338
"GTEX-132Q8-0011-R8b-SM-5DUWX"	"GTEX-132Q8"	"Brain - Hypothalamus"	31	30	3.46573590279973	3.43398720448515
"GTEX-132Q8-2926-SM-5IFFP"	"GTEX-132Q8"	"Brain - Cerebellum"	23	14	3.17805383034795	2.70805020110221
"GTEX-132Q8-3026-SM-5PNVG"	"GTEX-132Q8"	"Brain - Cortex"	81	64	4.40671924726425	4.17438726989564
"GTEX-1399T-0011-R11a-SM-5J2O1"	"GTEX-1399T"	"Brain - Cerebellar Hemisphere"	9	18	2.30258509299405	2.94443897916644
"GTEX-1399T-0011-R1b-SM-5DUWN"	"GTEX-1399T"	"Brain - Hippocampus"	12	12	2.56494935746154	2.56494935746154
"GTEX-1399T-0011-R2b-SM-5DUXM"	"GTEX-1399T"	"Brain - Substantia nigra"	23	24	3.17805383034795	3.2188758248682
"GTEX-1399T-0011-R4b-SM-5DUVX"	"GTEX-1399T"	"Brain - Amygdala"	19	24	2.99573227355399	3.2188758248682
"GTEX-1399T-0011-R5b-SM-5IJDK"	"GTEX-1399T"	"Brain - Caudate (basal ganglia)"	32	39	3.49650756146648	3.68887945411394
"GTEX-1399T-0011-R6b-SM-5K7YL"	"GTEX-1399T"	"Brain - Nucleus accumbens (basal ganglia)"	36	40	3.61091791264422	3.71357206670431
"GTEX-1399T-0011-R8b-SM-5IJD8"	"GTEX-1399T"	"Brain - Hypothalamus"	23	27	3.17805383034795	3.3322045101752
"GTEX-1399T-3026-SM-5KLZC"	"GTEX-1399T"	"Brain - Cortex"	68	48	4.23410650459726	3.89182029811063
"GTEX-1399T-3126-SM-5IJFS"	"GTEX-1399T"	"Brain - Cerebellum"	13	12	2.63905732961526	2.56494935746154
"GTEX-139T4-0011-R9b-SM-5HL6S"	"GTEX-139T4"	"Brain - Spinal cord (cervical c-1)"	75	55	4.33073334028633	4.02535169073515
"GTEX-139T8-0011-R1a-SM-5HL75"	"GTEX-139T8"	"Brain - Hippocampus"	16	10	2.83321334405622	2.39789527279837
"GTEX-139T8-0011-R3b-SM-5HL4R"	"GTEX-139T8"	"Brain - Anterior cingulate cortex (BA24)"	23	25	3.17805383034795	3.25809653802148
"GTEX-139T8-0011-R4a-SM-5HL54"	"GTEX-139T8"	"Brain - Amygdala"	24	19	3.2188758248682	2.99573227355399
"GTEX-139T8-0011-R5b-SM-5J1MO"	"GTEX-139T8"	"Brain - Caudate (basal ganglia)"	26	21	3.29583686600433	3.09104245335832
"GTEX-139T8-1026-SM-5J2MC"	"GTEX-139T8"	"Brain - Cortex"	55	55	4.02535169073515	4.02535169073515
"GTEX-139TS-0011-R10a-SM-5K7TU"	"GTEX-139TS"	"Brain - Frontal Cortex (BA9)"	47	49	3.87120101090789	3.91202300542815
"GTEX-139TS-0011-R2b-SM-5J1MX"	"GTEX-139TS"	"Brain - Substantia nigra"	41	27	3.73766961828337	3.3322045101752
"GTEX-139TS-0011-R5b-SM-5J2MZ"	"GTEX-139TS"	"Brain - Caudate (basal ganglia)"	25	30	3.25809653802148	3.43398720448515
"GTEX-139TS-0011-R6a-SM-5J2OB"	"GTEX-139TS"	"Brain - Nucleus accumbens (basal ganglia)"	25	15	3.25809653802148	2.77258872223978
"GTEX-139TS-0011-R7a-SM-5K7X7"	"GTEX-139TS"	"Brain - Putamen (basal ganglia)"	10	13	2.39789527279837	2.63905732961526
"GTEX-139TS-0011-R8a-SM-5J1NP"	"GTEX-139TS"	"Brain - Hypothalamus"	2	10	1.09861228866811	2.39789527279837
"GTEX-139TS-3126-SM-5LZWX"	"GTEX-139TS"	"Brain - Cerebellum"	15	15	2.77258872223978	2.77258872223978
"GTEX-139TT-0011-R11b-SM-5LZV1"	"GTEX-139TT"	"Brain - Cerebellar Hemisphere"	2	4	1.09861228866811	1.6094379124341
"GTEX-139TT-0011-R1a-SM-5LZVD"	"GTEX-139TT"	"Brain - Hippocampus"	38	28	3.66356164612965	3.36729582998647
"GTEX-139TT-0011-R3b-SM-5K7VL"	"GTEX-139TT"	"Brain - Anterior cingulate cortex (BA24)"	43	39	3.78418963391826	3.68887945411394
"GTEX-139TT-0011-R5b-SM-5K7W8"	"GTEX-139TT"	"Brain - Caudate (basal ganglia)"	48	44	3.89182029811063	3.80666248977032
"GTEX-139TT-0011-R6b-SM-5J2ON"	"GTEX-139TT"	"Brain - Nucleus accumbens (basal ganglia)"	50	49	3.93182563272433	3.91202300542815
"GTEX-139TT-0011-R7b-SM-5J2MN"	"GTEX-139TT"	"Brain - Putamen (basal ganglia)"	34	25	3.55534806148941	3.25809653802148
"GTEX-139TT-2626-SM-5LZUB"	"GTEX-139TT"	"Brain - Cerebellum"	25	22	3.25809653802148	3.13549421592915
"GTEX-139TU-0011-R5b-SM-5L3E1"	"GTEX-139TU"	"Brain - Caudate (basal ganglia)"	58	42	4.07753744390572	3.76120011569356
"GTEX-139UW-0011-R11a-SM-5IJGN"	"GTEX-139UW"	"Brain - Cerebellar Hemisphere"	27	24	3.3322045101752	3.2188758248682
"GTEX-139UW-0011-R9b-SM-5LZYT"	"GTEX-139UW"	"Brain - Spinal cord (cervical c-1)"	114	86	4.74493212836325	4.46590811865458
"GTEX-13CF2-0011-R11b-SM-5LZXO"	"GTEX-13CF2"	"Brain - Cerebellar Hemisphere"	4	7	1.6094379124341	2.07944154167984
"GTEX-13CF2-0011-R1a-SM-5LZY1"	"GTEX-13CF2"	"Brain - Hippocampus"	9	14	2.30258509299405	2.70805020110221
"GTEX-13CF2-0011-R2a-SM-5L3DC"	"GTEX-13CF2"	"Brain - Substantia nigra"	20	19	3.04452243772342	2.99573227355399
"GTEX-13CF2-0011-R3b-SM-5LZZ6"	"GTEX-13CF2"	"Brain - Anterior cingulate cortex (BA24)"	36	35	3.61091791264422	3.58351893845611
"GTEX-13CF2-0011-R5a-SM-5LZWS"	"GTEX-13CF2"	"Brain - Caudate (basal ganglia)"	26	15	3.29583686600433	2.77258872223978
"GTEX-13CF2-0011-R7b-SM-5K7UV"	"GTEX-13CF2"	"Brain - Putamen (basal ganglia)"	12	12	2.56494935746154	2.56494935746154
"GTEX-13CF2-0011-R8b-SM-5IJCX"	"GTEX-13CF2"	"Brain - Hypothalamus"	15	19	2.77258872223978	2.99573227355399
"GTEX-13CF2-3026-SM-5IFFX"	"GTEX-13CF2"	"Brain - Cerebellum"	13	13	2.63905732961526	2.63905732961526
"GTEX-13CIG-0011-R3b-SM-5K7XF"	"GTEX-13CIG"	"Brain - Anterior cingulate cortex (BA24)"	19	19	2.99573227355399	2.99573227355399
"GTEX-13CIG-0011-R5b-SM-5L3F2"	"GTEX-13CIG"	"Brain - Caudate (basal ganglia)"	27	15	3.3322045101752	2.77258872223978
"GTEX-13CIG-0011-R8b-SM-5LZX5"	"GTEX-13CIG"	"Brain - Hypothalamus"	29	26	3.40119738166216	3.29583686600433
"GTEX-13CIG-0011-R9a-SM-5K7VU"	"GTEX-13CIG"	"Brain - Spinal cord (cervical c-1)"	36	42	3.61091791264422	3.76120011569356
"GTEX-13CZV-0011-R10b-SM-5LZYD"	"GTEX-13CZV"	"Brain - Frontal Cortex (BA9)"	39	29	3.68887945411394	3.40119738166216
"GTEX-13CZV-0011-R11b-SM-5N9FN"	"GTEX-13CZV"	"Brain - Cerebellar Hemisphere"	7	10	2.07944154167984	2.39789527279837
"GTEX-13CZV-0011-R3a-SM-5KM27"	"GTEX-13CZV"	"Brain - Anterior cingulate cortex (BA24)"	48	22	3.89182029811063	3.13549421592915
"GTEX-13CZV-0011-R4b-SM-5J2NY"	"GTEX-13CZV"	"Brain - Amygdala"	25	28	3.25809653802148	3.36729582998647
"GTEX-13CZV-0011-R5a-SM-5K7XA"	"GTEX-13CZV"	"Brain - Caudate (basal ganglia)"	29	32	3.40119738166216	3.49650756146648
"GTEX-13CZV-0011-R7b-SM-5LZXH"	"GTEX-13CZV"	"Brain - Putamen (basal ganglia)"	37	36	3.63758615972639	3.61091791264422
"GTEX-13CZV-0011-R9a-SM-5LZXT"	"GTEX-13CZV"	"Brain - Spinal cord (cervical c-1)"	59	56	4.0943445622221	4.04305126783455
"GTEX-13FHO-0011-R10b-SM-5J2MM"	"GTEX-13FHO"	"Brain - Frontal Cortex (BA9)"	104	74	4.65396035015752	4.31748811353631
"GTEX-13FHO-0011-R11b-SM-5LZYQ"	"GTEX-13FHO"	"Brain - Cerebellar Hemisphere"	5	4	1.79175946922806	1.6094379124341
"GTEX-13FHO-0011-R1b-SM-5KLZG"	"GTEX-13FHO"	"Brain - Hippocampus"	53	41	3.98898404656427	3.73766961828337
"GTEX-13FHO-0011-R3b-SM-5K7YA"	"GTEX-13FHO"	"Brain - Anterior cingulate cortex (BA24)"	79	63	4.38202663467388	4.15888308335967
"GTEX-13FHO-0011-R5b-SM-5LZZ3"	"GTEX-13FHO"	"Brain - Caudate (basal ganglia)"	56	62	4.04305126783455	4.14313472639153
"GTEX-13FHO-0011-R6b-SM-5LZX1"	"GTEX-13FHO"	"Brain - Nucleus accumbens (basal ganglia)"	30	38	3.43398720448515	3.66356164612965
"GTEX-13FHO-0011-R7b-SM-5LZXD"	"GTEX-13FHO"	"Brain - Putamen (basal ganglia)"	49	45	3.91202300542815	3.8286413964891
"GTEX-13FHO-2926-SM-5L3ES"	"GTEX-13FHO"	"Brain - Cerebellum"	23	23	3.17805383034795	3.17805383034795
"GTEX-13FHO-3026-SM-5J1O9"	"GTEX-13FHO"	"Brain - Cortex"	63	54	4.15888308335967	4.00733318523247
"GTEX-13FHP-0011-R11b-SM-5LZXP"	"GTEX-13FHP"	"Brain - Cerebellar Hemisphere"	6	4	1.94591014905531	1.6094379124341
"GTEX-13FHP-0011-R1b-SM-5K7XL"	"GTEX-13FHP"	"Brain - Hippocampus"	10	13	2.39789527279837	2.63905732961526
"GTEX-13FHP-0011-R5b-SM-5LZY2"	"GTEX-13FHP"	"Brain - Caudate (basal ganglia)"	29	21	3.40119738166216	3.09104245335832
"GTEX-13FHP-0011-R6b-SM-5LZY6"	"GTEX-13FHP"	"Brain - Nucleus accumbens (basal ganglia)"	12	15	2.56494935746154	2.77258872223978
"GTEX-13FHP-0011-R7b-SM-5LZYI"	"GTEX-13FHP"	"Brain - Putamen (basal ganglia)"	14	8	2.70805020110221	2.19722457733622
"GTEX-13FHP-2926-SM-5IJG9"	"GTEX-13FHP"	"Brain - Cerebellum"	17	17	2.89037175789616	2.89037175789616
"GTEX-13FHP-3026-SM-5IJBS"	"GTEX-13FHP"	"Brain - Cortex"	72	65	4.29045944114839	4.18965474202643
"GTEX-13FLV-0011-R10b-SM-5LZZ2"	"GTEX-13FLV"	"Brain - Frontal Cortex (BA9)"	35	31	3.58351893845611	3.46573590279973
"GTEX-13FLV-0011-R11a-SM-5LZZ7"	"GTEX-13FLV"	"Brain - Cerebellar Hemisphere"	4	4	1.6094379124341	1.6094379124341
"GTEX-13FLV-0011-R3b-SM-5LZYP"	"GTEX-13FLV"	"Brain - Anterior cingulate cortex (BA24)"	22	15	3.13549421592915	2.77258872223978
"GTEX-13FLV-0011-R4a-SM-5LZYU"	"GTEX-13FLV"	"Brain - Amygdala"	25	25	3.25809653802148	3.25809653802148
"GTEX-13FLV-0011-R5a-SM-5LZWT"	"GTEX-13FLV"	"Brain - Caudate (basal ganglia)"	38	28	3.66356164612965	3.36729582998647
"GTEX-13FLV-0011-R6a-SM-5KLZ4"	"GTEX-13FLV"	"Brain - Nucleus accumbens (basal ganglia)"	13	15	2.63905732961526	2.77258872223978
"GTEX-13FLV-0011-R7b-SM-5K7WW"	"GTEX-13FLV"	"Brain - Putamen (basal ganglia)"	33	28	3.52636052461616	3.36729582998647
"GTEX-13FLV-0011-R8a-SM-5LZZE"	"GTEX-13FLV"	"Brain - Hypothalamus"	22	9	3.13549421592915	2.30258509299405
"GTEX-13FLV-0011-R9b-SM-5L3DA"	"GTEX-13FLV"	"Brain - Spinal cord (cervical c-1)"	29	20	3.40119738166216	3.04452243772342
"GTEX-13FLW-0011-R10b-SM-5LZZF"	"GTEX-13FLW"	"Brain - Frontal Cortex (BA9)"	31	42	3.46573590279973	3.76120011569356
"GTEX-13FLW-0011-R1b-SM-5LZX2"	"GTEX-13FLW"	"Brain - Hippocampus"	37	30	3.63758615972639	3.43398720448515
"GTEX-13FLW-0011-R5a-SM-5LZX6"	"GTEX-13FLW"	"Brain - Caudate (basal ganglia)"	33	23	3.52636052461616	3.17805383034795
"GTEX-13FLW-0011-R6b-SM-5L3EN"	"GTEX-13FLW"	"Brain - Nucleus accumbens (basal ganglia)"	43	25	3.78418963391826	3.25809653802148
"GTEX-13FLW-0011-R7b-SM-5L3EZ"	"GTEX-13FLW"	"Brain - Putamen (basal ganglia)"	32	16	3.49650756146648	2.83321334405622
"GTEX-13FLW-0011-R8b-SM-5J1MZ"	"GTEX-13FLW"	"Brain - Hypothalamus"	30	30	3.43398720448515	3.43398720448515
"GTEX-13FLW-1426-SM-5K7YE"	"GTEX-13FLW"	"Brain - Cortex"	37	48	3.63758615972639	3.89182029811063
"GTEX-13FTY-0011-R11a-SM-5IJEA"	"GTEX-13FTY"	"Brain - Cerebellar Hemisphere"	16	7	2.83321334405622	2.07944154167984
"GTEX-13FTY-0011-R1a-SM-5LZXE"	"GTEX-13FTY"	"Brain - Hippocampus"	25	37	3.25809653802148	3.63758615972639
"GTEX-13FTY-0011-R9b-SM-5KM2U"	"GTEX-13FTY"	"Brain - Spinal cord (cervical c-1)"	47	38	3.87120101090789	3.66356164612965
"GTEX-13FTZ-0011-R10b-SM-5KLZS"	"GTEX-13FTZ"	"Brain - Frontal Cortex (BA9)"	33	37	3.52636052461616	3.63758615972639
"GTEX-13FXS-0011-R10a-SM-5J2MA"	"GTEX-13FXS"	"Brain - Frontal Cortex (BA9)"	42	47	3.76120011569356	3.87120101090789
"GTEX-13FXS-0011-R11a-SM-5L3DM"	"GTEX-13FXS"	"Brain - Cerebellar Hemisphere"	15	10	2.77258872223978	2.39789527279837
"GTEX-13FXS-0011-R1a-SM-5K7U6"	"GTEX-13FXS"	"Brain - Hippocampus"	66	55	4.20469261939097	4.02535169073515
"GTEX-13FXS-0011-R2b-SM-5K7XX"	"GTEX-13FXS"	"Brain - Substantia nigra"	37	33	3.63758615972639	3.52636052461616
"GTEX-13FXS-0011-R5b-SM-5LZYE"	"GTEX-13FXS"	"Brain - Caudate (basal ganglia)"	25	26	3.25809653802148	3.29583686600433
"GTEX-13FXS-0011-R6b-SM-5L3F7"	"GTEX-13FXS"	"Brain - Nucleus accumbens (basal ganglia)"	45	39	3.8286413964891	3.68887945411394
"GTEX-13FXS-0011-R7a-SM-5L3FC"	"GTEX-13FXS"	"Brain - Putamen (basal ganglia)"	25	22	3.25809653802148	3.13549421592915
"GTEX-13FXS-0011-R8a-SM-5J1MN"	"GTEX-13FXS"	"Brain - Hypothalamus"	21	20	3.09104245335832	3.04452243772342
"GTEX-13FXS-0011-R9a-SM-5K7UI"	"GTEX-13FXS"	"Brain - Spinal cord (cervical c-1)"	118	84	4.77912349311153	4.44265125649032
"GTEX-13FXS-3026-SM-5LZYO"	"GTEX-13FXS"	"Brain - Cerebellum"	16	11	2.83321334405622	2.484906649788
"GTEX-13FXS-3126-SM-5J2NN"	"GTEX-13FXS"	"Brain - Cortex"	56	63	4.04305126783455	4.15888308335967
"GTEX-13G51-0011-R10b-SM-5LZYF"	"GTEX-13G51"	"Brain - Frontal Cortex (BA9)"	39	35	3.68887945411394	3.58351893845611
"GTEX-13G51-0011-R11b-SM-5J2NE"	"GTEX-13G51"	"Brain - Cerebellar Hemisphere"	14	9	2.70805020110221	2.30258509299405
"GTEX-13G51-0011-R1a-SM-5LZYR"	"GTEX-13G51"	"Brain - Hippocampus"	28	33	3.36729582998647	3.52636052461616
"GTEX-13G51-0011-R2b-SM-5LZXS"	"GTEX-13G51"	"Brain - Substantia nigra"	27	20	3.3322045101752	3.04452243772342
"GTEX-13G51-0011-R5a-SM-5L3EB"	"GTEX-13G51"	"Brain - Caudate (basal ganglia)"	53	60	3.98898404656427	4.11087386417331
"GTEX-13G51-0011-R6b-SM-5LZX4"	"GTEX-13G51"	"Brain - Nucleus accumbens (basal ganglia)"	34	34	3.55534806148941	3.55534806148941
"GTEX-13G51-0011-R7b-SM-5LZXG"	"GTEX-13G51"	"Brain - Putamen (basal ganglia)"	38	13	3.66356164612965	2.63905732961526
"GTEX-13G51-0011-R8b-SM-5LZZ4"	"GTEX-13G51"	"Brain - Hypothalamus"	218	191	5.3890717298165	5.25749537202778
"GTEX-13G51-3026-SM-5IJB8"	"GTEX-13G51"	"Brain - Cortex"	41	42	3.73766961828337	3.76120011569356
"GTEX-13G51-3126-SM-5IJG7"	"GTEX-13G51"	"Brain - Cerebellum"	24	17	3.2188758248682	2.89037175789616
"GTEX-13IVO-0011-R10a-SM-5LZY3"	"GTEX-13IVO"	"Brain - Frontal Cortex (BA9)"	26	21	3.29583686600433	3.09104245335832
"GTEX-13IVO-0011-R3b-SM-5IJBJ"	"GTEX-13IVO"	"Brain - Anterior cingulate cortex (BA24)"	40	33	3.71357206670431	3.52636052461616
"GTEX-13IVO-0011-R6b-SM-5K7X9"	"GTEX-13IVO"	"Brain - Nucleus accumbens (basal ganglia)"	15	10	2.77258872223978	2.39789527279837
"GTEX-13IVO-0011-R8a-SM-5L3DY"	"GTEX-13IVO"	"Brain - Hypothalamus"	28	19	3.36729582998647	2.99573227355399
"GTEX-13IVO-2926-SM-5L3CZ"	"GTEX-13IVO"	"Brain - Cortex"	63	51	4.15888308335967	3.95124371858143
"GTEX-13JUV-0011-R10b-SM-5LZXR"	"GTEX-13JUV"	"Brain - Frontal Cortex (BA9)"	47	49	3.87120101090789	3.91202300542815
"GTEX-13JUV-0011-R11a-SM-5LZYH"	"GTEX-13JUV"	"Brain - Cerebellar Hemisphere"	2	5	1.09861228866811	1.79175946922806
"GTEX-13JUV-0011-R1a-SM-5LZY4"	"GTEX-13JUV"	"Brain - Hippocampus"	58	53	4.07753744390572	3.98898404656427
"GTEX-13JUV-0011-R5a-SM-5LZY5"	"GTEX-13JUV"	"Brain - Caudate (basal ganglia)"	47	59	3.87120101090789	4.0943445622221
"GTEX-13JUV-0011-R6b-SM-5LZYG"	"GTEX-13JUV"	"Brain - Nucleus accumbens (basal ganglia)"	37	50	3.63758615972639	3.93182563272433
"GTEX-13JUV-0011-R7b-SM-5LZZG"	"GTEX-13JUV"	"Brain - Putamen (basal ganglia)"	27	22	3.3322045101752	3.13549421592915
"GTEX-13JUV-0011-R9a-SM-5LZX3"	"GTEX-13JUV"	"Brain - Spinal cord (cervical c-1)"	96	61	4.57471097850338	4.12713438504509
"GTEX-13JUV-2926-SM-5LZX7"	"GTEX-13JUV"	"Brain - Cortex"	42	43	3.76120011569356	3.78418963391826
"GTEX-13JUV-3026-SM-5K7WX"	"GTEX-13JUV"	"Brain - Cerebellum"	30	31	3.43398720448515	3.46573590279973
"GTEX-13JVG-0011-R10b-SM-5KM2P"	"GTEX-13JVG"	"Brain - Frontal Cortex (BA9)"	36	23	3.61091791264422	3.17805383034795
"GTEX-13JVG-0011-R11a-SM-5KM53"	"GTEX-13JVG"	"Brain - Cerebellar Hemisphere"	10	7	2.39789527279837	2.07944154167984
"GTEX-13JVG-0011-R1a-SM-5KM32"	"GTEX-13JVG"	"Brain - Hippocampus"	51	44	3.95124371858143	3.80666248977032
"GTEX-13JVG-0011-R3b-SM-5LZXF"	"GTEX-13JVG"	"Brain - Anterior cingulate cortex (BA24)"	35	40	3.58351893845611	3.71357206670431
"GTEX-13JVG-0011-R4a-SM-5MR4C"	"GTEX-13JVG"	"Brain - Amygdala"	29	23	3.40119738166216	3.17805383034795
"GTEX-13JVG-0011-R5a-SM-5MR4O"	"GTEX-13JVG"	"Brain - Caudate (basal ganglia)"	77	58	4.35670882668959	4.07753744390572
"GTEX-13JVG-0011-R6a-SM-5MR3E"	"GTEX-13JVG"	"Brain - Nucleus accumbens (basal ganglia)"	19	20	2.99573227355399	3.04452243772342
"GTEX-13JVG-0011-R7b-SM-5MR3Q"	"GTEX-13JVG"	"Brain - Putamen (basal ganglia)"	34	26	3.55534806148941	3.29583686600433
"GTEX-13JVG-0011-R8a-SM-5KM3E"	"GTEX-13JVG"	"Brain - Hypothalamus"	28	33	3.36729582998647	3.52636052461616
"GTEX-13JVG-3126-SM-5L3FH"	"GTEX-13JVG"	"Brain - Cortex"	64	59	4.17438726989564	4.0943445622221
"GTEX-13JVG-3226-SM-5IJGJ"	"GTEX-13JVG"	"Brain - Cerebellum"	26	22	3.29583686600433	3.13549421592915
"GTEX-13N1W-0011-R10b-SM-5MR4H"	"GTEX-13N1W"	"Brain - Frontal Cortex (BA9)"	48	32	3.89182029811063	3.49650756146648
"GTEX-13N1W-0011-R1b-SM-5MR4T"	"GTEX-13N1W"	"Brain - Hippocampus"	47	39	3.87120101090789	3.68887945411394
"GTEX-13N1W-0011-R3a-SM-5MR5E"	"GTEX-13N1W"	"Brain - Anterior cingulate cortex (BA24)"	60	44	4.11087386417331	3.80666248977032
"GTEX-13N1W-0011-R4a-SM-5MR52"	"GTEX-13N1W"	"Brain - Amygdala"	43	21	3.78418963391826	3.09104245335832
"GTEX-13N1W-0011-R5b-SM-5MR5Q"	"GTEX-13N1W"	"Brain - Caudate (basal ganglia)"	51	41	3.95124371858143	3.73766961828337
"GTEX-13N1W-0011-R6a-SM-5MR43"	"GTEX-13N1W"	"Brain - Nucleus accumbens (basal ganglia)"	32	28	3.49650756146648	3.36729582998647
"GTEX-13N1W-0011-R7b-SM-5MR4F"	"GTEX-13N1W"	"Brain - Putamen (basal ganglia)"	31	46	3.46573590279973	3.85014760171006
"GTEX-13N1W-0011-R8a-SM-5MR56"	"GTEX-13N1W"	"Brain - Hypothalamus"	22	16	3.13549421592915	2.83321334405622
"GTEX-13N1W-0011-R9b-SM-5MR4R"	"GTEX-13N1W"	"Brain - Spinal cord (cervical c-1)"	91	77	4.52178857704904	4.35670882668959
"GTEX-13N2G-0011-R10a-SM-5MR34"	"GTEX-13N2G"	"Brain - Frontal Cortex (BA9)"	77	66	4.35670882668959	4.20469261939097
"GTEX-13N2G-0011-R11a-SM-5MR3F"	"GTEX-13N2G"	"Brain - Cerebellar Hemisphere"	19	18	2.99573227355399	2.94443897916644
"GTEX-13N2G-0011-R1b-SM-5MR3G"	"GTEX-13N2G"	"Brain - Hippocampus"	63	49	4.15888308335967	3.91202300542815
"GTEX-13N2G-0011-R2a-SM-5MR4Q"	"GTEX-13N2G"	"Brain - Substantia nigra"	54	39	4.00733318523247	3.68887945411394
"GTEX-13N2G-0011-R3b-SM-5MR5G"	"GTEX-13N2G"	"Brain - Anterior cingulate cortex (BA24)"	71	54	4.27666611901606	4.00733318523247
"GTEX-13N2G-0011-R4b-SM-5MR54"	"GTEX-13N2G"	"Brain - Amygdala"	81	55	4.40671924726425	4.02535169073515
"GTEX-13N2G-0011-R6b-SM-5MR3P"	"GTEX-13N2G"	"Brain - Nucleus accumbens (basal ganglia)"	49	53	3.91202300542815	3.98898404656427
"GTEX-13N2G-0011-R7a-SM-5MR42"	"GTEX-13N2G"	"Brain - Putamen (basal ganglia)"	57	53	4.06044301054642	3.98898404656427
"GTEX-13N2G-0011-R9b-SM-5MR4E"	"GTEX-13N2G"	"Brain - Spinal cord (cervical c-1)"	119	74	4.78749174278205	4.31748811353631
"GTEX-13N2G-3126-SM-5IJGL"	"GTEX-13N2G"	"Brain - Cerebellum"	42	31	3.76120011569356	3.46573590279973
"GTEX-13NYB-0011-R10a-SM-5KM43"	"GTEX-13NYB"	"Brain - Frontal Cortex (BA9)"	42	44	3.76120011569356	3.80666248977032
"GTEX-13NYB-0011-R11a-SM-5KM3Q"	"GTEX-13NYB"	"Brain - Cerebellar Hemisphere"	10	10	2.39789527279837	2.39789527279837
"GTEX-13NYB-0011-R1b-SM-5KM4F"	"GTEX-13NYB"	"Brain - Hippocampus"	21	16	3.09104245335832	2.83321334405622
"GTEX-13NYB-0011-R2a-SM-5MR3C"	"GTEX-13NYB"	"Brain - Substantia nigra"	71	58	4.27666611901606	4.07753744390572
"GTEX-13NYB-0011-R3b-SM-A9SM4"	"GTEX-13NYB"	"Brain - Anterior cingulate cortex (BA24)"	49	36	3.91202300542815	3.61091791264422
"GTEX-13NYB-0011-R4b-SM-9QEGJ"	"GTEX-13NYB"	"Brain - Amygdala"	30	22	3.43398720448515	3.13549421592915
"GTEX-13NYB-0011-R5a-SM-5MR45"	"GTEX-13NYB"	"Brain - Caudate (basal ganglia)"	40	37	3.71357206670431	3.63758615972639
"GTEX-13NYB-0011-R6b-SM-5MR51"	"GTEX-13NYB"	"Brain - Nucleus accumbens (basal ganglia)"	50	24	3.93182563272433	3.2188758248682
"GTEX-13NYB-0011-R7a-SM-5MR5D"	"GTEX-13NYB"	"Brain - Putamen (basal ganglia)"	26	17	3.29583686600433	2.89037175789616
"GTEX-13NYB-0011-R8a-SM-5KM4R"	"GTEX-13NYB"	"Brain - Hypothalamus"	23	19	3.17805383034795	2.99573227355399
"GTEX-13NYB-0011-R9b-SM-5MR5P"	"GTEX-13NYB"	"Brain - Spinal cord (cervical c-1)"	41	34	3.73766961828337	3.55534806148941
"GTEX-13NYB-3026-SM-5IJD7"	"GTEX-13NYB"	"Brain - Cortex"	60	45	4.11087386417331	3.8286413964891
"GTEX-13NYB-3226-SM-5J2ND"	"GTEX-13NYB"	"Brain - Cerebellum"	10	8	2.39789527279837	2.19722457733622
"GTEX-13NYC-2826-SM-5K7WR"	"GTEX-13NYC"	"Brain - Cortex"	107	81	4.68213122712422	4.40671924726425
"GTEX-13NYS-0011-R10a-SM-5MR4S"	"GTEX-13NYS"	"Brain - Frontal Cortex (BA9)"	37	31	3.63758615972639	3.46573590279973
"GTEX-13NYS-0011-R11b-SM-5MR4P"	"GTEX-13NYS"	"Brain - Cerebellar Hemisphere"	25	21	3.25809653802148	3.09104245335832
"GTEX-13NYS-0011-R1b-SM-5MR55"	"GTEX-13NYS"	"Brain - Hippocampus"	74	76	4.31748811353631	4.34380542185368
"GTEX-13NYS-0011-R2b-SM-5MR4G"	"GTEX-13NYS"	"Brain - Substantia nigra"	58	44	4.07753744390572	3.80666248977032
"GTEX-13NYS-0011-R3b-SM-5MR41"	"GTEX-13NYS"	"Brain - Anterior cingulate cortex (BA24)"	99	75	4.60517018598809	4.33073334028633
"GTEX-13NYS-0011-R4b-SM-5MR3O"	"GTEX-13NYS"	"Brain - Amygdala"	94	90	4.55387689160054	4.51085950651685
"GTEX-13NYS-0011-R5a-SM-5MR4D"	"GTEX-13NYS"	"Brain - Caudate (basal ganglia)"	76	62	4.34380542185368	4.14313472639153
"GTEX-13NYS-0011-R6b-SM-5MR3R"	"GTEX-13NYS"	"Brain - Nucleus accumbens (basal ganglia)"	46	44	3.85014760171006	3.80666248977032
"GTEX-13NYS-0011-R8a-SM-5MR5H"	"GTEX-13NYS"	"Brain - Hypothalamus"	50	35	3.93182563272433	3.58351893845611
"GTEX-13NYS-0011-R9b-SM-5MR44"	"GTEX-13NYS"	"Brain - Spinal cord (cervical c-1)"	78	73	4.36944785246702	4.30406509320417
"GTEX-13NYS-3126-SM-5KLYV"	"GTEX-13NYS"	"Brain - Cortex"	87	62	4.47733681447821	4.14313472639153
"GTEX-13NZ8-0011-R1b-SM-5KM3V"	"GTEX-13NZ8"	"Brain - Hippocampus"	70	61	4.26267987704132	4.12713438504509
"GTEX-13NZ8-0011-R8b-SM-5KM48"	"GTEX-13NZ8"	"Brain - Hypothalamus"	38	31	3.66356164612965	3.46573590279973
"GTEX-13NZA-0011-R10b-SM-5KM54"	"GTEX-13NZA"	"Brain - Frontal Cortex (BA9)"	31	31	3.46573590279973	3.46573590279973
"GTEX-13NZA-0011-R11b-SM-5KM4W"	"GTEX-13NZA"	"Brain - Cerebellar Hemisphere"	7	8	2.07944154167984	2.19722457733622
"GTEX-13NZA-0011-R1b-SM-5LUAF"	"GTEX-13NZA"	"Brain - Hippocampus"	15	13	2.77258872223978	2.63905732961526
"GTEX-13NZA-0011-R5b-SM-5KM4K"	"GTEX-13NZA"	"Brain - Caudate (basal ganglia)"	22	17	3.13549421592915	2.89037175789616
"GTEX-13NZA-0011-R8b-SM-5KM2Q"	"GTEX-13NZA"	"Brain - Hypothalamus"	28	14	3.36729582998647	2.70805020110221
"GTEX-13NZA-0011-R9b-SM-5MR5I"	"GTEX-13NZA"	"Brain - Spinal cord (cervical c-1)"	75	40	4.33073334028633	3.71357206670431
"GTEX-13O1R-0011-R9b-SM-5KM33"	"GTEX-13O1R"	"Brain - Spinal cord (cervical c-1)"	25	13	3.25809653802148	2.63905732961526
"GTEX-13O3O-0011-R10a-SM-5LUA9"	"GTEX-13O3O"	"Brain - Frontal Cortex (BA9)"	24	15	3.2188758248682	2.77258872223978
"GTEX-13O3O-0011-R11b-SM-5KM4G"	"GTEX-13O3O"	"Brain - Cerebellar Hemisphere"	7	10	2.07944154167984	2.39789527279837
"GTEX-13O3O-0011-R1b-SM-5KM2K"	"GTEX-13O3O"	"Brain - Hippocampus"	22	20	3.13549421592915	3.04452243772342
"GTEX-13O3O-0011-R2b-SM-5P9H1"	"GTEX-13O3O"	"Brain - Substantia nigra"	35	31	3.58351893845611	3.46573590279973
"GTEX-13O3O-0011-R3b-SM-5KM3R"	"GTEX-13O3O"	"Brain - Anterior cingulate cortex (BA24)"	31	28	3.46573590279973	3.36729582998647
"GTEX-13O3O-0011-R4b-SM-5KM3F"	"GTEX-13O3O"	"Brain - Amygdala"	25	28	3.25809653802148	3.36729582998647
"GTEX-13O3O-0011-R5b-SM-5KM44"	"GTEX-13O3O"	"Brain - Caudate (basal ganglia)"	35	24	3.58351893845611	3.2188758248682
"GTEX-13O3O-0011-R6b-SM-5P9GY"	"GTEX-13O3O"	"Brain - Nucleus accumbens (basal ganglia)"	57	50	4.06044301054642	3.93182563272433
"GTEX-13O3O-0011-R7b-SM-5P9GZ"	"GTEX-13O3O"	"Brain - Putamen (basal ganglia)"	37	24	3.63758615972639	3.2188758248682
"GTEX-13O3O-0011-R8b-SM-5LUAL"	"GTEX-13O3O"	"Brain - Hypothalamus"	20	16	3.04452243772342	2.83321334405622
"GTEX-13O3O-3026-SM-5KM42"	"GTEX-13O3O"	"Brain - Cerebellum"	16	10	2.83321334405622	2.39789527279837
"GTEX-13O3O-3126-SM-5KM3H"	"GTEX-13O3O"	"Brain - Cortex"	30	31	3.43398720448515	3.46573590279973
"GTEX-13O3Q-0011-R10b-SM-5KM39"	"GTEX-13O3Q"	"Brain - Frontal Cortex (BA9)"	75	71	4.33073334028633	4.27666611901606
"GTEX-13O3Q-0011-R11b-SM-5KM2W"	"GTEX-13O3Q"	"Brain - Cerebellar Hemisphere"	4	7	1.6094379124341	2.07944154167984
"GTEX-13O3Q-0011-R1b-SM-5KM3L"	"GTEX-13O3Q"	"Brain - Hippocampus"	61	72	4.12713438504509	4.29045944114839
"GTEX-13O3Q-0011-R2b-SM-5KM3K"	"GTEX-13O3Q"	"Brain - Substantia nigra"	25	16	3.25809653802148	2.83321334405622
"GTEX-13O3Q-0011-R3a-SM-5P9H3"	"GTEX-13O3Q"	"Brain - Anterior cingulate cortex (BA24)"	114	121	4.74493212836325	4.80402104473326
"GTEX-13O3Q-0011-R4a-SM-5P9H2"	"GTEX-13O3Q"	"Brain - Amygdala"	52	47	3.97029191355212	3.87120101090789
"GTEX-13O3Q-0011-R5b-SM-5P9H4"	"GTEX-13O3Q"	"Brain - Caudate (basal ganglia)"	59	57	4.0943445622221	4.06044301054642
"GTEX-13O3Q-0011-R6a-SM-5KM2V"	"GTEX-13O3Q"	"Brain - Nucleus accumbens (basal ganglia)"	27	29	3.3322045101752	3.40119738166216
"GTEX-13O3Q-0011-R7a-SM-5KM38"	"GTEX-13O3Q"	"Brain - Putamen (basal ganglia)"	20	10	3.04452243772342	2.39789527279837
"GTEX-13O3Q-0011-R8b-SM-5KM2J"	"GTEX-13O3Q"	"Brain - Hypothalamus"	27	29	3.3322045101752	3.40119738166216
"GTEX-13O3Q-2926-SM-5KM45"	"GTEX-13O3Q"	"Brain - Cortex"	78	44	4.36944785246702	3.80666248977032
"GTEX-13O3Q-3026-SM-5IJGD"	"GTEX-13O3Q"	"Brain - Cerebellum"	13	15	2.63905732961526	2.77258872223978
"GTEX-13OVH-0011-R11b-SM-5KM4X"	"GTEX-13OVH"	"Brain - Cerebellar Hemisphere"	17	5	2.89037175789616	1.79175946922806
"GTEX-13OVH-0011-R3a-SM-5KM49"	"GTEX-13OVH"	"Brain - Anterior cingulate cortex (BA24)"	22	26	3.13549421592915	3.29583686600433
"GTEX-13OVH-0011-R4a-SM-5KM3W"	"GTEX-13OVH"	"Brain - Amygdala"	15	18	2.77258872223978	2.94443897916644
"GTEX-13OVH-0011-R5b-SM-5KM4L"	"GTEX-13OVH"	"Brain - Caudate (basal ganglia)"	34	34	3.55534806148941	3.55534806148941
"GTEX-13OVH-0011-R6b-SM-5LUAX"	"GTEX-13OVH"	"Brain - Nucleus accumbens (basal ganglia)"	14	23	2.70805020110221	3.17805383034795
"GTEX-13OVH-0011-R8b-SM-5MR35"	"GTEX-13OVH"	"Brain - Hypothalamus"	23	22	3.17805383034795	3.13549421592915
"GTEX-13OVH-2926-SM-5IJFH"	"GTEX-13OVH"	"Brain - Cerebellum"	27	18	3.3322045101752	2.94443897916644
"GTEX-13OVH-3026-SM-5MR4N"	"GTEX-13OVH"	"Brain - Cortex"	47	45	3.87120101090789	3.8286413964891
"GTEX-13OVJ-0011-R10b-SM-5L3HT"	"GTEX-13OVJ"	"Brain - Frontal Cortex (BA9)"	80	68	4.39444915467244	4.23410650459726
"GTEX-13OVJ-0011-R11a-SM-5P9H8"	"GTEX-13OVJ"	"Brain - Cerebellar Hemisphere"	24	14	3.2188758248682	2.70805020110221
"GTEX-13OVJ-0011-R1b-SM-5L3I6"	"GTEX-13OVJ"	"Brain - Hippocampus"	76	54	4.34380542185368	4.00733318523247
"GTEX-13OVJ-0011-R2b-SM-5L3GP"	"GTEX-13OVJ"	"Brain - Substantia nigra"	52	51	3.97029191355212	3.95124371858143
"GTEX-13OVJ-0011-R4b-SM-5P9H5"	"GTEX-13OVJ"	"Brain - Amygdala"	132	102	4.89034912822175	4.63472898822964
"GTEX-13OVJ-0011-R5a-SM-5P9H7"	"GTEX-13OVJ"	"Brain - Caudate (basal ganglia)"	149	139	5.01063529409626	4.9416424226093
"GTEX-13OVJ-0011-R6b-SM-5L3GH"	"GTEX-13OVJ"	"Brain - Nucleus accumbens (basal ganglia)"	70	66	4.26267987704132	4.20469261939097
"GTEX-13OVJ-0011-R7a-SM-5L3G1"	"GTEX-13OVJ"	"Brain - Putamen (basal ganglia)"	95	98	4.56434819146784	4.59511985013459
"GTEX-13OVJ-0011-R8b-SM-5L3FS"	"GTEX-13OVJ"	"Brain - Hypothalamus"	61	57	4.12713438504509	4.06044301054642
"GTEX-13OVJ-0011-R9b-SM-5L3GD"	"GTEX-13OVJ"	"Brain - Spinal cord (cervical c-1)"	62	54	4.14313472639153	4.00733318523247
"GTEX-13OVJ-2726-SM-5IJG6"	"GTEX-13OVJ"	"Brain - Cerebellum"	30	21	3.43398720448515	3.09104245335832
"GTEX-13OVJ-2826-SM-5L3GW"	"GTEX-13OVJ"	"Brain - Cortex"	70	52	4.26267987704132	3.97029191355212
"GTEX-13OVL-0011-R10a-SM-5L3GS"	"GTEX-13OVL"	"Brain - Frontal Cortex (BA9)"	49	43	3.91202300542815	3.78418963391826
"GTEX-13OVL-0011-R11b-SM-5L3G7"	"GTEX-13OVL"	"Brain - Cerebellar Hemisphere"	1	3	0.693147180559945	1.38629436111989
"GTEX-13OVL-0011-R1a-SM-5L3H5"	"GTEX-13OVL"	"Brain - Hippocampus"	36	16	3.61091791264422	2.83321334405622
"GTEX-13OVL-0011-R3b-SM-5L3I8"	"GTEX-13OVL"	"Brain - Anterior cingulate cortex (BA24)"	40	39	3.71357206670431	3.68887945411394
"GTEX-13OVL-0011-R4b-SM-5L3HV"	"GTEX-13OVL"	"Brain - Amygdala"	15	14	2.77258872223978	2.70805020110221
"GTEX-13OVL-0011-R5b-SM-5L3FU"	"GTEX-13OVL"	"Brain - Caudate (basal ganglia)"	28	31	3.36729582998647	3.46573590279973
"GTEX-13OVL-0011-R6a-SM-5L3G4"	"GTEX-13OVL"	"Brain - Nucleus accumbens (basal ganglia)"	42	25	3.76120011569356	3.25809653802148
"GTEX-13OVL-0011-R7a-SM-5P9GW"	"GTEX-13OVL"	"Brain - Putamen (basal ganglia)"	32	28	3.49650756146648	3.36729582998647
"GTEX-13OVL-0011-R8a-SM-5L3HH"	"GTEX-13OVL"	"Brain - Hypothalamus"	20	16	3.04452243772342	2.83321334405622
"GTEX-13OVL-0011-R9a-SM-5P9GX"	"GTEX-13OVL"	"Brain - Spinal cord (cervical c-1)"	70	58	4.26267987704132	4.07753744390572
"GTEX-13OVL-3026-SM-5IJF1"	"GTEX-13OVL"	"Brain - Cerebellum"	28	15	3.36729582998647	2.77258872223978
"GTEX-13OW5-0011-R11b-SM-5L3GG"	"GTEX-13OW5"	"Brain - Cerebellar Hemisphere"	22	11	3.13549421592915	2.484906649788
"GTEX-13OW5-0011-R1b-SM-5L3GE"	"GTEX-13OW5"	"Brain - Hippocampus"	58	49	4.07753744390572	3.91202300542815
"GTEX-13OW5-0011-R3a-SM-5L3I5"	"GTEX-13OW5"	"Brain - Anterior cingulate cortex (BA24)"	26	22	3.29583686600433	3.13549421592915
"GTEX-13OW5-0011-R4b-SM-5L3HS"	"GTEX-13OW5"	"Brain - Amygdala"	47	56	3.87120101090789	4.04305126783455
"GTEX-13OW5-0011-R5b-SM-5L3FR"	"GTEX-13OW5"	"Brain - Caudate (basal ganglia)"	47	52	3.87120101090789	3.97029191355212
"GTEX-13OW5-0011-R6b-SM-5O9BW"	"GTEX-13OW5"	"Brain - Nucleus accumbens (basal ganglia)"	65	56	4.18965474202643	4.04305126783455
"GTEX-13OW5-0011-R7a-SM-5O9C9"	"GTEX-13OW5"	"Brain - Putamen (basal ganglia)"	57	55	4.06044301054642	4.02535169073515
"GTEX-13OW5-0011-R8a-SM-5L3GQ"	"GTEX-13OW5"	"Brain - Hypothalamus"	27	23	3.3322045101752	3.17805383034795
"GTEX-13OW5-0011-R9b-SM-5O9CL"	"GTEX-13OW5"	"Brain - Spinal cord (cervical c-1)"	182	131	5.20948615284142	4.88280192258637
"GTEX-13OW5-3126-SM-5MR3Y"	"GTEX-13OW5"	"Brain - Cerebellum"	41	35	3.73766961828337	3.58351893845611
"GTEX-13OW6-0011-R10a-SM-5L3HE"	"GTEX-13OW6"	"Brain - Frontal Cortex (BA9)"	97	83	4.58496747867057	4.43081679884331
"GTEX-13OW6-0011-R11a-SM-5L3H2"	"GTEX-13OW6"	"Brain - Cerebellar Hemisphere"	9	5	2.30258509299405	1.79175946922806
"GTEX-13OW6-0011-R1a-SM-5L3HQ"	"GTEX-13OW6"	"Brain - Hippocampus"	29	35	3.40119738166216	3.58351893845611
"GTEX-13OW6-0011-R2a-SM-5L3HG"	"GTEX-13OW6"	"Brain - Substantia nigra"	36	22	3.61091791264422	3.13549421592915
"GTEX-13OW6-0011-R4a-SM-5O9DX"	"GTEX-13OW6"	"Brain - Amygdala"	40	28	3.71357206670431	3.36729582998647
"GTEX-13OW6-0011-R5a-SM-5O9BK"	"GTEX-13OW6"	"Brain - Caudate (basal ganglia)"	78	50	4.36944785246702	3.93182563272433
"GTEX-13OW6-0011-R6b-SM-5L3GR"	"GTEX-13OW6"	"Brain - Nucleus accumbens (basal ganglia)"	34	49	3.55534806148941	3.91202300542815
"GTEX-13OW6-0011-R7b-SM-5L3H4"	"GTEX-13OW6"	"Brain - Putamen (basal ganglia)"	29	25	3.40119738166216	3.25809653802148
"GTEX-13OW6-0011-R8a-SM-5L3GF"	"GTEX-13OW6"	"Brain - Hypothalamus"	26	30	3.29583686600433	3.43398720448515
"GTEX-13OW6-2926-SM-5KM29"	"GTEX-13OW6"	"Brain - Cerebellum"	14	13	2.70805020110221	2.63905732961526
"GTEX-13OW6-3026-SM-5J2MI"	"GTEX-13OW6"	"Brain - Cortex"	56	46	4.04305126783455	3.85014760171006
"GTEX-13OW7-0011-R10a-SM-5L3H3"	"GTEX-13OW7"	"Brain - Frontal Cortex (BA9)"	38	30	3.66356164612965	3.43398720448515
"GTEX-13OW7-0011-R11a-SM-5O9DY"	"GTEX-13OW7"	"Brain - Cerebellar Hemisphere"	6	7	1.94591014905531	2.07944154167984
"GTEX-13OW7-0011-R1b-SM-5L3HF"	"GTEX-13OW7"	"Brain - Hippocampus"	13	19	2.63905732961526	2.99573227355399
"GTEX-13OW7-0011-R3a-SM-5O9DA"	"GTEX-13OW7"	"Brain - Anterior cingulate cortex (BA24)"	47	42	3.87120101090789	3.76120011569356
"GTEX-13OW7-0011-R4b-SM-5O9CX"	"GTEX-13OW7"	"Brain - Amygdala"	29	27	3.40119738166216	3.3322045101752
"GTEX-13OW7-0011-R5b-SM-5O9DM"	"GTEX-13OW7"	"Brain - Caudate (basal ganglia)"	51	50	3.95124371858143	3.93182563272433
"GTEX-13OW7-0011-R8b-SM-5L3HR"	"GTEX-13OW7"	"Brain - Hypothalamus"	24	23	3.2188758248682	3.17805383034795
"GTEX-13OW7-2926-SM-5MR3Z"	"GTEX-13OW7"	"Brain - Cerebellum"	10	14	2.39789527279837	2.70805020110221
"GTEX-13OW7-3026-SM-5L3GY"	"GTEX-13OW7"	"Brain - Cortex"	27	28	3.3322045101752	3.36729582998647
"GTEX-13OW8-0011-R10a-SM-5L3H6"	"GTEX-13OW8"	"Brain - Frontal Cortex (BA9)"	38	35	3.66356164612965	3.58351893845611
"GTEX-13OW8-0011-R11a-SM-5L3GT"	"GTEX-13OW8"	"Brain - Cerebellar Hemisphere"	14	9	2.70805020110221	2.30258509299405
"GTEX-13OW8-0011-R1a-SM-5L3HI"	"GTEX-13OW8"	"Brain - Hippocampus"	48	24	3.89182029811063	3.2188758248682
"GTEX-13OW8-0011-R2a-SM-5L3G2"	"GTEX-13OW8"	"Brain - Substantia nigra"	27	23	3.3322045101752	3.17805383034795
"GTEX-13OW8-0011-R3a-SM-5L3I4"	"GTEX-13OW8"	"Brain - Anterior cingulate cortex (BA24)"	45	34	3.8286413964891	3.55534806148941
"GTEX-13OW8-0011-R4a-SM-9WG6V"	"GTEX-13OW8"	"Brain - Amygdala"	53	60	3.98898404656427	4.11087386417331
"GTEX-13OW8-0011-R5b-SM-5L3FQ"	"GTEX-13OW8"	"Brain - Caudate (basal ganglia)"	28	47	3.36729582998647	3.87120101090789
"GTEX-13OW8-0011-R6b-SM-5L3I3"	"GTEX-13OW8"	"Brain - Nucleus accumbens (basal ganglia)"	38	28	3.66356164612965	3.36729582998647
"GTEX-13OW8-0011-R7a-SM-5L3FP"	"GTEX-13OW8"	"Brain - Putamen (basal ganglia)"	26	22	3.29583686600433	3.13549421592915
"GTEX-13OW8-0011-R8a-SM-5L3G5"	"GTEX-13OW8"	"Brain - Hypothalamus"	30	27	3.43398720448515	3.3322045101752
"GTEX-13OW8-2826-SM-5L3GC"	"GTEX-13OW8"	"Brain - Cortex"	61	51	4.12713438504509	3.95124371858143
"GTEX-13OW8-2926-SM-5L3FV"	"GTEX-13OW8"	"Brain - Cerebellum"	15	7	2.77258872223978	2.07944154167984
"GTEX-13PDP-0011-R1a-SM-5PNX5"	"GTEX-13PDP"	"Brain - Hippocampus"	71	58	4.27666611901606	4.07753744390572
"GTEX-13PDP-0011-R2b-SM-5O9DH"	"GTEX-13PDP"	"Brain - Substantia nigra"	74	73	4.31748811353631	4.30406509320417
"GTEX-13PDP-0011-R6b-SM-5O9D5"	"GTEX-13PDP"	"Brain - Nucleus accumbens (basal ganglia)"	28	38	3.36729582998647	3.66356164612965
"GTEX-13PDP-0011-R8b-SM-5O9CS"	"GTEX-13PDP"	"Brain - Hypothalamus"	34	50	3.55534806148941	3.93182563272433
"GTEX-13PL6-0011-R5b-SM-5O9BI"	"GTEX-13PL6"	"Brain - Caudate (basal ganglia)"	67	81	4.21950770517611	4.40671924726425
"GTEX-13PL6-0011-R6a-SM-5O9C5"	"GTEX-13PL6"	"Brain - Nucleus accumbens (basal ganglia)"	22	35	3.13549421592915	3.58351893845611
"GTEX-13PL6-0011-R9b-SM-5O9CH"	"GTEX-13PL6"	"Brain - Spinal cord (cervical c-1)"	49	59	3.91202300542815	4.0943445622221
"GTEX-13PL6-3126-SM-5LUAR"	"GTEX-13PL6"	"Brain - Cortex"	45	42	3.8286413964891	3.76120011569356
"GTEX-13PLJ-0011-R11b-SM-5O9BS"	"GTEX-13PLJ"	"Brain - Cerebellar Hemisphere"	9	10	2.30258509299405	2.39789527279837
"GTEX-13PLJ-0011-R3a-SM-5O9DT"	"GTEX-13PLJ"	"Brain - Anterior cingulate cortex (BA24)"	18	15	2.94443897916644	2.77258872223978
"GTEX-13PLJ-0011-R5a-SM-5O9BG"	"GTEX-13PLJ"	"Brain - Caudate (basal ganglia)"	52	43	3.97029191355212	3.78418963391826
"GTEX-13PLJ-0011-R9b-SM-5O9DV"	"GTEX-13PLJ"	"Brain - Spinal cord (cervical c-1)"	98	109	4.59511985013459	4.70048036579242
"GTEX-13PVQ-0011-R11a-SM-5O9DU"	"GTEX-13PVQ"	"Brain - Cerebellar Hemisphere"	14	16	2.70805020110221	2.83321334405622
"GTEX-13PVQ-0011-R3b-SM-5O9D6"	"GTEX-13PVQ"	"Brain - Anterior cingulate cortex (BA24)"	52	39	3.97029191355212	3.68887945411394
"GTEX-13PVQ-0011-R4a-SM-5O9CT"	"GTEX-13PVQ"	"Brain - Amygdala"	29	40	3.40119738166216	3.71357206670431
"GTEX-13PVQ-0011-R5b-SM-5O9DI"	"GTEX-13PVQ"	"Brain - Caudate (basal ganglia)"	66	46	4.20469261939097	3.85014760171006
"GTEX-13PVQ-0011-R7a-SM-5L3G3"	"GTEX-13PVQ"	"Brain - Putamen (basal ganglia)"	37	23	3.63758615972639	3.17805383034795
"GTEX-13PVQ-0011-R9b-SM-5LU3B"	"GTEX-13PVQ"	"Brain - Spinal cord (cervical c-1)"	65	54	4.18965474202643	4.00733318523247
"GTEX-13PVQ-2926-SM-5L3HJ"	"GTEX-13PVQ"	"Brain - Cerebellum"	10	6	2.39789527279837	1.94591014905531
"GTEX-13PVQ-3026-SM-5SI93"	"GTEX-13PVQ"	"Brain - Cortex"	53	32	3.98898404656427	3.49650756146648
"GTEX-13QIC-0011-R10a-SM-5O9C7"	"GTEX-13QIC"	"Brain - Frontal Cortex (BA9)"	77	61	4.35670882668959	4.12713438504509
"GTEX-13QIC-0011-R11b-SM-5O9BU"	"GTEX-13QIC"	"Brain - Cerebellar Hemisphere"	19	12	2.99573227355399	2.56494935746154
"GTEX-13QIC-0011-R1a-SM-5O9CJ"	"GTEX-13QIC"	"Brain - Hippocampus"	64	49	4.17438726989564	3.91202300542815
"GTEX-13QIC-0011-R3a-SM-5P9HT"	"GTEX-13QIC"	"Brain - Anterior cingulate cortex (BA24)"	57	39	4.06044301054642	3.68887945411394
"GTEX-13QIC-0011-R4a-SM-5PNX8"	"GTEX-13QIC"	"Brain - Amygdala"	21	23	3.09104245335832	3.17805383034795
"GTEX-13QIC-0011-R8b-SM-5O9CV"	"GTEX-13QIC"	"Brain - Hypothalamus"	35	31	3.58351893845611	3.46573590279973
"GTEX-13QIC-2926-SM-5J2NF"	"GTEX-13QIC"	"Brain - Cortex"	68	40	4.23410650459726	3.71357206670431
"GTEX-13QIC-3026-SM-5LU58"	"GTEX-13QIC"	"Brain - Cerebellum"	16	17	2.83321334405622	2.89037175789616
"GTEX-13QJC-0011-R10a-SM-5SI63"	"GTEX-13QJC"	"Brain - Frontal Cortex (BA9)"	90	50	4.51085950651685	3.93182563272433
"GTEX-13QJC-0011-R1b-SM-5S2UU"	"GTEX-13QJC"	"Brain - Hippocampus"	53	37	3.98898404656427	3.63758615972639
"GTEX-13QJC-0011-R2b-SM-5PNUN"	"GTEX-13QJC"	"Brain - Substantia nigra"	56	57	4.04305126783455	4.06044301054642
"GTEX-13QJC-0011-R6a-SM-5S2VI"	"GTEX-13QJC"	"Brain - Nucleus accumbens (basal ganglia)"	37	31	3.63758615972639	3.46573590279973
"GTEX-13QJC-0011-R7b-SM-5PNUM"	"GTEX-13QJC"	"Brain - Putamen (basal ganglia)"	58	47	4.07753744390572	3.87120101090789
"GTEX-13QJC-0011-R8b-SM-5S2U6"	"GTEX-13QJC"	"Brain - Hypothalamus"	30	30	3.43398720448515	3.43398720448515
"GTEX-13QJC-0011-R9b-SM-5PNX3"	"GTEX-13QJC"	"Brain - Spinal cord (cervical c-1)"	112	107	4.72738781871234	4.68213122712422
"GTEX-13RTJ-0011-R10b-SM-5O9CW"	"GTEX-13RTJ"	"Brain - Frontal Cortex (BA9)"	57	41	4.06044301054642	3.73766961828337
"GTEX-13RTJ-0011-R11a-SM-5O9CK"	"GTEX-13RTJ"	"Brain - Cerebellar Hemisphere"	12	9	2.56494935746154	2.30258509299405
"GTEX-13RTJ-0011-R1a-SM-5O9D9"	"GTEX-13RTJ"	"Brain - Hippocampus"	113	93	4.7361984483945	4.54329478227
"GTEX-13RTJ-0011-R2a-SM-5PNW9"	"GTEX-13RTJ"	"Brain - Substantia nigra"	49	47	3.91202300542815	3.87120101090789
"GTEX-13RTJ-0011-R3a-SM-5PNX7"	"GTEX-13RTJ"	"Brain - Anterior cingulate cortex (BA24)"	64	47	4.17438726989564	3.87120101090789
"GTEX-13RTJ-0011-R4b-SM-5PNX1"	"GTEX-13RTJ"	"Brain - Amygdala"	84	58	4.44265125649032	4.07753744390572
"GTEX-13RTJ-0011-R5a-SM-5P9HR"	"GTEX-13RTJ"	"Brain - Caudate (basal ganglia)"	54	36	4.00733318523247	3.61091791264422
"GTEX-13RTJ-0011-R6a-SM-5SI74"	"GTEX-13RTJ"	"Brain - Nucleus accumbens (basal ganglia)"	27	23	3.3322045101752	3.17805383034795
"GTEX-13RTJ-0011-R7b-SM-5P9JS"	"GTEX-13RTJ"	"Brain - Putamen (basal ganglia)"	57	50	4.06044301054642	3.93182563272433
"GTEX-13RTJ-0011-R8b-SM-5O9DL"	"GTEX-13RTJ"	"Brain - Hypothalamus"	35	40	3.58351893845611	3.71357206670431
"GTEX-13RTJ-0011-R9a-SM-5Q5AY"	"GTEX-13RTJ"	"Brain - Spinal cord (cervical c-1)"	111	94	4.71849887129509	4.55387689160054
"GTEX-13RTJ-3126-SM-5S2Q4"	"GTEX-13RTJ"	"Brain - Cerebellum"	14	8	2.70805020110221	2.19722457733622
"GTEX-13RTL-0011-R1a-SM-5PNZ8"	"GTEX-13RTL"	"Brain - Hippocampus"	60	46	4.11087386417331	3.85014760171006
"GTEX-13RTL-0011-R3a-SM-5P9JP"	"GTEX-13RTL"	"Brain - Anterior cingulate cortex (BA24)"	35	33	3.58351893845611	3.52636052461616
"GTEX-13S7M-0011-R10b-SM-5PNZB"	"GTEX-13S7M"	"Brain - Frontal Cortex (BA9)"	81	74	4.40671924726425	4.31748811353631
"GTEX-13S7M-0011-R11b-SM-5P9HU"	"GTEX-13S7M"	"Brain - Cerebellar Hemisphere"	5	12	1.79175946922806	2.56494935746154
"GTEX-13S7M-0011-R1b-SM-5PNZE"	"GTEX-13S7M"	"Brain - Hippocampus"	72	56	4.29045944114839	4.04305126783455
"GTEX-13S7M-0011-R3a-SM-5PNX2"	"GTEX-13S7M"	"Brain - Anterior cingulate cortex (BA24)"	53	54	3.98898404656427	4.00733318523247
"GTEX-13S7M-0011-R5b-SM-5P9HS"	"GTEX-13S7M"	"Brain - Caudate (basal ganglia)"	51	33	3.95124371858143	3.52636052461616
"GTEX-13S7M-0011-R6b-SM-5O9D8"	"GTEX-13S7M"	"Brain - Nucleus accumbens (basal ganglia)"	34	23	3.55534806148941	3.17805383034795
"GTEX-13S7M-0011-R7a-SM-5O9DK"	"GTEX-13S7M"	"Brain - Putamen (basal ganglia)"	35	44	3.58351893845611	3.80666248977032
"GTEX-13S7M-0011-R9a-SM-5O9DW"	"GTEX-13S7M"	"Brain - Spinal cord (cervical c-1)"	124	94	4.8283137373023	4.55387689160054
"GTEX-13S7M-3026-SM-5S2QQ"	"GTEX-13S7M"	"Brain - Cerebellum"	5	5	1.79175946922806	1.79175946922806
"GTEX-13S7M-3126-SM-5RQJQ"	"GTEX-13S7M"	"Brain - Cortex"	33	28	3.52636052461616	3.36729582998647
"GTEX-13SLW-0011-R10a-SM-5S2UI"	"GTEX-13SLW"	"Brain - Frontal Cortex (BA9)"	42	49	3.76120011569356	3.91202300542815
"GTEX-13SLW-0011-R11a-SM-5SI8Q"	"GTEX-13SLW"	"Brain - Cerebellar Hemisphere"	4	4	1.6094379124341	1.6094379124341
"GTEX-13SLW-0011-R1a-SM-5S2W7"	"GTEX-13SLW"	"Brain - Hippocampus"	34	24	3.55534806148941	3.2188758248682
"GTEX-13SLW-0011-R2b-SM-5O9C6"	"GTEX-13SLW"	"Brain - Substantia nigra"	56	51	4.04305126783455	3.95124371858143
"GTEX-13SLW-0011-R3b-SM-5SI6Y"	"GTEX-13SLW"	"Brain - Anterior cingulate cortex (BA24)"	48	39	3.89182029811063	3.68887945411394
"GTEX-13SLW-0011-R4b-SM-5S2W2"	"GTEX-13SLW"	"Brain - Amygdala"	74	56	4.31748811353631	4.04305126783455
"GTEX-13SLW-0011-R5b-SM-5SI6Z"	"GTEX-13SLW"	"Brain - Caudate (basal ganglia)"	70	51	4.26267987704132	3.95124371858143
"GTEX-13SLW-0011-R6a-SM-5O9BH"	"GTEX-13SLW"	"Brain - Nucleus accumbens (basal ganglia)"	37	45	3.63758615972639	3.8286413964891
"GTEX-13SLW-0011-R8b-SM-5SI64"	"GTEX-13SLW"	"Brain - Hypothalamus"	32	29	3.49650756146648	3.40119738166216
"GTEX-13SLW-0011-R9a-SM-5O9BT"	"GTEX-13SLW"	"Brain - Spinal cord (cervical c-1)"	87	77	4.47733681447821	4.35670882668959
"GTEX-13SLX-0011-R10a-SM-5P9HV"	"GTEX-13SLX"	"Brain - Frontal Cortex (BA9)"	23	30	3.17805383034795	3.43398720448515
"GTEX-13SLX-0011-R11b-SM-5O9C8"	"GTEX-13SLX"	"Brain - Cerebellar Hemisphere"	9	6	2.30258509299405	1.94591014905531
"GTEX-13SLX-0011-R2b-SM-5S2VP"	"GTEX-13SLX"	"Brain - Substantia nigra"	18	16	2.94443897916644	2.83321334405622
"GTEX-13SLX-0011-R4a-SM-5O9BJ"	"GTEX-13SLX"	"Brain - Amygdala"	33	38	3.52636052461616	3.66356164612965
"GTEX-13SLX-0011-R5a-SM-5O9BV"	"GTEX-13SLX"	"Brain - Caudate (basal ganglia)"	69	45	4.24849524204936	3.8286413964891
"GTEX-13SLX-0011-R6a-SM-5PNX4"	"GTEX-13SLX"	"Brain - Nucleus accumbens (basal ganglia)"	76	54	4.34380542185368	4.00733318523247
"GTEX-13SLX-0011-R8b-SM-5PNWZ"	"GTEX-13SLX"	"Brain - Hypothalamus"	23	32	3.17805383034795	3.49650756146648
"GTEX-13SLX-0011-R9b-SM-5SI6X"	"GTEX-13SLX"	"Brain - Spinal cord (cervical c-1)"	52	41	3.97029191355212	3.73766961828337
"GTEX-13SLX-3126-SM-5S2Q5"	"GTEX-13SLX"	"Brain - Cortex"	37	45	3.63758615972639	3.8286413964891
"GTEX-13SLX-3226-SM-5YYA6"	"GTEX-13SLX"	"Brain - Cerebellum"	11	6	2.484906649788	1.94591014905531
"GTEX-13VXU-0011-R11b-SM-5O9DJ"	"GTEX-13VXU"	"Brain - Cerebellar Hemisphere"	20	15	3.04452243772342	2.77258872223978
"GTEX-13VXU-0011-R3b-SM-5O9CU"	"GTEX-13VXU"	"Brain - Anterior cingulate cortex (BA24)"	68	58	4.23410650459726	4.07753744390572
"GTEX-13VXU-0011-R4b-SM-5O9CI"	"GTEX-13VXU"	"Brain - Amygdala"	60	57	4.11087386417331	4.06044301054642
"GTEX-13VXU-0011-R5a-SM-5O9D7"	"GTEX-13VXU"	"Brain - Caudate (basal ganglia)"	43	58	3.78418963391826	4.07753744390572
"GTEX-13VXU-0011-R6a-SM-5SI71"	"GTEX-13VXU"	"Brain - Nucleus accumbens (basal ganglia)"	64	46	4.17438726989564	3.85014760171006
"GTEX-13VXU-0011-R7b-SM-5SI72"	"GTEX-13VXU"	"Brain - Putamen (basal ganglia)"	29	40	3.40119738166216	3.71357206670431
"GTEX-13VXU-0011-R9b-SM-5SI73"	"GTEX-13VXU"	"Brain - Spinal cord (cervical c-1)"	58	56	4.07753744390572	4.04305126783455
"GTEX-13VXU-2926-SM-5LU5C"	"GTEX-13VXU"	"Brain - Cortex"	69	45	4.24849524204936	3.8286413964891
"GTEX-13VXU-3026-SM-5LU3K"	"GTEX-13VXU"	"Brain - Cerebellum"	19	25	2.99573227355399	3.25809653802148
"GTEX-13X6I-0011-R10a-SM-5PNWI"	"GTEX-13X6I"	"Brain - Frontal Cortex (BA9)"	89	97	4.49980967033027	4.58496747867057
"GTEX-13X6I-0011-R11a-SM-5P9HN"	"GTEX-13X6I"	"Brain - Cerebellar Hemisphere"	16	19	2.83321334405622	2.99573227355399
"GTEX-13X6I-0011-R1b-SM-5PNZC"	"GTEX-13X6I"	"Brain - Hippocampus"	117	101	4.77068462446567	4.62497281328427
"GTEX-13X6I-0011-R2b-SM-5PNWQ"	"GTEX-13X6I"	"Brain - Substantia nigra"	75	54	4.33073334028633	4.00733318523247
"GTEX-13X6I-0011-R3b-SM-5P9HM"	"GTEX-13X6I"	"Brain - Anterior cingulate cortex (BA24)"	74	76	4.31748811353631	4.34380542185368
"GTEX-13X6I-0011-R4b-SM-5PNU9"	"GTEX-13X6I"	"Brain - Amygdala"	70	67	4.26267987704132	4.21950770517611
"GTEX-13X6I-0011-R5a-SM-5PNWW"	"GTEX-13X6I"	"Brain - Caudate (basal ganglia)"	95	89	4.56434819146784	4.49980967033027
"GTEX-13X6I-0011-R7b-SM-5PNWP"	"GTEX-13X6I"	"Brain - Putamen (basal ganglia)"	69	61	4.24849524204936	4.12713438504509
"GTEX-13X6I-0011-R8a-SM-5PNZF"	"GTEX-13X6I"	"Brain - Hypothalamus"	108	70	4.69134788222914	4.26267987704132
"GTEX-13X6I-0011-R9b-SM-5PNZJ"	"GTEX-13X6I"	"Brain - Spinal cord (cervical c-1)"	86	70	4.46590811865458	4.26267987704132
"GTEX-13X6I-2926-SM-5Q5C3"	"GTEX-13X6I"	"Brain - Cerebellum"	13	16	2.63905732961526	2.83321334405622
"GTEX-13X6J-0011-R10b-SM-5PNWA"	"GTEX-13X6J"	"Brain - Frontal Cortex (BA9)"	43	36	3.78418963391826	3.61091791264422
"GTEX-13X6J-0011-R11a-SM-5P9HE"	"GTEX-13X6J"	"Brain - Cerebellar Hemisphere"	5	4	1.79175946922806	1.6094379124341
"GTEX-13X6J-0011-R3b-SM-5P9K5"	"GTEX-13X6J"	"Brain - Anterior cingulate cortex (BA24)"	94	80	4.55387689160054	4.39444915467244
"GTEX-13X6J-0011-R4b-SM-5P9K4"	"GTEX-13X6J"	"Brain - Amygdala"	61	46	4.12713438504509	3.85014760171006
"GTEX-13X6J-0011-R5b-SM-5PNWT"	"GTEX-13X6J"	"Brain - Caudate (basal ganglia)"	44	27	3.80666248977032	3.3322045101752
"GTEX-13X6J-0011-R6a-SM-5PNUB"	"GTEX-13X6J"	"Brain - Nucleus accumbens (basal ganglia)"	39	33	3.68887945411394	3.52636052461616
"GTEX-13X6J-0011-R7b-SM-5PNUC"	"GTEX-13X6J"	"Brain - Putamen (basal ganglia)"	21	23	3.09104245335832	3.17805383034795
"GTEX-13X6J-0011-R8b-SM-5PNUA"	"GTEX-13X6J"	"Brain - Hypothalamus"	33	19	3.52636052461616	2.99573227355399
"GTEX-13X6J-2926-SM-7EPGP"	"GTEX-13X6J"	"Brain - Cerebellum"	16	12	2.83321334405622	2.56494935746154
"GTEX-13X6J-3026-SM-5Q5CU"	"GTEX-13X6J"	"Brain - Cortex"	41	37	3.73766961828337	3.63758615972639
"GTEX-13X6K-0011-R10a-SM-5P9JR"	"GTEX-13X6K"	"Brain - Frontal Cortex (BA9)"	85	71	4.45434729625351	4.27666611901606
"GTEX-13X6K-0011-R11a-SM-5P9F5"	"GTEX-13X6K"	"Brain - Cerebellar Hemisphere"	15	18	2.77258872223978	2.94443897916644
"GTEX-13X6K-0011-R2b-SM-5P9K3"	"GTEX-13X6K"	"Brain - Substantia nigra"	81	77	4.40671924726425	4.35670882668959
"GTEX-13X6K-0011-R3b-SM-5PNUD"	"GTEX-13X6K"	"Brain - Anterior cingulate cortex (BA24)"	47	54	3.87120101090789	4.00733318523247
"GTEX-13X6K-0011-R4b-SM-5P9HO"	"GTEX-13X6K"	"Brain - Amygdala"	84	100	4.44265125649032	4.61512051684126
"GTEX-13X6K-0011-R5b-SM-5PNUE"	"GTEX-13X6K"	"Brain - Caudate (basal ganglia)"	28	38	3.36729582998647	3.66356164612965
"GTEX-13X6K-0011-R6a-SM-5P9K6"	"GTEX-13X6K"	"Brain - Nucleus accumbens (basal ganglia)"	81	75	4.40671924726425	4.33073334028633
"GTEX-13X6K-0011-R7b-SM-5P9K7"	"GTEX-13X6K"	"Brain - Putamen (basal ganglia)"	61	46	4.12713438504509	3.85014760171006
"GTEX-13X6K-0011-R8b-SM-5PNZ4"	"GTEX-13X6K"	"Brain - Hypothalamus"	77	55	4.35670882668959	4.02535169073515
"GTEX-13X6K-2826-SM-5O9DS"	"GTEX-13X6K"	"Brain - Cerebellum"	26	25	3.29583686600433	3.25809653802148
"GTEX-13X6K-2926-SM-5Q5D5"	"GTEX-13X6K"	"Brain - Cortex"	61	55	4.12713438504509	4.02535169073515
"GTEX-1445S-0011-R10a-SM-5PNWB"	"GTEX-1445S"	"Brain - Frontal Cortex (BA9)"	46	44	3.85014760171006	3.80666248977032
"GTEX-1445S-0011-R2b-SM-5PNUH"	"GTEX-1445S"	"Brain - Substantia nigra"	42	32	3.76120011569356	3.49650756146648
"GTEX-1445S-0011-R3a-SM-5P9HY"	"GTEX-1445S"	"Brain - Anterior cingulate cortex (BA24)"	67	43	4.21950770517611	3.78418963391826
"GTEX-1445S-0011-R4a-SM-5PNWN"	"GTEX-1445S"	"Brain - Amygdala"	36	24	3.61091791264422	3.2188758248682
"GTEX-1445S-0011-R5a-SM-5PNUS"	"GTEX-1445S"	"Brain - Caudate (basal ganglia)"	54	41	4.00733318523247	3.73766961828337
"GTEX-1445S-0011-R6b-SM-5PNUF"	"GTEX-1445S"	"Brain - Nucleus accumbens (basal ganglia)"	45	29	3.8286413964891	3.40119738166216
"GTEX-1445S-0011-R7b-SM-5PNUG"	"GTEX-1445S"	"Brain - Putamen (basal ganglia)"	31	37	3.46573590279973	3.63758615972639
"GTEX-1445S-0011-R8a-SM-5PNWX"	"GTEX-1445S"	"Brain - Hypothalamus"	58	62	4.07753744390572	4.14313472639153
"GTEX-1445S-3026-SM-5O9BR"	"GTEX-1445S"	"Brain - Cortex"	69	51	4.24849524204936	3.95124371858143
"GTEX-144FL-3026-SM-5O99C"	"GTEX-144FL"	"Brain - Cortex"	78	50	4.36944785246702	3.93182563272433
"GTEX-144GL-0011-R11b-SM-5P9F6"	"GTEX-144GL"	"Brain - Cerebellar Hemisphere"	18	7	2.94443897916644	2.07944154167984
"GTEX-144GL-0011-R1a-SM-5PNZ5"	"GTEX-144GL"	"Brain - Hippocampus"	44	44	3.80666248977032	3.80666248977032
"GTEX-144GL-0011-R3a-SM-5P9HP"	"GTEX-144GL"	"Brain - Anterior cingulate cortex (BA24)"	78	66	4.36944785246702	4.20469261939097
"GTEX-144GL-0011-R4a-SM-5PNUI"	"GTEX-144GL"	"Brain - Amygdala"	26	20	3.29583686600433	3.04452243772342
"GTEX-144GL-0011-R5b-SM-5PNUJ"	"GTEX-144GL"	"Brain - Caudate (basal ganglia)"	24	26	3.2188758248682	3.29583686600433
"GTEX-144GL-0011-R6a-SM-5P9HW"	"GTEX-144GL"	"Brain - Nucleus accumbens (basal ganglia)"	36	18	3.61091791264422	2.94443897916644
"GTEX-144GL-0011-R7b-SM-5P9HX"	"GTEX-144GL"	"Brain - Putamen (basal ganglia)"	42	27	3.76120011569356	3.3322045101752
"GTEX-144GL-0011-R8a-SM-5Q5B1"	"GTEX-144GL"	"Brain - Hypothalamus"	6	6	1.94591014905531	1.94591014905531
"GTEX-144GL-2926-SM-5O99F"	"GTEX-144GL"	"Brain - Cerebellum"	26	17	3.29583686600433	2.89037175789616
"GTEX-144GL-3026-SM-5Q5CW"	"GTEX-144GL"	"Brain - Cortex"	83	63	4.43081679884331	4.15888308335967
"GTEX-144GO-0011-R1a-SM-5PNWO"	"GTEX-144GO"	"Brain - Hippocampus"	24	11	3.2188758248682	2.484906649788
"GTEX-144GO-0011-R5a-SM-5PNUR"	"GTEX-144GO"	"Brain - Caudate (basal ganglia)"	48	38	3.89182029811063	3.66356164612965
"GTEX-144GO-0011-R6b-SM-5S2V7"	"GTEX-144GO"	"Brain - Nucleus accumbens (basal ganglia)"	24	32	3.2188758248682	3.49650756146648
"GTEX-144GO-0011-R7b-SM-5S2TT"	"GTEX-144GO"	"Brain - Putamen (basal ganglia)"	18	13	2.94443897916644	2.63905732961526
"GTEX-145LS-0011-R10a-SM-5PNUQ"	"GTEX-145LS"	"Brain - Frontal Cortex (BA9)"	90	61	4.51085950651685	4.12713438504509
"GTEX-145LS-0011-R1b-SM-5PNUP"	"GTEX-145LS"	"Brain - Hippocampus"	52	44	3.97029191355212	3.80666248977032
"GTEX-145LS-0011-R2a-SM-5PNZI"	"GTEX-145LS"	"Brain - Substantia nigra"	62	46	4.14313472639153	3.85014760171006
"GTEX-145LS-0011-R3a-SM-5S2VJ"	"GTEX-145LS"	"Brain - Anterior cingulate cortex (BA24)"	43	40	3.78418963391826	3.71357206670431
"GTEX-145LS-0011-R4b-SM-5S2UT"	"GTEX-145LS"	"Brain - Amygdala"	38	34	3.66356164612965	3.55534806148941
"GTEX-145LS-0011-R5a-SM-5SI65"	"GTEX-145LS"	"Brain - Caudate (basal ganglia)"	55	40	4.02535169073515	3.71357206670431
"GTEX-145LS-0011-R6b-SM-5PNWL"	"GTEX-145LS"	"Brain - Nucleus accumbens (basal ganglia)"	24	34	3.2188758248682	3.55534806148941
"GTEX-145LS-0011-R7a-SM-5PNWM"	"GTEX-145LS"	"Brain - Putamen (basal ganglia)"	44	36	3.80666248977032	3.61091791264422
"GTEX-145LS-0011-R8b-SM-5PNXA"	"GTEX-145LS"	"Brain - Hypothalamus"	52	50	3.97029191355212	3.93182563272433
"GTEX-145LS-3026-SM-5O99S"	"GTEX-145LS"	"Brain - Cerebellum"	24	9	3.2188758248682	2.30258509299405
"GTEX-145LS-3126-SM-5Q5BY"	"GTEX-145LS"	"Brain - Cortex"	63	55	4.15888308335967	4.02535169073515
"GTEX-145LU-0011-R10a-SM-5PNWJ"	"GTEX-145LU"	"Brain - Frontal Cortex (BA9)"	44	34	3.80666248977032	3.55534806148941
"GTEX-145LU-0011-R11b-SM-5P9JX"	"GTEX-145LU"	"Brain - Cerebellar Hemisphere"	4	10	1.6094379124341	2.39789527279837
"GTEX-145LU-0011-R1a-SM-5Q5CE"	"GTEX-145LU"	"Brain - Hippocampus"	11	9	2.484906649788	2.30258509299405
"GTEX-145LU-0011-R3a-SM-5P9K2"	"GTEX-145LU"	"Brain - Anterior cingulate cortex (BA24)"	49	47	3.91202300542815	3.87120101090789
"GTEX-145LU-0011-R6a-SM-5S2V6"	"GTEX-145LU"	"Brain - Nucleus accumbens (basal ganglia)"	6	12	1.94591014905531	2.56494935746154
"GTEX-145LU-0011-R8b-SM-5PNZG"	"GTEX-145LU"	"Brain - Hypothalamus"	38	21	3.66356164612965	3.09104245335832
"GTEX-145LU-0011-R9b-SM-5SI66"	"GTEX-145LU"	"Brain - Spinal cord (cervical c-1)"	83	69	4.43081679884331	4.24849524204936
"GTEX-145LU-2626-SM-5LU9Z"	"GTEX-145LU"	"Brain - Cerebellum"	8	3	2.19722457733622	1.38629436111989
"GTEX-145MF-2726-SM-5O995"	"GTEX-145MF"	"Brain - Cortex"	49	49	3.91202300542815	3.91202300542815
"GTEX-145MF-2826-SM-7EPGU"	"GTEX-145MF"	"Brain - Cerebellum"	31	22	3.46573590279973	3.13549421592915
"GTEX-145MG-0011-R10a-SM-5PNWG"	"GTEX-145MG"	"Brain - Frontal Cortex (BA9)"	267	219	5.59098698051086	5.39362754635236
"GTEX-145MG-0011-R3b-SM-5SI67"	"GTEX-145MG"	"Brain - Anterior cingulate cortex (BA24)"	19	22	2.99573227355399	3.13549421592915
"GTEX-145MG-0011-R5b-SM-5S2VU"	"GTEX-145MG"	"Brain - Caudate (basal ganglia)"	11	13	2.484906649788	2.63905732961526
"GTEX-145MG-0011-R7b-SM-5P9JY"	"GTEX-145MG"	"Brain - Putamen (basal ganglia)"	21	22	3.09104245335832	3.13549421592915
"GTEX-145MG-3026-SM-5RQJA"	"GTEX-145MG"	"Brain - Cortex"	38	29	3.66356164612965	3.40119738166216
"GTEX-145MG-3126-SM-5Q5D3"	"GTEX-145MG"	"Brain - Cerebellum"	9	10	2.30258509299405	2.39789527279837
"GTEX-145MH-0011-R10b-SM-5PNUK"	"GTEX-145MH"	"Brain - Frontal Cortex (BA9)"	56	55	4.04305126783455	4.02535169073515
"GTEX-145MH-0011-R11a-SM-5P9HQ"	"GTEX-145MH"	"Brain - Cerebellar Hemisphere"	15	10	2.77258872223978	2.39789527279837
"GTEX-145MH-0011-R1b-SM-5PNWY"	"GTEX-145MH"	"Brain - Hippocampus"	93	66	4.54329478227	4.20469261939097
"GTEX-145MH-0011-R3b-SM-5P9JQ"	"GTEX-145MH"	"Brain - Anterior cingulate cortex (BA24)"	92	59	4.53259949315326	4.0943445622221
"GTEX-145MH-0011-R5a-SM-5P9JT"	"GTEX-145MH"	"Brain - Caudate (basal ganglia)"	58	54	4.07753744390572	4.00733318523247
"GTEX-145MH-0011-R6a-SM-5PNZ7"	"GTEX-145MH"	"Brain - Nucleus accumbens (basal ganglia)"	116	102	4.76217393479776	4.63472898822964
"GTEX-145MH-0011-R7a-SM-5PNWH"	"GTEX-145MH"	"Brain - Putamen (basal ganglia)"	61	47	4.12713438504509	3.87120101090789
"GTEX-145MH-0011-R8a-SM-5PNUL"	"GTEX-145MH"	"Brain - Hypothalamus"	17	23	2.89037175789616	3.17805383034795
"GTEX-145MH-2926-SM-5Q5D2"	"GTEX-145MH"	"Brain - Cerebellum"	13	14	2.63905732961526	2.70805020110221
"GTEX-145MH-3026-SM-5Q5DZ"	"GTEX-145MH"	"Brain - Cortex"	77	47	4.35670882668959	3.87120101090789
"GTEX-145MI-0011-R10a-SM-5PNZD"	"GTEX-145MI"	"Brain - Frontal Cortex (BA9)"	95	93	4.56434819146784	4.54329478227
"GTEX-145MI-0011-R11a-SM-5P9JZ"	"GTEX-145MI"	"Brain - Cerebellar Hemisphere"	8	4	2.19722457733622	1.6094379124341
"GTEX-145MI-0011-R4b-SM-5PNZH"	"GTEX-145MI"	"Brain - Amygdala"	67	65	4.21950770517611	4.18965474202643
"GTEX-145MI-0011-R6a-SM-5PNZA"	"GTEX-145MI"	"Brain - Nucleus accumbens (basal ganglia)"	53	47	3.98898404656427	3.87120101090789
"GTEX-145MI-0011-R8b-SM-5PNZ9"	"GTEX-145MI"	"Brain - Hypothalamus"	38	46	3.66356164612965	3.85014760171006
"GTEX-14753-0011-R10b-SM-5S2WE"	"GTEX-14753"	"Brain - Frontal Cortex (BA9)"	30	30	3.43398720448515	3.43398720448515
"GTEX-14753-0011-R5a-SM-5S2VW"	"GTEX-14753"	"Brain - Caudate (basal ganglia)"	13	12	2.63905732961526	2.56494935746154
"GTEX-14753-0011-R6b-SM-5S2UD"	"GTEX-14753"	"Brain - Nucleus accumbens (basal ganglia)"	0	1	0	0.693147180559945
"GTEX-14753-0011-R8b-SM-5S2U1"	"GTEX-14753"	"Brain - Hypothalamus"	10	5	2.39789527279837	1.79175946922806
"GTEX-1477Z-0011-R10b-SM-5S2RF"	"GTEX-1477Z"	"Brain - Frontal Cortex (BA9)"	29	28	3.40119738166216	3.36729582998647
"GTEX-1477Z-0011-R3b-SM-5PNX9"	"GTEX-1477Z"	"Brain - Anterior cingulate cortex (BA24)"	32	31	3.49650756146648	3.46573590279973
"GTEX-1477Z-0011-R5b-SM-5PNUO"	"GTEX-1477Z"	"Brain - Caudate (basal ganglia)"	44	37	3.80666248977032	3.63758615972639
"GTEX-1477Z-0011-R8b-SM-5S2RG"	"GTEX-1477Z"	"Brain - Hypothalamus"	25	24	3.25809653802148	3.2188758248682
"GTEX-147F4-0011-R10b-SM-5S2WC"	"GTEX-147F4"	"Brain - Frontal Cortex (BA9)"	43	36	3.78418963391826	3.61091791264422
"GTEX-147F4-0011-R6b-SM-5S2UP"	"GTEX-147F4"	"Brain - Nucleus accumbens (basal ganglia)"	22	23	3.13549421592915	3.17805383034795
"GTEX-147F4-0011-R8b-SM-5S2UN"	"GTEX-147F4"	"Brain - Hypothalamus"	33	23	3.52636052461616	3.17805383034795
"GTEX-147F4-3026-SM-5Q5BJ"	"GTEX-147F4"	"Brain - Cerebellum"	14	6	2.70805020110221	1.94591014905531
"GTEX-147GR-0011-R10b-SM-5S2UM"	"GTEX-147GR"	"Brain - Frontal Cortex (BA9)"	66	40	4.20469261939097	3.71357206670431
"GTEX-147GR-0011-R2b-SM-5S2RQ"	"GTEX-147GR"	"Brain - Substantia nigra"	18	13	2.94443897916644	2.63905732961526
"GTEX-147GR-0011-R4a-SM-5S2V2"	"GTEX-147GR"	"Brain - Amygdala"	10	18	2.39789527279837	2.94443897916644
"GTEX-147GR-0011-R6b-SM-5S2RO"	"GTEX-147GR"	"Brain - Nucleus accumbens (basal ganglia)"	26	31	3.29583686600433	3.46573590279973
"GTEX-147GR-0011-R7a-SM-5S2RP"	"GTEX-147GR"	"Brain - Putamen (basal ganglia)"	14	18	2.70805020110221	2.94443897916644
"GTEX-147GR-0011-R9a-SM-5S2UY"	"GTEX-147GR"	"Brain - Spinal cord (cervical c-1)"	58	71	4.07753744390572	4.27666611901606
"GTEX-147GR-3026-SM-5S2ML"	"GTEX-147GR"	"Brain - Cortex"	33	30	3.52636052461616	3.43398720448515
"GTEX-147GR-3126-SM-5S2PM"	"GTEX-147GR"	"Brain - Cerebellum"	22	17	3.13549421592915	2.89037175789616
"GTEX-148VJ-0011-R3b-SM-69LQJ"	"GTEX-148VJ"	"Brain - Anterior cingulate cortex (BA24)"	23	28	3.17805383034795	3.36729582998647
"GTEX-148VJ-0011-R9b-SM-5SI77"	"GTEX-148VJ"	"Brain - Spinal cord (cervical c-1)"	49	40	3.91202300542815	3.71357206670431
"GTEX-14A5I-2826-SM-5SIBF"	"GTEX-14A5I"	"Brain - Cerebellum"	16	12	2.83321334405622	2.56494935746154
"GTEX-14A5I-2926-SM-5Q5CQ"	"GTEX-14A5I"	"Brain - Cortex"	67	57	4.21950770517611	4.06044301054642
"GTEX-14ABY-0011-R11a-SM-5SI7C"	"GTEX-14ABY"	"Brain - Cerebellar Hemisphere"	8	12	2.19722457733622	2.56494935746154
"GTEX-14ABY-0011-R1a-SM-6EU2W"	"GTEX-14ABY"	"Brain - Hippocampus"	38	23	3.66356164612965	3.17805383034795
"GTEX-14ABY-0011-R4b-SM-5S2VN"	"GTEX-14ABY"	"Brain - Amygdala"	56	43	4.04305126783455	3.78418963391826
"GTEX-14ABY-0011-R5b-SM-5SI7B"	"GTEX-14ABY"	"Brain - Caudate (basal ganglia)"	43	29	3.78418963391826	3.40119738166216
"GTEX-14ABY-0011-R6a-SM-5PNWR"	"GTEX-14ABY"	"Brain - Nucleus accumbens (basal ganglia)"	50	49	3.93182563272433	3.91202300542815
"GTEX-14ABY-0011-R7b-SM-5PNWS"	"GTEX-14ABY"	"Brain - Putamen (basal ganglia)"	22	19	3.13549421592915	2.99573227355399
"GTEX-14ABY-0011-R9a-SM-5PNZK"	"GTEX-14ABY"	"Brain - Spinal cord (cervical c-1)"	140	112	4.94875989037817	4.72738781871234
"GTEX-14ABY-3026-SM-664NE"	"GTEX-14ABY"	"Brain - Cerebellum"	11	12	2.484906649788	2.56494935746154
"GTEX-14ASI-0011-R10b-SM-5S2VZ"	"GTEX-14ASI"	"Brain - Frontal Cortex (BA9)"	52	47	3.97029191355212	3.87120101090789
"GTEX-14ASI-0011-R11b-SM-6AJBJ"	"GTEX-14ASI"	"Brain - Cerebellar Hemisphere"	4	4	1.6094379124341	1.6094379124341
"GTEX-14ASI-0011-R1b-SM-5S2TY"	"GTEX-14ASI"	"Brain - Hippocampus"	57	46	4.06044301054642	3.85014760171006
"GTEX-14ASI-0011-R2b-SM-5YY9H"	"GTEX-14ASI"	"Brain - Substantia nigra"	54	48	4.00733318523247	3.89182029811063
"GTEX-14ASI-0011-R4a-SM-69LQ4"	"GTEX-14ASI"	"Brain - Amygdala"	18	16	2.94443897916644	2.83321334405622
"GTEX-14ASI-0011-R5b-SM-6EU2M"	"GTEX-14ASI"	"Brain - Caudate (basal ganglia)"	30	30	3.43398720448515	3.43398720448515
"GTEX-14ASI-0011-R6a-SM-5S2UZ"	"GTEX-14ASI"	"Brain - Nucleus accumbens (basal ganglia)"	30	27	3.43398720448515	3.3322045101752
"GTEX-14ASI-0011-R7b-SM-5YY9G"	"GTEX-14ASI"	"Brain - Putamen (basal ganglia)"	41	30	3.73766961828337	3.43398720448515
"GTEX-14ASI-0011-R8b-SM-5S2UB"	"GTEX-14ASI"	"Brain - Hypothalamus"	30	21	3.43398720448515	3.09104245335832
"GTEX-14ASI-2926-SM-5Q5DG"	"GTEX-14ASI"	"Brain - Cerebellum"	15	21	2.77258872223978	3.09104245335832
"GTEX-14ASI-3026-SM-5S2PN"	"GTEX-14ASI"	"Brain - Cortex"	58	41	4.07753744390572	3.73766961828337
"GTEX-14BIL-0011-R10a-SM-5SI75"	"GTEX-14BIL"	"Brain - Frontal Cortex (BA9)"	63	49	4.15888308335967	3.91202300542815
"GTEX-14BIL-0011-R8b-SM-69LQK"	"GTEX-14BIL"	"Brain - Hypothalamus"	34	39	3.55534806148941	3.68887945411394
"GTEX-14BIL-0011-R9a-SM-5SI7A"	"GTEX-14BIL"	"Brain - Spinal cord (cervical c-1)"	95	73	4.56434819146784	4.30406509320417
"GTEX-14BIL-3026-SM-7EWD4"	"GTEX-14BIL"	"Brain - Cortex"	58	63	4.07753744390572	4.15888308335967
"GTEX-14BIM-0011-R11b-SM-5S2RN"	"GTEX-14BIM"	"Brain - Cerebellar Hemisphere"	7	5	2.07944154167984	1.79175946922806
"GTEX-14BIM-0011-R1a-SM-69LQI"	"GTEX-14BIM"	"Brain - Hippocampus"	17	14	2.89037175789616	2.70805020110221
"GTEX-14BIM-0011-R2b-SM-69LQ6"	"GTEX-14BIM"	"Brain - Substantia nigra"	24	22	3.2188758248682	3.13549421592915
"GTEX-14BIM-0011-R3b-SM-5S2RL"	"GTEX-14BIM"	"Brain - Anterior cingulate cortex (BA24)"	34	36	3.55534806148941	3.61091791264422
"GTEX-14BIM-0011-R4b-SM-5S2RK"	"GTEX-14BIM"	"Brain - Amygdala"	25	13	3.25809653802148	2.63905732961526
"GTEX-14BIM-0011-R5b-SM-5S2RM"	"GTEX-14BIM"	"Brain - Caudate (basal ganglia)"	28	27	3.36729582998647	3.3322045101752
"GTEX-14BIM-0011-R6b-SM-5S2VB"	"GTEX-14BIM"	"Brain - Nucleus accumbens (basal ganglia)"	48	36	3.89182029811063	3.61091791264422
"GTEX-14BIM-0011-R9a-SM-6LLJL"	"GTEX-14BIM"	"Brain - Spinal cord (cervical c-1)"	90	67	4.51085950651685	4.21950770517611
"GTEX-14BIM-3026-SM-7EWCY"	"GTEX-14BIM"	"Brain - Cortex"	52	44	3.97029191355212	3.80666248977032
"GTEX-14BIM-3126-SM-5Q5C7"	"GTEX-14BIM"	"Brain - Cerebellum"	34	23	3.55534806148941	3.17805383034795
"GTEX-14BIN-0011-R10a-SM-5S2UA"	"GTEX-14BIN"	"Brain - Frontal Cortex (BA9)"	52	48	3.97029191355212	3.89182029811063
"GTEX-14BIN-0011-R11a-SM-5SI79"	"GTEX-14BIN"	"Brain - Cerebellar Hemisphere"	11	10	2.484906649788	2.39789527279837
"GTEX-14BIN-0011-R2a-SM-5S2RJ"	"GTEX-14BIN"	"Brain - Substantia nigra"	20	18	3.04452243772342	2.94443897916644
"GTEX-14BIN-0011-R3b-SM-6AJBL"	"GTEX-14BIN"	"Brain - Anterior cingulate cortex (BA24)"	44	25	3.80666248977032	3.25809653802148
"GTEX-14BIN-0011-R5b-SM-5SI78"	"GTEX-14BIN"	"Brain - Caudate (basal ganglia)"	33	31	3.52636052461616	3.46573590279973
"GTEX-14BIN-0011-R6a-SM-5S2RH"	"GTEX-14BIN"	"Brain - Nucleus accumbens (basal ganglia)"	41	35	3.73766961828337	3.58351893845611
"GTEX-14BIN-0011-R7b-SM-5S2RI"	"GTEX-14BIN"	"Brain - Putamen (basal ganglia)"	15	19	2.77258872223978	2.99573227355399
"GTEX-14BIN-0011-R9a-SM-5SI76"	"GTEX-14BIN"	"Brain - Spinal cord (cervical c-1)"	65	64	4.18965474202643	4.17438726989564
"GTEX-14BIN-3226-SM-62LDR"	"GTEX-14BIN"	"Brain - Cortex"	79	74	4.38202663467388	4.31748811353631
"GTEX-14BIN-3326-SM-5Q5E6"	"GTEX-14BIN"	"Brain - Cerebellum"	13	7	2.63905732961526	2.07944154167984
"GTEX-14BMV-0011-R3a-SM-5ZZU7"	"GTEX-14BMV"	"Brain - Anterior cingulate cortex (BA24)"	20	17	3.04452243772342	2.89037175789616
"GTEX-14BMV-0011-R5b-SM-62LFT"	"GTEX-14BMV"	"Brain - Caudate (basal ganglia)"	37	38	3.63758615972639	3.66356164612965
"GTEX-14BMV-0011-R6b-SM-5YY9I"	"GTEX-14BMV"	"Brain - Nucleus accumbens (basal ganglia)"	42	40	3.76120011569356	3.71357206670431
"GTEX-14BMV-0011-R7b-SM-5YY9J"	"GTEX-14BMV"	"Brain - Putamen (basal ganglia)"	40	37	3.71357206670431	3.63758615972639
"GTEX-14BMV-0011-R9b-SM-5ZZUA"	"GTEX-14BMV"	"Brain - Spinal cord (cervical c-1)"	96	72	4.57471097850338	4.29045944114839
"GTEX-14BMV-2926-SM-5TDEE"	"GTEX-14BMV"	"Brain - Cerebellum"	33	20	3.52636052461616	3.04452243772342
"GTEX-14BMV-3026-SM-5S2PQ"	"GTEX-14BMV"	"Brain - Cortex"	52	37	3.97029191355212	3.63758615972639
"GTEX-14C39-0011-R11b-SM-5YYAF"	"GTEX-14C39"	"Brain - Cerebellar Hemisphere"	42	27	3.76120011569356	3.3322045101752
"GTEX-14C39-0011-R3b-SM-5YYA3"	"GTEX-14C39"	"Brain - Anterior cingulate cortex (BA24)"	62	61	4.14313472639153	4.12713438504509
"GTEX-14C39-0011-R5b-SM-5ZZV1"	"GTEX-14C39"	"Brain - Caudate (basal ganglia)"	60	53	4.11087386417331	3.98898404656427
"GTEX-14C39-3026-SM-5S2QE"	"GTEX-14C39"	"Brain - Cerebellum"	31	21	3.46573590279973	3.09104245335832
"GTEX-14C39-3126-SM-5ZZW6"	"GTEX-14C39"	"Brain - Cortex"	66	60	4.20469261939097	4.11087386417331
"GTEX-14C5O-0011-R10a-SM-6872F"	"GTEX-14C5O"	"Brain - Frontal Cortex (BA9)"	98	80	4.59511985013459	4.39444915467244
"GTEX-14C5O-0011-R11b-SM-6872H"	"GTEX-14C5O"	"Brain - Cerebellar Hemisphere"	19	13	2.99573227355399	2.63905732961526
"GTEX-14C5O-0011-R1b-SM-6AJBW"	"GTEX-14C5O"	"Brain - Hippocampus"	67	57	4.21950770517611	4.06044301054642
"GTEX-14C5O-0011-R2a-SM-5ZZV2"	"GTEX-14C5O"	"Brain - Substantia nigra"	53	37	3.98898404656427	3.63758615972639
"GTEX-14C5O-0011-R6a-SM-5YYB6"	"GTEX-14C5O"	"Brain - Nucleus accumbens (basal ganglia)"	107	77	4.68213122712422	4.35670882668959
"GTEX-14C5O-0011-R7b-SM-5YYAH"	"GTEX-14C5O"	"Brain - Putamen (basal ganglia)"	75	66	4.33073334028633	4.20469261939097
"GTEX-14C5O-0011-R8a-SM-5YYAG"	"GTEX-14C5O"	"Brain - Hypothalamus"	50	45	3.93182563272433	3.8286413964891
"GTEX-14C5O-2926-SM-5RQI1"	"GTEX-14C5O"	"Brain - Cerebellum"	22	21	3.13549421592915	3.09104245335832
"GTEX-14C5O-3026-SM-5YYB2"	"GTEX-14C5O"	"Brain - Cortex"	106	81	4.67282883446191	4.40671924726425
"GTEX-14DAQ-0011-R11a-SM-664NO"	"GTEX-14DAQ"	"Brain - Cerebellar Hemisphere"	21	29	3.09104245335832	3.40119738166216
"GTEX-14DAQ-0011-R3b-SM-5YYAJ"	"GTEX-14DAQ"	"Brain - Anterior cingulate cortex (BA24)"	40	34	3.71357206670431	3.55534806148941
"GTEX-14DAQ-0011-R4a-SM-5YYAI"	"GTEX-14DAQ"	"Brain - Amygdala"	32	29	3.49650756146648	3.40119738166216
"GTEX-14DAQ-0011-R5b-SM-5YYAK"	"GTEX-14DAQ"	"Brain - Caudate (basal ganglia)"	61	44	4.12713438504509	3.80666248977032
"GTEX-14DAQ-3026-SM-5S2QZ"	"GTEX-14DAQ"	"Brain - Cerebellum"	20	18	3.04452243772342	2.94443897916644
"GTEX-14DAQ-3126-SM-62LDS"	"GTEX-14DAQ"	"Brain - Cortex"	102	73	4.63472898822964	4.30406509320417
"GTEX-14E6C-0011-R9a-SM-6EU33"	"GTEX-14E6C"	"Brain - Spinal cord (cervical c-1)"	51	49	3.95124371858143	3.91202300542815
"GTEX-14E6D-0011-R10a-SM-5YY9C"	"GTEX-14E6D"	"Brain - Frontal Cortex (BA9)"	124	94	4.8283137373023	4.55387689160054
"GTEX-14E6D-0011-R11b-SM-664NP"	"GTEX-14E6D"	"Brain - Cerebellar Hemisphere"	5	13	1.79175946922806	2.63905732961526
"GTEX-14E6D-0011-R1b-SM-5YYAW"	"GTEX-14E6D"	"Brain - Hippocampus"	61	45	4.12713438504509	3.8286413964891
"GTEX-14E6D-0011-R5b-SM-69LQR"	"GTEX-14E6D"	"Brain - Caudate (basal ganglia)"	39	37	3.68887945411394	3.63758615972639
"GTEX-14E6D-2926-SM-664OP"	"GTEX-14E6D"	"Brain - Cerebellum"	8	7	2.19722457733622	2.07944154167984
"GTEX-14E7W-0011-R10a-SM-5YYAX"	"GTEX-14E7W"	"Brain - Frontal Cortex (BA9)"	76	52	4.34380542185368	3.97029191355212
"GTEX-14E7W-0011-R11a-SM-5ZZVA"	"GTEX-14E7W"	"Brain - Cerebellar Hemisphere"	15	14	2.77258872223978	2.70805020110221
"GTEX-14E7W-0011-R1b-SM-5YYAT"	"GTEX-14E7W"	"Brain - Hippocampus"	69	50	4.24849524204936	3.93182563272433
"GTEX-14E7W-0011-R3b-SM-5YYB5"	"GTEX-14E7W"	"Brain - Anterior cingulate cortex (BA24)"	50	30	3.93182563272433	3.43398720448515
"GTEX-14E7W-0011-R4b-SM-62LEA"	"GTEX-14E7W"	"Brain - Amygdala"	19	20	2.99573227355399	3.04452243772342
"GTEX-14E7W-0011-R6b-SM-5ZZV3"	"GTEX-14E7W"	"Brain - Nucleus accumbens (basal ganglia)"	40	40	3.71357206670431	3.71357206670431
"GTEX-14E7W-0011-R7b-SM-5ZZV4"	"GTEX-14E7W"	"Brain - Putamen (basal ganglia)"	14	12	2.70805020110221	2.56494935746154
"GTEX-14E7W-0011-R9a-SM-62LE6"	"GTEX-14E7W"	"Brain - Spinal cord (cervical c-1)"	37	64	3.63758615972639	4.17438726989564
"GTEX-14E7W-2926-SM-5S2R8"	"GTEX-14E7W"	"Brain - Cerebellum"	7	6	2.07944154167984	1.94591014905531
"GTEX-14JFF-0011-R4a-SM-5ZZV5"	"GTEX-14JFF"	"Brain - Amygdala"	13	7	2.63905732961526	2.07944154167984
"GTEX-14JFF-2826-SM-6871Q"	"GTEX-14JFF"	"Brain - Cerebellum"	18	8	2.94443897916644	2.19722457733622
"GTEX-14JG1-0011-R2a-SM-5ZZVE"	"GTEX-14JG1"	"Brain - Substantia nigra"	40	31	3.71357206670431	3.46573590279973
"GTEX-14JG1-0011-R3a-SM-62LEC"	"GTEX-14JG1"	"Brain - Anterior cingulate cortex (BA24)"	69	68	4.24849524204936	4.23410650459726
"GTEX-14JG1-0011-R4b-SM-62LEB"	"GTEX-14JG1"	"Brain - Amygdala"	38	19	3.66356164612965	2.99573227355399
"GTEX-14JG1-0011-R5a-SM-62LED"	"GTEX-14JG1"	"Brain - Caudate (basal ganglia)"	19	13	2.99573227355399	2.63905732961526
"GTEX-14JG1-0011-R6b-SM-5YYAU"	"GTEX-14JG1"	"Brain - Nucleus accumbens (basal ganglia)"	66	50	4.20469261939097	3.93182563272433
"GTEX-14JG1-0011-R7b-SM-5YYAV"	"GTEX-14JG1"	"Brain - Putamen (basal ganglia)"	49	56	3.91202300542815	4.04305126783455
"GTEX-14JG1-2926-SM-686ZK"	"GTEX-14JG1"	"Brain - Cerebellum"	26	21	3.29583686600433	3.09104245335832
"GTEX-14JG1-3026-SM-5YYAA"	"GTEX-14JG1"	"Brain - Cortex"	85	65	4.45434729625351	4.18965474202643
"GTEX-14JIY-0011-R10a-SM-6AJAO"	"GTEX-14JIY"	"Brain - Frontal Cortex (BA9)"	52	54	3.97029191355212	4.00733318523247
"GTEX-14JIY-0011-R1a-SM-68713"	"GTEX-14JIY"	"Brain - Hippocampus"	31	27	3.46573590279973	3.3322045101752
"GTEX-14JIY-0011-R3a-SM-5YYAQ"	"GTEX-14JIY"	"Brain - Anterior cingulate cortex (BA24)"	46	51	3.85014760171006	3.95124371858143
"GTEX-14JIY-0011-R4b-SM-5ZZV7"	"GTEX-14JIY"	"Brain - Amygdala"	77	51	4.35670882668959	3.95124371858143
"GTEX-14JIY-0011-R5b-SM-62LE7"	"GTEX-14JIY"	"Brain - Caudate (basal ganglia)"	35	44	3.58351893845611	3.80666248977032
"GTEX-14JIY-0011-R6b-SM-68714"	"GTEX-14JIY"	"Brain - Nucleus accumbens (basal ganglia)"	77	60	4.35670882668959	4.11087386417331
"GTEX-14JIY-0011-R8a-SM-6AJAP"	"GTEX-14JIY"	"Brain - Hypothalamus"	25	24	3.25809653802148	3.2188758248682
"GTEX-14JIY-0011-R9a-SM-6EU34"	"GTEX-14JIY"	"Brain - Spinal cord (cervical c-1)"	69	44	4.24849524204936	3.80666248977032
"GTEX-14JIY-2326-SM-6AJAJ"	"GTEX-14JIY"	"Brain - Cerebellum"	24	17	3.2188758248682	2.89037175789616
"GTEX-14JIY-2926-SM-69LPT"	"GTEX-14JIY"	"Brain - Cortex"	61	56	4.12713438504509	4.04305126783455
"GTEX-14LLW-0011-R1a-SM-5ZZVD"	"GTEX-14LLW"	"Brain - Hippocampus"	18	12	2.94443897916644	2.56494935746154
"GTEX-14LLW-0011-R3b-SM-62LFW"	"GTEX-14LLW"	"Brain - Anterior cingulate cortex (BA24)"	79	74	4.38202663467388	4.31748811353631
"GTEX-14LLW-0011-R5b-SM-5ZZU6"	"GTEX-14LLW"	"Brain - Caudate (basal ganglia)"	56	32	4.04305126783455	3.49650756146648
"GTEX-14LLW-0011-R8a-SM-62LFG"	"GTEX-14LLW"	"Brain - Hypothalamus"	14	6	2.70805020110221	1.94591014905531
"GTEX-14LZ3-0011-R10b-SM-6AJA9"	"GTEX-14LZ3"	"Brain - Frontal Cortex (BA9)"	34	33	3.55534806148941	3.52636052461616
"GTEX-14LZ3-0011-R1a-SM-69LP5"	"GTEX-14LZ3"	"Brain - Hippocampus"	63	57	4.15888308335967	4.06044301054642
"GTEX-14LZ3-0011-R3a-SM-664NQ"	"GTEX-14LZ3"	"Brain - Anterior cingulate cortex (BA24)"	31	35	3.46573590279973	3.58351893845611
"GTEX-14LZ3-0011-R5b-SM-5ZZV8"	"GTEX-14LZ3"	"Brain - Caudate (basal ganglia)"	39	36	3.68887945411394	3.61091791264422
"GTEX-14LZ3-0011-R6a-SM-D3L8C"	"GTEX-14LZ3"	"Brain - Nucleus accumbens (basal ganglia)"	43	49	3.78418963391826	3.91202300542815
"GTEX-14LZ3-0011-R7a-SM-69LQN"	"GTEX-14LZ3"	"Brain - Putamen (basal ganglia)"	60	33	4.11087386417331	3.52636052461616
"GTEX-14LZ3-0011-R8b-SM-COH3M"	"GTEX-14LZ3"	"Brain - Hypothalamus"	60	48	4.11087386417331	3.89182029811063
"GTEX-14LZ3-3026-SM-5ZZVU"	"GTEX-14LZ3"	"Brain - Cortex"	57	44	4.06044301054642	3.80666248977032
"GTEX-14PHW-0011-R6b-SM-5YYAR"	"GTEX-14PHW"	"Brain - Nucleus accumbens (basal ganglia)"	20	20	3.04452243772342	3.04452243772342
"GTEX-14PJM-0011-R10a-SM-686ZP"	"GTEX-14PJM"	"Brain - Frontal Cortex (BA9)"	38	41	3.66356164612965	3.73766961828337
"GTEX-14PJM-0011-R1a-SM-CNPO3"	"GTEX-14PJM"	"Brain - Hippocampus"	29	26	3.40119738166216	3.29583686600433
"GTEX-14PJM-0011-R3b-SM-5ZZV9"	"GTEX-14PJM"	"Brain - Anterior cingulate cortex (BA24)"	36	40	3.61091791264422	3.71357206670431
"GTEX-14PJM-0011-R4a-SM-5YYAS"	"GTEX-14PJM"	"Brain - Amygdala"	50	54	3.93182563272433	4.00733318523247
"GTEX-14PJM-0011-R6a-SM-6872G"	"GTEX-14PJM"	"Brain - Nucleus accumbens (basal ganglia)"	68	51	4.23410650459726	3.95124371858143
"GTEX-14PJM-0011-R7a-SM-6AJBX"	"GTEX-14PJM"	"Brain - Putamen (basal ganglia)"	24	22	3.2188758248682	3.13549421592915
"GTEX-14PJM-0011-R8b-SM-69LPD"	"GTEX-14PJM"	"Brain - Hypothalamus"	24	19	3.2188758248682	2.99573227355399
"GTEX-14PJM-0011-R9b-SM-6EU35"	"GTEX-14PJM"	"Brain - Spinal cord (cervical c-1)"	106	71	4.67282883446191	4.27666611901606
"GTEX-14PJM-3026-SM-6LLHM"	"GTEX-14PJM"	"Brain - Cerebellum"	31	20	3.46573590279973	3.04452243772342
"GTEX-14PJM-3126-SM-6EU2R"	"GTEX-14PJM"	"Brain - Cortex"	66	62	4.20469261939097	4.14313472639153
"GTEX-14PJO-0011-R10a-SM-686ZS"	"GTEX-14PJO"	"Brain - Frontal Cortex (BA9)"	17	15	2.89037175789616	2.77258872223978
"GTEX-14PJO-0011-R1b-SM-6AJAK"	"GTEX-14PJO"	"Brain - Hippocampus"	33	23	3.52636052461616	3.17805383034795
"GTEX-14PJO-0011-R2a-SM-5ZZVF"	"GTEX-14PJO"	"Brain - Substantia nigra"	29	21	3.40119738166216	3.09104245335832
"GTEX-14PJO-0011-R3a-SM-6AJBY"	"GTEX-14PJO"	"Brain - Anterior cingulate cortex (BA24)"	30	33	3.43398720448515	3.52636052461616
"GTEX-14PJO-0011-R5a-SM-6AJBZ"	"GTEX-14PJO"	"Brain - Caudate (basal ganglia)"	47	27	3.87120101090789	3.3322045101752
"GTEX-14PJO-0011-R7a-SM-664NR"	"GTEX-14PJO"	"Brain - Putamen (basal ganglia)"	46	46	3.85014760171006	3.85014760171006
"GTEX-14PJO-0011-R8a-SM-6AJAL"	"GTEX-14PJO"	"Brain - Hypothalamus"	23	18	3.17805383034795	2.94443897916644
"GTEX-14PJO-0011-R9b-SM-62LE9"	"GTEX-14PJO"	"Brain - Spinal cord (cervical c-1)"	135	92	4.91265488573605	4.53259949315326
"GTEX-14PJO-2926-SM-686ZI"	"GTEX-14PJO"	"Brain - Cerebellum"	41	21	3.73766961828337	3.09104245335832
"GTEX-14PN4-0011-R10b-SM-69LP2"	"GTEX-14PN4"	"Brain - Frontal Cortex (BA9)"	69	52	4.24849524204936	3.97029191355212
"GTEX-14PN4-0011-R11a-SM-686ZW"	"GTEX-14PN4"	"Brain - Cerebellar Hemisphere"	17	13	2.89037175789616	2.63905732961526
"GTEX-14PN4-0011-R1b-SM-69LP8"	"GTEX-14PN4"	"Brain - Hippocampus"	75	54	4.33073334028633	4.00733318523247
"GTEX-14PN4-0011-R2a-SM-6EU2Y"	"GTEX-14PN4"	"Brain - Substantia nigra"	54	48	4.00733318523247	3.89182029811063
"GTEX-14PN4-0011-R3b-SM-686ZU"	"GTEX-14PN4"	"Brain - Anterior cingulate cortex (BA24)"	65	45	4.18965474202643	3.8286413964891
"GTEX-14PN4-0011-R4a-SM-686ZT"	"GTEX-14PN4"	"Brain - Amygdala"	52	48	3.97029191355212	3.89182029811063
"GTEX-14PN4-0011-R5a-SM-686ZV"	"GTEX-14PN4"	"Brain - Caudate (basal ganglia)"	64	42	4.17438726989564	3.76120011569356
"GTEX-14PN4-0011-R6b-SM-69LQU"	"GTEX-14PN4"	"Brain - Nucleus accumbens (basal ganglia)"	80	79	4.39444915467244	4.38202663467388
"GTEX-14PN4-0011-R7b-SM-69LQQ"	"GTEX-14PN4"	"Brain - Putamen (basal ganglia)"	51	38	3.95124371858143	3.66356164612965
"GTEX-14PN4-0011-R8a-SM-6EU1H"	"GTEX-14PN4"	"Brain - Hypothalamus"	62	46	4.14313472639153	3.85014760171006
"GTEX-14PN4-0011-R9a-SM-6LLH9"	"GTEX-14PN4"	"Brain - Spinal cord (cervical c-1)"	153	110	5.03695260241363	4.70953020131233
"GTEX-14PN4-3026-SM-664O4"	"GTEX-14PN4"	"Brain - Cerebellum"	21	26	3.09104245335832	3.29583686600433
"GTEX-14PQA-0011-R10a-SM-6AJAA"	"GTEX-14PQA"	"Brain - Frontal Cortex (BA9)"	64	50	4.17438726989564	3.93182563272433
"GTEX-14PQA-0011-R1b-SM-6EU1G"	"GTEX-14PQA"	"Brain - Hippocampus"	61	47	4.12713438504509	3.87120101090789
"GTEX-14PQA-0011-R3b-SM-69LQO"	"GTEX-14PQA"	"Brain - Anterior cingulate cortex (BA24)"	51	42	3.95124371858143	3.76120011569356
"GTEX-14PQA-0011-R4b-SM-6AJBU"	"GTEX-14PQA"	"Brain - Amygdala"	56	43	4.04305126783455	3.78418963391826
"GTEX-14PQA-0011-R5b-SM-6AJC2"	"GTEX-14PQA"	"Brain - Caudate (basal ganglia)"	45	31	3.8286413964891	3.46573590279973
"GTEX-14PQA-0011-R6b-SM-6AJAM"	"GTEX-14PQA"	"Brain - Nucleus accumbens (basal ganglia)"	28	20	3.36729582998647	3.04452243772342
"GTEX-14PQA-0011-R8b-SM-6AJAB"	"GTEX-14PQA"	"Brain - Hypothalamus"	44	36	3.80666248977032	3.61091791264422
"GTEX-15CHQ-0011-R10b-SM-6AJBV"	"GTEX-15CHQ"	"Brain - Frontal Cortex (BA9)"	64	53	4.17438726989564	3.98898404656427
"GTEX-15CHQ-0011-R11b-SM-686ZZ"	"GTEX-15CHQ"	"Brain - Cerebellar Hemisphere"	23	18	3.17805383034795	2.94443897916644
"GTEX-15CHQ-0011-R1a-SM-COH27"	"GTEX-15CHQ"	"Brain - Hippocampus"	39	41	3.68887945411394	3.73766961828337
"GTEX-15CHQ-0011-R2b-SM-6AJAD"	"GTEX-15CHQ"	"Brain - Substantia nigra"	67	49	4.21950770517611	3.91202300542815
"GTEX-15CHQ-0011-R3b-SM-686ZY"	"GTEX-15CHQ"	"Brain - Anterior cingulate cortex (BA24)"	62	43	4.14313472639153	3.78418963391826
"GTEX-15CHQ-0011-R4a-SM-686ZX"	"GTEX-15CHQ"	"Brain - Amygdala"	37	38	3.63758615972639	3.66356164612965
"GTEX-15CHQ-0011-R5b-SM-6AJAN"	"GTEX-15CHQ"	"Brain - Caudate (basal ganglia)"	48	41	3.89182029811063	3.73766961828337
"GTEX-15CHQ-0011-R6b-SM-69LOX"	"GTEX-15CHQ"	"Brain - Nucleus accumbens (basal ganglia)"	72	39	4.29045944114839	3.68887945411394
"GTEX-15CHQ-0011-R7b-SM-D4P1Q"	"GTEX-15CHQ"	"Brain - Putamen (basal ganglia)"	45	40	3.8286413964891	3.71357206670431
"GTEX-15CHQ-0011-R8b-SM-CNPO4"	"GTEX-15CHQ"	"Brain - Hypothalamus"	24	34	3.2188758248682	3.55534806148941
"GTEX-15CHQ-0011-R9a-SM-6LLHX"	"GTEX-15CHQ"	"Brain - Spinal cord (cervical c-1)"	182	144	5.20948615284142	4.97673374242057
"GTEX-15DCD-0011-R10b-SM-6LPII"	"GTEX-15DCD"	"Brain - Frontal Cortex (BA9)"	60	45	4.11087386417331	3.8286413964891
"GTEX-15DCD-0011-R11a-SM-D4P1R"	"GTEX-15DCD"	"Brain - Cerebellar Hemisphere"	30	27	3.43398720448515	3.3322045101752
"GTEX-15DCD-0011-R1b-SM-6LPIJ"	"GTEX-15DCD"	"Brain - Hippocampus"	34	21	3.55534806148941	3.09104245335832
"GTEX-15DCD-0011-R2b-SM-6LPIE"	"GTEX-15DCD"	"Brain - Substantia nigra"	41	32	3.73766961828337	3.49650756146648
"GTEX-15DCD-0011-R3b-SM-D4P1P"	"GTEX-15DCD"	"Brain - Anterior cingulate cortex (BA24)"	52	57	3.97029191355212	4.06044301054642
"GTEX-15DCD-0011-R4a-SM-69LPB"	"GTEX-15DCD"	"Brain - Amygdala"	34	35	3.55534806148941	3.58351893845611
"GTEX-15DCD-0011-R5a-SM-CXZKZ"	"GTEX-15DCD"	"Brain - Caudate (basal ganglia)"	63	46	4.15888308335967	3.85014760171006
"GTEX-15DCD-0011-R6b-SM-6M46L"	"GTEX-15DCD"	"Brain - Nucleus accumbens (basal ganglia)"	39	26	3.68887945411394	3.29583686600433
"GTEX-15DCD-0011-R7b-SM-6LPID"	"GTEX-15DCD"	"Brain - Putamen (basal ganglia)"	40	38	3.71357206670431	3.66356164612965
"GTEX-15DCD-0011-R8b-SM-7KUEF"	"GTEX-15DCD"	"Brain - Hypothalamus"	41	32	3.73766961828337	3.49650756146648
"GTEX-15DCD-0011-R9b-SM-7KUED"	"GTEX-15DCD"	"Brain - Spinal cord (cervical c-1)"	111	98	4.71849887129509	4.59511985013459
"GTEX-15DCD-2926-SM-7KULT"	"GTEX-15DCD"	"Brain - Cortex"	37	23	3.63758615972639	3.17805383034795
"GTEX-15DDE-0011-R10a-SM-7KUKW"	"GTEX-15DDE"	"Brain - Frontal Cortex (BA9)"	30	28	3.43398720448515	3.36729582998647
"GTEX-15DDE-0011-R4b-SM-7KULI"	"GTEX-15DDE"	"Brain - Amygdala"	34	25	3.55534806148941	3.25809653802148
"GTEX-15DDE-0011-R9b-SM-6M46U"	"GTEX-15DDE"	"Brain - Spinal cord (cervical c-1)"	32	23	3.49650756146648	3.17805383034795
"GTEX-15DYW-0011-R11a-SM-6LPIT"	"GTEX-15DYW"	"Brain - Cerebellar Hemisphere"	8	8	2.19722457733622	2.19722457733622
"GTEX-15DYW-0011-R2b-SM-7KUKY"	"GTEX-15DYW"	"Brain - Substantia nigra"	35	32	3.58351893845611	3.49650756146648
"GTEX-15DYW-0011-R3b-SM-6LPIM"	"GTEX-15DYW"	"Brain - Anterior cingulate cortex (BA24)"	25	24	3.25809653802148	3.2188758248682
"GTEX-15DYW-0011-R4a-SM-6M46V"	"GTEX-15DYW"	"Brain - Amygdala"	46	41	3.85014760171006	3.73766961828337
"GTEX-15DYW-0011-R5a-SM-6M46W"	"GTEX-15DYW"	"Brain - Caudate (basal ganglia)"	28	27	3.36729582998647	3.3322045101752
"GTEX-15DYW-0011-R6b-SM-6PALA"	"GTEX-15DYW"	"Brain - Nucleus accumbens (basal ganglia)"	67	47	4.21950770517611	3.87120101090789
"GTEX-15DYW-0011-R7a-SM-7KULG"	"GTEX-15DYW"	"Brain - Putamen (basal ganglia)"	40	36	3.71357206670431	3.61091791264422
"GTEX-15DYW-0011-R9b-SM-6PALB"	"GTEX-15DYW"	"Brain - Spinal cord (cervical c-1)"	78	62	4.36944785246702	4.14313472639153
"GTEX-15DYW-3026-SM-7KFRM"	"GTEX-15DYW"	"Brain - Cerebellum"	18	17	2.94443897916644	2.89037175789616
"GTEX-15EO6-0011-R11b-SM-6M47M"	"GTEX-15EO6"	"Brain - Cerebellar Hemisphere"	22	14	3.13549421592915	2.70805020110221
"GTEX-15EO6-0011-R2a-SM-6M46R"	"GTEX-15EO6"	"Brain - Substantia nigra"	52	54	3.97029191355212	4.00733318523247
"GTEX-15EO6-0011-R3b-SM-7KUDY"	"GTEX-15EO6"	"Brain - Anterior cingulate cortex (BA24)"	83	67	4.43081679884331	4.21950770517611
"GTEX-15EO6-0011-R4a-SM-7KUKZ"	"GTEX-15EO6"	"Brain - Amygdala"	47	57	3.87120101090789	4.06044301054642
"GTEX-15EO6-0011-R5b-SM-7KUDZ"	"GTEX-15EO6"	"Brain - Caudate (basal ganglia)"	70	62	4.26267987704132	4.14313472639153
"GTEX-15EO6-0011-R6a-SM-7KULK"	"GTEX-15EO6"	"Brain - Nucleus accumbens (basal ganglia)"	48	46	3.89182029811063	3.85014760171006
"GTEX-15EO6-0011-R7a-SM-6M46Q"	"GTEX-15EO6"	"Brain - Putamen (basal ganglia)"	36	43	3.61091791264422	3.78418963391826
"GTEX-15EO6-0011-R9a-SM-6PALG"	"GTEX-15EO6"	"Brain - Spinal cord (cervical c-1)"	144	128	4.97673374242057	4.85981240436167
"GTEX-15EO6-2926-SM-6M48D"	"GTEX-15EO6"	"Brain - Cerebellum"	5	4	1.79175946922806	1.6094379124341
"GTEX-15EO6-3026-SM-7KUMA"	"GTEX-15EO6"	"Brain - Cortex"	82	67	4.4188406077966	4.21950770517611
"GTEX-15ER7-0011-R11a-SM-6LPIL"	"GTEX-15ER7"	"Brain - Cerebellar Hemisphere"	25	16	3.25809653802148	2.83321334405622
"GTEX-15ER7-0011-R1b-SM-7KUE1"	"GTEX-15ER7"	"Brain - Hippocampus"	40	41	3.71357206670431	3.73766961828337
"GTEX-15ER7-0011-R2a-SM-6M46O"	"GTEX-15ER7"	"Brain - Substantia nigra"	25	17	3.25809653802148	2.89037175789616
"GTEX-15ER7-0011-R3a-SM-6LPIK"	"GTEX-15ER7"	"Brain - Anterior cingulate cortex (BA24)"	74	46	4.31748811353631	3.85014760171006
"GTEX-15ER7-0011-R4a-SM-6M46S"	"GTEX-15ER7"	"Brain - Amygdala"	35	40	3.58351893845611	3.71357206670431
"GTEX-15ER7-0011-R5b-SM-6M46T"	"GTEX-15ER7"	"Brain - Caudate (basal ganglia)"	56	40	4.04305126783455	3.71357206670431
"GTEX-15ER7-0011-R6a-SM-6M46M"	"GTEX-15ER7"	"Brain - Nucleus accumbens (basal ganglia)"	54	29	4.00733318523247	3.40119738166216
"GTEX-15ER7-0011-R7a-SM-6M46N"	"GTEX-15ER7"	"Brain - Putamen (basal ganglia)"	44	34	3.80666248977032	3.55534806148941
"GTEX-15ER7-0011-R8a-SM-7KUL2"	"GTEX-15ER7"	"Brain - Hypothalamus"	21	19	3.09104245335832	2.99573227355399
"GTEX-15ER7-0011-R9b-SM-6PALF"	"GTEX-15ER7"	"Brain - Spinal cord (cervical c-1)"	167	132	5.12396397940326	4.89034912822175
"GTEX-15ER7-3026-SM-6M47W"	"GTEX-15ER7"	"Brain - Cerebellum"	39	27	3.68887945411394	3.3322045101752
"GTEX-15ER7-3126-SM-7KUGH"	"GTEX-15ER7"	"Brain - Cortex"	84	83	4.44265125649032	4.43081679884331
"GTEX-15G19-0011-R10b-SM-7KUG4"	"GTEX-15G19"	"Brain - Frontal Cortex (BA9)"	101	68	4.62497281328427	4.23410650459726
"GTEX-15G19-0011-R11b-SM-6LPIH"	"GTEX-15G19"	"Brain - Cerebellar Hemisphere"	6	8	1.94591014905531	2.19722457733622
"GTEX-15G19-0011-R3a-SM-6LPIG"	"GTEX-15G19"	"Brain - Anterior cingulate cortex (BA24)"	68	61	4.23410650459726	4.12713438504509
"GTEX-15G19-0011-R5b-SM-6M46P"	"GTEX-15G19"	"Brain - Caudate (basal ganglia)"	62	50	4.14313472639153	3.93182563272433
"GTEX-15G19-0011-R6b-SM-7KUM3"	"GTEX-15G19"	"Brain - Nucleus accumbens (basal ganglia)"	55	59	4.02535169073515	4.0943445622221
"GTEX-15G19-0011-R7b-SM-6M479"	"GTEX-15G19"	"Brain - Putamen (basal ganglia)"	61	66	4.12713438504509	4.20469261939097
"GTEX-15G19-0011-R8b-SM-7KUL1"	"GTEX-15G19"	"Brain - Hypothalamus"	72	55	4.29045944114839	4.02535169073515
"GTEX-15G19-0011-R9b-SM-7KUEE"	"GTEX-15G19"	"Brain - Spinal cord (cervical c-1)"	129	122	4.86753445045558	4.81218435537242
"GTEX-15G19-2826-SM-6M48K"	"GTEX-15G19"	"Brain - Cerebellum"	22	27	3.13549421592915	3.3322045101752
"GTEX-15G19-2926-SM-7KUFL"	"GTEX-15G19"	"Brain - Cortex"	68	64	4.23410650459726	4.17438726989564
"GTEX-15RJE-0011-R2b-SM-79OMP"	"GTEX-15RJE"	"Brain - Substantia nigra"	78	57	4.36944785246702	4.06044301054642
"GTEX-15RJE-0011-R6a-SM-7DHL8"	"GTEX-15RJE"	"Brain - Nucleus accumbens (basal ganglia)"	57	56	4.06044301054642	4.04305126783455
"GTEX-15RJE-0011-R7a-SM-7DHL9"	"GTEX-15RJE"	"Brain - Putamen (basal ganglia)"	37	30	3.63758615972639	3.43398720448515
"GTEX-15RJE-3026-SM-7KUM1"	"GTEX-15RJE"	"Brain - Cortex"	118	97	4.77912349311153	4.58496747867057
"GTEX-15SHU-0011-R3a-SM-7IGPS"	"GTEX-15SHU"	"Brain - Anterior cingulate cortex (BA24)"	36	32	3.61091791264422	3.49650756146648
"GTEX-15SHU-0011-R4b-SM-7IGLC"	"GTEX-15SHU"	"Brain - Amygdala"	49	38	3.91202300542815	3.66356164612965
"GTEX-15SHU-0011-R5a-SM-7938Q"	"GTEX-15SHU"	"Brain - Caudate (basal ganglia)"	45	37	3.8286413964891	3.63758615972639
"GTEX-15SHU-3026-SM-6LPIB"	"GTEX-15SHU"	"Brain - Cerebellum"	23	19	3.17805383034795	2.99573227355399
"GTEX-15SHU-3126-SM-6M46H"	"GTEX-15SHU"	"Brain - Cortex"	67	55	4.21950770517611	4.02535169073515
"GTEX-15UF6-0011-R10b-SM-9OSVF"	"GTEX-15UF6"	"Brain - Frontal Cortex (BA9)"	33	42	3.52636052461616	3.76120011569356
"GTEX-15UF6-0011-R1a-SM-9QEGH"	"GTEX-15UF6"	"Brain - Hippocampus"	56	42	4.04305126783455	3.76120011569356
"GTEX-15UF6-3026-SM-7KUKL"	"GTEX-15UF6"	"Brain - Cortex"	43	38	3.78418963391826	3.66356164612965
"GTEX-16GPK-0011-R10b-SM-7MKFG"	"GTEX-16GPK"	"Brain - Frontal Cortex (BA9)"	18	25	2.94443897916644	3.25809653802148
"GTEX-16GPK-0011-R11b-SM-7MKFF"	"GTEX-16GPK"	"Brain - Cerebellar Hemisphere"	9	4	2.30258509299405	1.6094379124341
"GTEX-16GPK-0011-R1b-SM-7EWDH"	"GTEX-16GPK"	"Brain - Hippocampus"	15	15	2.77258872223978	2.77258872223978
"GTEX-16GPK-0011-R8a-SM-79OMQ"	"GTEX-16GPK"	"Brain - Hypothalamus"	19	19	2.99573227355399	2.99573227355399
"GTEX-16GPK-3026-SM-79ON9"	"GTEX-16GPK"	"Brain - Cortex"	54	45	4.00733318523247	3.8286413964891
"GTEX-16NPV-0011-R10a-SM-79OKA"	"GTEX-16NPV"	"Brain - Frontal Cortex (BA9)"	69	58	4.24849524204936	4.07753744390572
"GTEX-16NPV-0011-R11a-SM-7IGMK"	"GTEX-16NPV"	"Brain - Cerebellar Hemisphere"	35	19	3.58351893845611	2.99573227355399
"GTEX-16NPV-0011-R1b-SM-7MGVZ"	"GTEX-16NPV"	"Brain - Hippocampus"	23	24	3.17805383034795	3.2188758248682
"GTEX-16NPV-0011-R5a-SM-7EPGK"	"GTEX-16NPV"	"Brain - Caudate (basal ganglia)"	177	161	5.18178355029209	5.08759633523238
"GTEX-16NPV-0011-R8a-SM-7EPH8"	"GTEX-16NPV"	"Brain - Hypothalamus"	47	40	3.87120101090789	3.71357206670431
"GTEX-16NPV-0011-R9b-SM-79ONF"	"GTEX-16NPV"	"Brain - Spinal cord (cervical c-1)"	20	22	3.04452243772342	3.13549421592915
"GTEX-16XZZ-0011-R10b-SM-7LT91"	"GTEX-16XZZ"	"Brain - Frontal Cortex (BA9)"	100	75	4.61512051684126	4.33073334028633
"GTEX-16XZZ-0011-R11a-SM-7EPI3"	"GTEX-16XZZ"	"Brain - Cerebellar Hemisphere"	29	28	3.40119738166216	3.36729582998647
"GTEX-16XZZ-0011-R1a-SM-7LTAH"	"GTEX-16XZZ"	"Brain - Hippocampus"	98	65	4.59511985013459	4.18965474202643
"GTEX-16XZZ-0011-R3a-SM-7IGLH"	"GTEX-16XZZ"	"Brain - Anterior cingulate cortex (BA24)"	63	33	4.15888308335967	3.52636052461616
"GTEX-16XZZ-0011-R6a-SM-7IGNE"	"GTEX-16XZZ"	"Brain - Nucleus accumbens (basal ganglia)"	69	51	4.24849524204936	3.95124371858143
"GTEX-16XZZ-0011-R8b-SM-7LT8S"	"GTEX-16XZZ"	"Brain - Hypothalamus"	31	21	3.46573590279973	3.09104245335832
"GTEX-16XZZ-0011-R9b-SM-7DHKX"	"GTEX-16XZZ"	"Brain - Spinal cord (cervical c-1)"	119	91	4.78749174278205	4.52178857704904
"GTEX-16XZZ-2926-SM-6LPK4"	"GTEX-16XZZ"	"Brain - Cerebellum"	39	22	3.68887945411394	3.13549421592915
"GTEX-16XZZ-3026-SM-79OMJ"	"GTEX-16XZZ"	"Brain - Cortex"	67	50	4.21950770517611	3.93182563272433
"GTEX-16YQH-0011-R10b-SM-7LT8U"	"GTEX-16YQH"	"Brain - Frontal Cortex (BA9)"	70	55	4.26267987704132	4.02535169073515
"GTEX-16YQH-0011-R11b-SM-7LT98"	"GTEX-16YQH"	"Brain - Cerebellar Hemisphere"	28	7	3.36729582998647	2.07944154167984
"GTEX-16YQH-0011-R1a-SM-7LT8R"	"GTEX-16YQH"	"Brain - Hippocampus"	60	46	4.11087386417331	3.85014760171006
"GTEX-16YQH-0011-R3a-SM-7EPGM"	"GTEX-16YQH"	"Brain - Anterior cingulate cortex (BA24)"	64	70	4.17438726989564	4.26267987704132
"GTEX-16YQH-0011-R4a-SM-7EPGI"	"GTEX-16YQH"	"Brain - Amygdala"	69	45	4.24849524204936	3.8286413964891
"GTEX-16YQH-0011-R5b-SM-7938U"	"GTEX-16YQH"	"Brain - Caudate (basal ganglia)"	50	41	3.93182563272433	3.73766961828337
"GTEX-16YQH-0011-R6b-SM-7938T"	"GTEX-16YQH"	"Brain - Nucleus accumbens (basal ganglia)"	45	25	3.8286413964891	3.25809653802148
"GTEX-16YQH-0011-R7a-SM-79ON1"	"GTEX-16YQH"	"Brain - Putamen (basal ganglia)"	21	20	3.09104245335832	3.04452243772342
"GTEX-16YQH-0011-R8a-SM-7DUFB"	"GTEX-16YQH"	"Brain - Hypothalamus"	55	55	4.02535169073515	4.02535169073515
"GTEX-16YQH-2926-SM-6LPJE"	"GTEX-16YQH"	"Brain - Cerebellum"	17	14	2.89037175789616	2.70805020110221
"GTEX-16YQH-3026-SM-79OMM"	"GTEX-16YQH"	"Brain - Cortex"	44	26	3.80666248977032	3.29583686600433
"GTEX-16Z82-0011-R10a-SM-79OJX"	"GTEX-16Z82"	"Brain - Frontal Cortex (BA9)"	34	32	3.55534806148941	3.49650756146648
"GTEX-16Z82-0011-R11a-SM-79OKJ"	"GTEX-16Z82"	"Brain - Cerebellar Hemisphere"	6	6	1.94591014905531	1.94591014905531
"GTEX-16Z82-0011-R1b-SM-7EPHZ"	"GTEX-16Z82"	"Brain - Hippocampus"	39	22	3.68887945411394	3.13549421592915
"GTEX-16Z82-0011-R2b-SM-79OK9"	"GTEX-16Z82"	"Brain - Substantia nigra"	25	17	3.25809653802148	2.89037175789616
"GTEX-16Z82-0011-R5a-SM-7EPGB"	"GTEX-16Z82"	"Brain - Caudate (basal ganglia)"	44	36	3.80666248977032	3.61091791264422
"GTEX-16Z82-0011-R6a-SM-7IGLV"	"GTEX-16Z82"	"Brain - Nucleus accumbens (basal ganglia)"	19	18	2.99573227355399	2.94443897916644
"GTEX-16Z82-0011-R7a-SM-7MKGJ"	"GTEX-16Z82"	"Brain - Putamen (basal ganglia)"	23	13	3.17805383034795	2.63905732961526
"GTEX-16Z82-0011-R8a-SM-7DUEX"	"GTEX-16Z82"	"Brain - Hypothalamus"	40	38	3.71357206670431	3.66356164612965
"GTEX-16Z82-0011-R9a-SM-7DUFA"	"GTEX-16Z82"	"Brain - Spinal cord (cervical c-1)"	121	84	4.80402104473326	4.44265125649032
"GTEX-16Z82-2926-SM-6LPJJ"	"GTEX-16Z82"	"Brain - Cerebellum"	7	3	2.07944154167984	1.38629436111989
"GTEX-16Z82-3026-SM-79ON3"	"GTEX-16Z82"	"Brain - Cortex"	47	43	3.87120101090789	3.78418963391826
"GTEX-17EVP-0011-R10a-SM-7IGLP"	"GTEX-17EVP"	"Brain - Frontal Cortex (BA9)"	63	48	4.15888308335967	3.89182029811063
"GTEX-17EVP-0011-R11a-SM-7EWDL"	"GTEX-17EVP"	"Brain - Cerebellar Hemisphere"	10	8	2.39789527279837	2.19722457733622
"GTEX-17EVP-0011-R1a-SM-7DHLA"	"GTEX-17EVP"	"Brain - Hippocampus"	25	25	3.25809653802148	3.25809653802148
"GTEX-17EVP-0011-R2a-SM-7LG4W"	"GTEX-17EVP"	"Brain - Substantia nigra"	60	40	4.11087386417331	3.71357206670431
"GTEX-17EVP-0011-R3a-SM-7EPI9"	"GTEX-17EVP"	"Brain - Anterior cingulate cortex (BA24)"	93	84	4.54329478227	4.44265125649032
"GTEX-17EVP-0011-R4a-SM-79OML"	"GTEX-17EVP"	"Brain - Amygdala"	53	40	3.98898404656427	3.71357206670431
"GTEX-17EVP-0011-R5b-SM-7DHKW"	"GTEX-17EVP"	"Brain - Caudate (basal ganglia)"	12	18	2.56494935746154	2.94443897916644
"GTEX-17EVP-0011-R6b-SM-7LT99"	"GTEX-17EVP"	"Brain - Nucleus accumbens (basal ganglia)"	77	72	4.35670882668959	4.29045944114839
"GTEX-17EVP-0011-R7a-SM-7LTAN"	"GTEX-17EVP"	"Brain - Putamen (basal ganglia)"	27	28	3.3322045101752	3.36729582998647
"GTEX-17EVP-0011-R8b-SM-7DUF9"	"GTEX-17EVP"	"Brain - Hypothalamus"	41	47	3.73766961828337	3.87120101090789
"GTEX-17EVP-2926-SM-793BU"	"GTEX-17EVP"	"Brain - Cerebellum"	22	8	3.13549421592915	2.19722457733622
"GTEX-17EVP-3026-SM-7IGQL"	"GTEX-17EVP"	"Brain - Cortex"	53	34	3.98898404656427	3.55534806148941
"GTEX-17EVQ-0011-R11a-SM-7LT9C"	"GTEX-17EVQ"	"Brain - Cerebellar Hemisphere"	8	6	2.19722457733622	1.94591014905531
"GTEX-17EVQ-0011-R1a-SM-7189S"	"GTEX-17EVQ"	"Brain - Hippocampus"	42	63	3.76120011569356	4.15888308335967
"GTEX-17EVQ-0011-R3b-SM-7LT9B"	"GTEX-17EVQ"	"Brain - Anterior cingulate cortex (BA24)"	46	33	3.85014760171006	3.52636052461616
"GTEX-17EVQ-0011-R4b-SM-7LT94"	"GTEX-17EVQ"	"Brain - Amygdala"	14	13	2.70805020110221	2.63905732961526
"GTEX-17EVQ-0011-R5a-SM-7LT92"	"GTEX-17EVQ"	"Brain - Caudate (basal ganglia)"	41	14	3.73766961828337	2.70805020110221
"GTEX-17EVQ-0011-R6a-SM-7189U"	"GTEX-17EVQ"	"Brain - Nucleus accumbens (basal ganglia)"	29	19	3.40119738166216	2.99573227355399
"GTEX-17EVQ-0011-R7a-SM-7EWDA"	"GTEX-17EVQ"	"Brain - Putamen (basal ganglia)"	30	19	3.43398720448515	2.99573227355399
"GTEX-17EVQ-0011-R8a-SM-7189T"	"GTEX-17EVQ"	"Brain - Hypothalamus"	33	39	3.52636052461616	3.68887945411394
"GTEX-17EVQ-0011-R9b-SM-79OJY"	"GTEX-17EVQ"	"Brain - Spinal cord (cervical c-1)"	204	167	5.32300997913841	5.12396397940326
"GTEX-17EVQ-2726-SM-7EWDT"	"GTEX-17EVQ"	"Brain - Cerebellum"	13	11	2.63905732961526	2.484906649788
"GTEX-17EVQ-2826-SM-7IGQK"	"GTEX-17EVQ"	"Brain - Cortex"	36	41	3.61091791264422	3.73766961828337
"GTEX-17F97-0011-R10b-SM-793BB"	"GTEX-17F97"	"Brain - Frontal Cortex (BA9)"	56	49	4.04305126783455	3.91202300542815
"GTEX-17F97-0011-R11b-SM-7KFRQ"	"GTEX-17F97"	"Brain - Cerebellar Hemisphere"	11	14	2.484906649788	2.70805020110221
"GTEX-17F97-0011-R1b-SM-7IGM9"	"GTEX-17F97"	"Brain - Hippocampus"	50	40	3.93182563272433	3.71357206670431
"GTEX-17F97-0011-R3b-SM-7LT9E"	"GTEX-17F97"	"Brain - Anterior cingulate cortex (BA24)"	28	32	3.36729582998647	3.49650756146648
"GTEX-17F97-0011-R4b-SM-7KFS2"	"GTEX-17F97"	"Brain - Amygdala"	24	19	3.2188758248682	2.99573227355399
"GTEX-17F97-0011-R5a-SM-7LG4Z"	"GTEX-17F97"	"Brain - Caudate (basal ganglia)"	77	46	4.35670882668959	3.85014760171006
"GTEX-17F97-0011-R6a-SM-7EPGS"	"GTEX-17F97"	"Brain - Nucleus accumbens (basal ganglia)"	51	24	3.95124371858143	3.2188758248682
"GTEX-17F97-0011-R7b-SM-7MGVY"	"GTEX-17F97"	"Brain - Putamen (basal ganglia)"	32	31	3.49650756146648	3.46573590279973
"GTEX-17F97-0011-R8a-SM-7DUET"	"GTEX-17F97"	"Brain - Hypothalamus"	50	38	3.93182563272433	3.66356164612965
"GTEX-17F97-2926-SM-7DUEQ"	"GTEX-17F97"	"Brain - Cerebellum"	20	11	3.04452243772342	2.484906649788
"GTEX-17F97-3026-SM-79OKC"	"GTEX-17F97"	"Brain - Cortex"	41	25	3.73766961828337	3.25809653802148
"GTEX-17HG3-0011-R10b-SM-7LT97"	"GTEX-17HG3"	"Brain - Frontal Cortex (BA9)"	64	50	4.17438726989564	3.93182563272433
"GTEX-17HG3-0011-R11b-SM-7KFT4"	"GTEX-17HG3"	"Brain - Cerebellar Hemisphere"	3	10	1.38629436111989	2.39789527279837
"GTEX-17HG3-0011-R1a-SM-7LG6H"	"GTEX-17HG3"	"Brain - Hippocampus"	60	55	4.11087386417331	4.02535169073515
"GTEX-17HG3-0011-R2a-SM-7MGVX"	"GTEX-17HG3"	"Brain - Substantia nigra"	17	28	2.89037175789616	3.36729582998647
"GTEX-17HG3-0011-R4a-SM-7IGLL"	"GTEX-17HG3"	"Brain - Amygdala"	31	41	3.46573590279973	3.73766961828337
"GTEX-17HG3-0011-R5a-SM-7DUEW"	"GTEX-17HG3"	"Brain - Caudate (basal ganglia)"	28	17	3.36729582998647	2.89037175789616
"GTEX-17HG3-0011-R6b-SM-79OK8"	"GTEX-17HG3"	"Brain - Nucleus accumbens (basal ganglia)"	31	24	3.46573590279973	3.2188758248682
"GTEX-17HG3-0011-R7b-SM-7EPGR"	"GTEX-17HG3"	"Brain - Putamen (basal ganglia)"	65	45	4.18965474202643	3.8286413964891
"GTEX-17HG3-0011-R8a-SM-79OK7"	"GTEX-17HG3"	"Brain - Hypothalamus"	22	22	3.13549421592915	3.13549421592915
"GTEX-17HG3-2826-SM-7EPGO"	"GTEX-17HG3"	"Brain - Cerebellum"	25	16	3.25809653802148	2.83321334405622
"GTEX-17HG3-2926-SM-79ON8"	"GTEX-17HG3"	"Brain - Cortex"	44	35	3.80666248977032	3.58351893845611
"GTEX-17HHY-0011-R1a-SM-7189V"	"GTEX-17HHY"	"Brain - Hippocampus"	28	25	3.36729582998647	3.25809653802148
"GTEX-17HHY-0011-R3a-SM-7EWDK"	"GTEX-17HHY"	"Brain - Anterior cingulate cortex (BA24)"	31	26	3.46573590279973	3.29583686600433
"GTEX-17HHY-0011-R5b-SM-79OMZ"	"GTEX-17HHY"	"Brain - Caudate (basal ganglia)"	27	24	3.3322045101752	3.2188758248682
"GTEX-17HHY-0011-R6b-SM-7189Z"	"GTEX-17HHY"	"Brain - Nucleus accumbens (basal ganglia)"	67	62	4.21950770517611	4.14313472639153
"GTEX-17HHY-0011-R7a-SM-718A1"	"GTEX-17HHY"	"Brain - Putamen (basal ganglia)"	33	25	3.52636052461616	3.25809653802148
"GTEX-17HHY-2926-SM-79OJW"	"GTEX-17HHY"	"Brain - Cerebellum"	14	9	2.70805020110221	2.30258509299405
"GTEX-17HHY-3026-SM-79OKP"	"GTEX-17HHY"	"Brain - Cortex"	50	51	3.93182563272433	3.95124371858143
"GTEX-17HII-0011-R10a-SM-79OMY"	"GTEX-17HII"	"Brain - Frontal Cortex (BA9)"	25	29	3.25809653802148	3.40119738166216
"GTEX-17HII-0011-R11b-SM-7KFSX"	"GTEX-17HII"	"Brain - Cerebellar Hemisphere"	7	6	2.07944154167984	1.94591014905531
"GTEX-17HII-0011-R1b-SM-7MGVW"	"GTEX-17HII"	"Brain - Hippocampus"	21	12	3.09104245335832	2.56494935746154
"GTEX-17HII-0011-R3a-SM-7LT9D"	"GTEX-17HII"	"Brain - Anterior cingulate cortex (BA24)"	41	19	3.73766961828337	2.99573227355399
"GTEX-17HII-0011-R5a-SM-7LG51"	"GTEX-17HII"	"Brain - Caudate (basal ganglia)"	39	33	3.68887945411394	3.52636052461616
"GTEX-17HII-0011-R7a-SM-79OMS"	"GTEX-17HII"	"Brain - Putamen (basal ganglia)"	29	15	3.40119738166216	2.77258872223978
"GTEX-17HII-0011-R8a-SM-79OK6"	"GTEX-17HII"	"Brain - Hypothalamus"	17	17	2.89037175789616	2.89037175789616
"GTEX-17HII-2926-SM-79OMK"	"GTEX-17HII"	"Brain - Cerebellum"	18	13	2.94443897916644	2.63905732961526
"GTEX-17HII-3026-SM-7EWFM"	"GTEX-17HII"	"Brain - Cortex"	36	36	3.61091791264422	3.61091791264422
"GTEX-17JCI-0011-R10b-SM-718A2"	"GTEX-17JCI"	"Brain - Frontal Cortex (BA9)"	75	55	4.33073334028633	4.02535169073515
"GTEX-17JCI-0011-R11a-SM-7189Y"	"GTEX-17JCI"	"Brain - Cerebellar Hemisphere"	5	5	1.79175946922806	1.79175946922806
"GTEX-17JCI-0011-R1b-SM-718A3"	"GTEX-17JCI"	"Brain - Hippocampus"	46	39	3.85014760171006	3.68887945411394
"GTEX-17JCI-0011-R6a-SM-72D6D"	"GTEX-17JCI"	"Brain - Nucleus accumbens (basal ganglia)"	19	22	2.99573227355399	3.13549421592915
"GTEX-17JCI-3026-SM-7EWDR"	"GTEX-17JCI"	"Brain - Cerebellum"	12	17	2.56494935746154	2.89037175789616
"GTEX-17JCI-3126-SM-7LTA2"	"GTEX-17JCI"	"Brain - Cortex"	71	63	4.27666611901606	4.15888308335967
"GTEX-17MF6-0011-R1a-SM-72D6O"	"GTEX-17MF6"	"Brain - Hippocampus"	37	23	3.63758615972639	3.17805383034795
"GTEX-17MF6-0011-R5a-SM-731BA"	"GTEX-17MF6"	"Brain - Caudate (basal ganglia)"	16	19	2.83321334405622	2.99573227355399
"GTEX-17MF6-0011-R6b-SM-7LG6G"	"GTEX-17MF6"	"Brain - Nucleus accumbens (basal ganglia)"	39	37	3.68887945411394	3.63758615972639
"GTEX-17MF6-0011-R7b-SM-7LG6J"	"GTEX-17MF6"	"Brain - Putamen (basal ganglia)"	8	10	2.19722457733622	2.39789527279837
"GTEX-17MF6-2926-SM-7LTAW"	"GTEX-17MF6"	"Brain - Cortex"	49	59	3.91202300542815	4.0943445622221
"GTEX-183WM-0011-R11a-SM-718A5"	"GTEX-183WM"	"Brain - Cerebellar Hemisphere"	12	15	2.56494935746154	2.77258872223978
"GTEX-183WM-0011-R1a-SM-718A8"	"GTEX-183WM"	"Brain - Hippocampus"	38	35	3.66356164612965	3.58351893845611
"GTEX-183WM-0011-R4a-SM-7LG6S"	"GTEX-183WM"	"Brain - Amygdala"	21	22	3.09104245335832	3.13549421592915
"GTEX-183WM-0011-R5a-SM-718A4"	"GTEX-183WM"	"Brain - Caudate (basal ganglia)"	42	39	3.76120011569356	3.68887945411394
"GTEX-183WM-0011-R6b-SM-72D66"	"GTEX-183WM"	"Brain - Nucleus accumbens (basal ganglia)"	36	33	3.61091791264422	3.52636052461616
"GTEX-183WM-0011-R7b-SM-731AX"	"GTEX-183WM"	"Brain - Putamen (basal ganglia)"	18	31	2.94443897916644	3.46573590279973
"GTEX-183WM-0011-R8a-SM-7189W"	"GTEX-183WM"	"Brain - Hypothalamus"	28	30	3.36729582998647	3.43398720448515
"GTEX-183WM-2726-SM-7KFRF"	"GTEX-183WM"	"Brain - Cerebellum"	29	12	3.40119738166216	2.56494935746154
"GTEX-183WM-2826-SM-731C2"	"GTEX-183WM"	"Brain - Cortex"	51	45	3.95124371858143	3.8286413964891
"GTEX-18464-0011-R10a-SM-72D6X"	"GTEX-18464"	"Brain - Frontal Cortex (BA9)"	42	39	3.76120011569356	3.68887945411394
"GTEX-18464-0011-R11a-SM-72D76"	"GTEX-18464"	"Brain - Cerebellar Hemisphere"	3	2	1.38629436111989	1.09861228866811
"GTEX-18464-0011-R2a-SM-731AL"	"GTEX-18464"	"Brain - Substantia nigra"	23	18	3.17805383034795	2.94443897916644
"GTEX-18464-0011-R4a-SM-7LG6T"	"GTEX-18464"	"Brain - Amygdala"	24	26	3.2188758248682	3.29583686600433
"GTEX-18464-0011-R5b-SM-718A6"	"GTEX-18464"	"Brain - Caudate (basal ganglia)"	78	70	4.36944785246702	4.26267987704132
"GTEX-18464-0011-R6a-SM-731CA"	"GTEX-18464"	"Brain - Nucleus accumbens (basal ganglia)"	65	49	4.18965474202643	3.91202300542815
"GTEX-18464-0011-R7b-SM-731CM"	"GTEX-18464"	"Brain - Putamen (basal ganglia)"	13	19	2.63905732961526	2.99573227355399
"GTEX-18464-0011-R8a-SM-72D4Z"	"GTEX-18464"	"Brain - Hypothalamus"	20	15	3.04452243772342	2.77258872223978
"GTEX-18464-0011-R9a-SM-731BK"	"GTEX-18464"	"Brain - Spinal cord (cervical c-1)"	57	44	4.06044301054642	3.80666248977032
"GTEX-18465-0011-R11a-SM-72D78"	"GTEX-18465"	"Brain - Cerebellar Hemisphere"	8	6	2.19722457733622	1.94591014905531
"GTEX-18465-0011-R5a-SM-72D5J"	"GTEX-18465"	"Brain - Caudate (basal ganglia)"	44	43	3.80666248977032	3.78418963391826
"GTEX-18465-0011-R6a-SM-7LG6M"	"GTEX-18465"	"Brain - Nucleus accumbens (basal ganglia)"	28	40	3.36729582998647	3.71357206670431
"GTEX-18465-0011-R7b-SM-7LG6V"	"GTEX-18465"	"Brain - Putamen (basal ganglia)"	44	41	3.80666248977032	3.73766961828337
"GTEX-18465-0011-R8b-SM-7LG6O"	"GTEX-18465"	"Brain - Hypothalamus"	16	19	2.83321334405622	2.99573227355399
"GTEX-18465-2926-SM-7KFSE"	"GTEX-18465"	"Brain - Cerebellum"	26	24	3.29583686600433	3.2188758248682
"GTEX-18465-3026-SM-7LG6Y"	"GTEX-18465"	"Brain - Cortex"	94	87	4.55387689160054	4.47733681447821
"GTEX-18A6Q-0011-R10b-SM-72D7A"	"GTEX-18A6Q"	"Brain - Frontal Cortex (BA9)"	61	50	4.12713438504509	3.93182563272433
"GTEX-18A6Q-0011-R11a-SM-72D6H"	"GTEX-18A6Q"	"Brain - Cerebellar Hemisphere"	10	7	2.39789527279837	2.07944154167984
"GTEX-18A6Q-0011-R1b-SM-731DI"	"GTEX-18A6Q"	"Brain - Hippocampus"	24	21	3.2188758248682	3.09104245335832
"GTEX-18A6Q-0011-R3a-SM-718A7"	"GTEX-18A6Q"	"Brain - Anterior cingulate cortex (BA24)"	51	38	3.95124371858143	3.66356164612965
"GTEX-18A6Q-0011-R6a-SM-7LG6R"	"GTEX-18A6Q"	"Brain - Nucleus accumbens (basal ganglia)"	29	33	3.40119738166216	3.52636052461616
"GTEX-18A6Q-2826-SM-7LTAO"	"GTEX-18A6Q"	"Brain - Cerebellum"	22	25	3.13549421592915	3.25809653802148
"GTEX-18A6Q-2926-SM-718AR"	"GTEX-18A6Q"	"Brain - Cortex"	84	80	4.44265125649032	4.39444915467244
"GTEX-1A32A-0011-R1a-SM-7P8SQ"	"GTEX-1A32A"	"Brain - Hippocampus"	24	23	3.2188758248682	3.17805383034795
"GTEX-1A32A-0011-R9b-SM-7MGXD"	"GTEX-1A32A"	"Brain - Spinal cord (cervical c-1)"	62	64	4.14313472639153	4.17438726989564
"GTEX-1A3MX-0011-R10b-SM-7P8PG"	"GTEX-1A3MX"	"Brain - Frontal Cortex (BA9)"	51	33	3.95124371858143	3.52636052461616
"GTEX-1A3MX-0011-R11b-SM-7DUGP"	"GTEX-1A3MX"	"Brain - Cerebellar Hemisphere"	21	24	3.09104245335832	3.2188758248682
"GTEX-1A3MX-0011-R1b-SM-7P8PH"	"GTEX-1A3MX"	"Brain - Hippocampus"	31	22	3.46573590279973	3.13549421592915
"GTEX-1A3MX-0011-R2b-SM-7EWFL"	"GTEX-1A3MX"	"Brain - Substantia nigra"	63	61	4.15888308335967	4.12713438504509
"GTEX-1A3MX-0011-R3b-SM-79OOW"	"GTEX-1A3MX"	"Brain - Anterior cingulate cortex (BA24)"	45	46	3.8286413964891	3.85014760171006
"GTEX-1A3MX-0011-R4b-SM-7EWFK"	"GTEX-1A3MX"	"Brain - Amygdala"	37	28	3.63758615972639	3.36729582998647
"GTEX-1A3MX-0011-R5a-SM-79OM5"	"GTEX-1A3MX"	"Brain - Caudate (basal ganglia)"	33	25	3.52636052461616	3.25809653802148
"GTEX-1A3MX-0011-R6a-SM-7P8S9"	"GTEX-1A3MX"	"Brain - Nucleus accumbens (basal ganglia)"	42	48	3.76120011569356	3.89182029811063
"GTEX-1A3MX-0011-R7a-SM-7DUEM"	"GTEX-1A3MX"	"Brain - Putamen (basal ganglia)"	66	65	4.20469261939097	4.18965474202643
"GTEX-1A3MX-0011-R8a-SM-7P8PI"	"GTEX-1A3MX"	"Brain - Hypothalamus"	33	22	3.52636052461616	3.13549421592915
"GTEX-1A3MX-2926-SM-718B7"	"GTEX-1A3MX"	"Brain - Cerebellum"	50	42	3.93182563272433	3.76120011569356
"GTEX-1A3MX-3026-SM-731BF"	"GTEX-1A3MX"	"Brain - Cortex"	72	41	4.29045944114839	3.73766961828337
"GTEX-1A8G6-0011-R10b-SM-7P8PB"	"GTEX-1A8G6"	"Brain - Frontal Cortex (BA9)"	49	35	3.91202300542815	3.58351893845611
"GTEX-1A8G6-0011-R1a-SM-7P8PC"	"GTEX-1A8G6"	"Brain - Hippocampus"	40	36	3.71357206670431	3.61091791264422
"GTEX-1A8G6-0011-R5b-SM-7IGQG"	"GTEX-1A8G6"	"Brain - Caudate (basal ganglia)"	21	26	3.09104245335832	3.29583686600433
"GTEX-1A8G6-0011-R6b-SM-7P8PE"	"GTEX-1A8G6"	"Brain - Nucleus accumbens (basal ganglia)"	17	19	2.89037175789616	2.99573227355399
"GTEX-1A8G6-0011-R7b-SM-7MXTV"	"GTEX-1A8G6"	"Brain - Putamen (basal ganglia)"	39	22	3.68887945411394	3.13549421592915
"GTEX-1A8G6-0011-R8a-SM-7P8PD"	"GTEX-1A8G6"	"Brain - Hypothalamus"	30	29	3.43398720448515	3.40119738166216
"GTEX-1A8G6-2926-SM-731CK"	"GTEX-1A8G6"	"Brain - Cortex"	56	41	4.04305126783455	3.73766961828337
"GTEX-1A8G6-3126-SM-731D8"	"GTEX-1A8G6"	"Brain - Cerebellum"	17	9	2.89037175789616	2.30258509299405
"GTEX-1A8G7-0011-R2a-SM-7IGQI"	"GTEX-1A8G7"	"Brain - Substantia nigra"	10	17	2.39789527279837	2.89037175789616
"GTEX-1A8G7-0011-R8a-SM-7P8S6"	"GTEX-1A8G7"	"Brain - Hypothalamus"	6	7	1.94591014905531	2.07944154167984
"GTEX-1A8G7-0011-R9b-SM-7IGQH"	"GTEX-1A8G7"	"Brain - Spinal cord (cervical c-1)"	91	77	4.52178857704904	4.35670882668959
"GTEX-1A8G7-3026-SM-73KTT"	"GTEX-1A8G7"	"Brain - Cerebellum"	20	16	3.04452243772342	2.83321334405622
"GTEX-1A8G7-3126-SM-7IGP7"	"GTEX-1A8G7"	"Brain - Cortex"	47	55	3.87120101090789	4.02535169073515
"GTEX-1AX9I-0011-R11b-SM-7DHN4"	"GTEX-1AX9I"	"Brain - Cerebellar Hemisphere"	18	15	2.94443897916644	2.77258872223978
"GTEX-1AX9I-0011-R1b-SM-7RHG2"	"GTEX-1AX9I"	"Brain - Hippocampus"	43	35	3.78418963391826	3.58351893845611
"GTEX-1AX9I-0011-R4b-SM-7EPIB"	"GTEX-1AX9I"	"Brain - Amygdala"	70	60	4.26267987704132	4.11087386417331
"GTEX-1AX9I-0011-R5b-SM-793DI"	"GTEX-1AX9I"	"Brain - Caudate (basal ganglia)"	29	32	3.40119738166216	3.49650756146648
"GTEX-1AX9I-0011-R6a-SM-7P8PK"	"GTEX-1AX9I"	"Brain - Nucleus accumbens (basal ganglia)"	36	31	3.61091791264422	3.46573590279973
"GTEX-1AX9I-0011-R7b-SM-7P8Q3"	"GTEX-1AX9I"	"Brain - Putamen (basal ganglia)"	29	19	3.40119738166216	2.99573227355399
"GTEX-1AX9I-0011-R8a-SM-7P8PJ"	"GTEX-1AX9I"	"Brain - Hypothalamus"	39	34	3.68887945411394	3.55534806148941
"GTEX-1AX9I-3026-SM-73KUH"	"GTEX-1AX9I"	"Brain - Cortex"	71	84	4.27666611901606	4.44265125649032
"GTEX-1B8L1-0011-R10b-SM-7P8Q4"	"GTEX-1B8L1"	"Brain - Frontal Cortex (BA9)"	58	48	4.07753744390572	3.89182029811063
"GTEX-1B8L1-0011-R11b-SM-793DJ"	"GTEX-1B8L1"	"Brain - Cerebellar Hemisphere"	24	20	3.2188758248682	3.04452243772342
"GTEX-1B8L1-0011-R1a-SM-7P8SS"	"GTEX-1B8L1"	"Brain - Hippocampus"	56	48	4.04305126783455	3.89182029811063
"GTEX-1B8L1-0011-R2a-SM-9OSVL"	"GTEX-1B8L1"	"Brain - Substantia nigra"	31	21	3.46573590279973	3.09104245335832
"GTEX-1B8L1-0011-R3a-SM-7EPIO"	"GTEX-1B8L1"	"Brain - Anterior cingulate cortex (BA24)"	88	60	4.48863636973214	4.11087386417331
"GTEX-1B8L1-0011-R4a-SM-7EWFJ"	"GTEX-1B8L1"	"Brain - Amygdala"	32	31	3.49650756146648	3.46573590279973
"GTEX-1B8L1-0011-R5a-SM-7DHN5"	"GTEX-1B8L1"	"Brain - Caudate (basal ganglia)"	32	30	3.49650756146648	3.43398720448515
"GTEX-1B8L1-0011-R6b-SM-7P8SU"	"GTEX-1B8L1"	"Brain - Nucleus accumbens (basal ganglia)"	31	42	3.46573590279973	3.76120011569356
"GTEX-1B8L1-0011-R7b-SM-9OSVK"	"GTEX-1B8L1"	"Brain - Putamen (basal ganglia)"	59	41	4.0943445622221	3.73766961828337
"GTEX-1B8L1-0011-R8b-SM-7P8ST"	"GTEX-1B8L1"	"Brain - Hypothalamus"	17	17	2.89037175789616	2.89037175789616
"GTEX-1B8L1-0011-R9b-SM-9WG5U"	"GTEX-1B8L1"	"Brain - Spinal cord (cervical c-1)"	122	94	4.81218435537242	4.55387689160054
"GTEX-1B8L1-3026-SM-7EPHK"	"GTEX-1B8L1"	"Brain - Cortex"	123	74	4.82028156560504	4.31748811353631
"GTEX-1B8L1-3226-SM-7P8OX"	"GTEX-1B8L1"	"Brain - Cerebellum"	20	13	3.04452243772342	2.63905732961526
"GTEX-1B8SF-0011-R10b-SM-7P8SW"	"GTEX-1B8SF"	"Brain - Frontal Cortex (BA9)"	32	36	3.49650756146648	3.61091791264422
"GTEX-1B8SF-0011-R11a-SM-79OOP"	"GTEX-1B8SF"	"Brain - Cerebellar Hemisphere"	4	3	1.6094379124341	1.38629436111989
"GTEX-1B8SF-0011-R1b-SM-7P8Q8"	"GTEX-1B8SF"	"Brain - Hippocampus"	45	37	3.8286413964891	3.63758615972639
"GTEX-1B8SF-0011-R5a-SM-79OOO"	"GTEX-1B8SF"	"Brain - Caudate (basal ganglia)"	17	27	2.89037175789616	3.3322045101752
"GTEX-1B8SF-0011-R6b-SM-7MXUD"	"GTEX-1B8SF"	"Brain - Nucleus accumbens (basal ganglia)"	40	40	3.71357206670431	3.71357206670431
"GTEX-1B8SF-0011-R7b-SM-9OSVM"	"GTEX-1B8SF"	"Brain - Putamen (basal ganglia)"	27	18	3.3322045101752	2.94443897916644
"GTEX-1B8SF-0011-R8b-SM-7P8SX"	"GTEX-1B8SF"	"Brain - Hypothalamus"	17	22	2.89037175789616	3.13549421592915
"GTEX-1B8SF-3026-SM-731DX"	"GTEX-1B8SF"	"Brain - Cerebellum"	9	8	2.30258509299405	2.19722457733622
"GTEX-1B8SF-3126-SM-73KU1"	"GTEX-1B8SF"	"Brain - Cortex"	92	58	4.53259949315326	4.07753744390572
"GTEX-1B8SG-0011-R11a-SM-7P8PF"	"GTEX-1B8SG"	"Brain - Cerebellar Hemisphere"	4	2	1.6094379124341	1.09861228866811
"GTEX-1B8SG-0011-R2b-SM-79OOT"	"GTEX-1B8SG"	"Brain - Substantia nigra"	29	20	3.40119738166216	3.04452243772342
"GTEX-1B8SG-0011-R8b-SM-7IGNW"	"GTEX-1B8SG"	"Brain - Hypothalamus"	8	10	2.19722457733622	2.39789527279837
"GTEX-1B8SG-1726-SM-73KXK"	"GTEX-1B8SG"	"Brain - Cortex"	31	17	3.46573590279973	2.89037175789616
"GTEX-1B8SG-1926-SM-73KUB"	"GTEX-1B8SG"	"Brain - Cerebellum"	10	7	2.39789527279837	2.07944154167984
"GTEX-1B933-0011-R10b-SM-9OSVN"	"GTEX-1B933"	"Brain - Frontal Cortex (BA9)"	77	57	4.35670882668959	4.06044301054642
"GTEX-1B933-0011-R11a-SM-7P8PM"	"GTEX-1B933"	"Brain - Cerebellar Hemisphere"	7	7	2.07944154167984	2.07944154167984
"GTEX-1B933-0011-R1b-SM-9QEGW"	"GTEX-1B933"	"Brain - Hippocampus"	53	41	3.98898404656427	3.73766961828337
"GTEX-1B933-0011-R2b-SM-7IGNM"	"GTEX-1B933"	"Brain - Substantia nigra"	51	35	3.95124371858143	3.58351893845611
"GTEX-1B933-0011-R3b-SM-7P8PL"	"GTEX-1B933"	"Brain - Anterior cingulate cortex (BA24)"	80	49	4.39444915467244	3.91202300542815
"GTEX-1B933-0011-R5b-SM-7P8SA"	"GTEX-1B933"	"Brain - Caudate (basal ganglia)"	37	36	3.63758615972639	3.61091791264422
"GTEX-1B933-0011-R6b-SM-79OOQ"	"GTEX-1B933"	"Brain - Nucleus accumbens (basal ganglia)"	19	23	2.99573227355399	3.17805383034795
"GTEX-1B933-0011-R7a-SM-7DUGX"	"GTEX-1B933"	"Brain - Putamen (basal ganglia)"	52	46	3.97029191355212	3.85014760171006
"GTEX-1B933-0011-R8a-SM-9QEGX"	"GTEX-1B933"	"Brain - Hypothalamus"	47	28	3.87120101090789	3.36729582998647
"GTEX-1B933-0011-R9a-SM-79OOR"	"GTEX-1B933"	"Brain - Spinal cord (cervical c-1)"	70	42	4.26267987704132	3.76120011569356
"GTEX-1B933-3026-SM-731DB"	"GTEX-1B933"	"Brain - Cerebellum"	17	16	2.89037175789616	2.83321334405622
"GTEX-1B933-3126-SM-7P8RL"	"GTEX-1B933"	"Brain - Cortex"	79	73	4.38202663467388	4.30406509320417
"GTEX-1B996-0011-R10b-SM-CJI3T"	"GTEX-1B996"	"Brain - Frontal Cortex (BA9)"	62	52	4.14313472639153	3.97029191355212
"GTEX-1B996-0011-R1b-SM-7P8PO"	"GTEX-1B996"	"Brain - Hippocampus"	39	44	3.68887945411394	3.80666248977032
"GTEX-1B996-0011-R2a-SM-7IGON"	"GTEX-1B996"	"Brain - Substantia nigra"	49	51	3.91202300542815	3.95124371858143
"GTEX-1B996-0011-R3b-SM-9QEGY"	"GTEX-1B996"	"Brain - Anterior cingulate cortex (BA24)"	87	83	4.47733681447821	4.43081679884331
"GTEX-1B996-0011-R4b-SM-9OSVO"	"GTEX-1B996"	"Brain - Amygdala"	76	52	4.34380542185368	3.97029191355212
"GTEX-1B996-0011-R5a-SM-7P8PN"	"GTEX-1B996"	"Brain - Caudate (basal ganglia)"	60	36	4.11087386417331	3.61091791264422
"GTEX-1B996-0011-R6b-SM-793AQ"	"GTEX-1B996"	"Brain - Nucleus accumbens (basal ganglia)"	69	54	4.24849524204936	4.00733318523247
"GTEX-1B996-0011-R7b-SM-7IGNT"	"GTEX-1B996"	"Brain - Putamen (basal ganglia)"	86	73	4.46590811865458	4.30406509320417
"GTEX-1B996-0011-R8b-SM-79OOS"	"GTEX-1B996"	"Brain - Hypothalamus"	40	50	3.71357206670431	3.93182563272433
"GTEX-1B996-2926-SM-7MXUH"	"GTEX-1B996"	"Brain - Cerebellum"	15	24	2.77258872223978	3.2188758248682
"GTEX-1BAJH-0011-R10a-SM-7MXT9"	"GTEX-1BAJH"	"Brain - Frontal Cortex (BA9)"	36	42	3.61091791264422	3.76120011569356
"GTEX-1BAJH-0011-R11b-SM-7IGLM"	"GTEX-1BAJH"	"Brain - Cerebellar Hemisphere"	12	11	2.56494935746154	2.484906649788
"GTEX-1BAJH-0011-R1a-SM-7P8SV"	"GTEX-1BAJH"	"Brain - Hippocampus"	29	27	3.40119738166216	3.3322045101752
"GTEX-1BAJH-0011-R3a-SM-7IGNU"	"GTEX-1BAJH"	"Brain - Anterior cingulate cortex (BA24)"	31	21	3.46573590279973	3.09104245335832
"GTEX-1BAJH-0011-R6b-SM-7MXT2"	"GTEX-1BAJH"	"Brain - Nucleus accumbens (basal ganglia)"	14	12	2.70805020110221	2.56494935746154
"GTEX-1BAJH-0011-R8a-SM-7MXUB"	"GTEX-1BAJH"	"Brain - Hypothalamus"	22	18	3.13549421592915	2.94443897916644
"GTEX-1BAJH-0011-R9b-SM-7EPIQ"	"GTEX-1BAJH"	"Brain - Spinal cord (cervical c-1)"	65	48	4.18965474202643	3.89182029811063
"GTEX-1BAJH-3126-SM-7MGXY"	"GTEX-1BAJH"	"Brain - Cerebellum"	9	14	2.30258509299405	2.70805020110221
"GTEX-1C64N-0011-R11b-SM-7P8Q6"	"GTEX-1C64N"	"Brain - Cerebellar Hemisphere"	11	8	2.484906649788	2.19722457733622
"GTEX-1C64N-0011-R1b-SM-7P8Q7"	"GTEX-1C64N"	"Brain - Hippocampus"	35	23	3.58351893845611	3.17805383034795
"GTEX-1C64N-0011-R6a-SM-7IGO9"	"GTEX-1C64N"	"Brain - Nucleus accumbens (basal ganglia)"	9	15	2.30258509299405	2.77258872223978
"GTEX-1C64N-0011-R7a-SM-7IGOI"	"GTEX-1C64N"	"Brain - Putamen (basal ganglia)"	16	17	2.83321334405622	2.89037175789616
"GTEX-1C64N-0011-R8b-SM-7MGXE"	"GTEX-1C64N"	"Brain - Hypothalamus"	13	10	2.63905732961526	2.39789527279837
"GTEX-1C64N-3026-SM-7MGVU"	"GTEX-1C64N"	"Brain - Cortex"	34	28	3.55534806148941	3.36729582998647
"GTEX-1C64N-3126-SM-79OO3"	"GTEX-1C64N"	"Brain - Cerebellum"	14	7	2.70805020110221	2.07944154167984
"GTEX-1C6VQ-0011-R10b-SM-7P8Q1"	"GTEX-1C6VQ"	"Brain - Frontal Cortex (BA9)"	46	39	3.85014760171006	3.68887945411394
"GTEX-1C6VQ-0011-R1a-SM-7P8Q2"	"GTEX-1C6VQ"	"Brain - Hippocampus"	17	31	2.89037175789616	3.46573590279973
"GTEX-1C6VQ-0011-R9a-SM-7SB85"	"GTEX-1C6VQ"	"Brain - Spinal cord (cervical c-1)"	75	65	4.33073334028633	4.18965474202643
"GTEX-1C6VQ-3026-SM-7IGPU"	"GTEX-1C6VQ"	"Brain - Cortex"	55	45	4.02535169073515	3.8286413964891
"GTEX-1C6VR-0011-R10b-SM-7P8QA"	"GTEX-1C6VR"	"Brain - Frontal Cortex (BA9)"	38	40	3.66356164612965	3.71357206670431
"GTEX-1C6VR-0011-R1a-SM-7MXUE"	"GTEX-1C6VR"	"Brain - Hippocampus"	28	15	3.36729582998647	2.77258872223978
"GTEX-1C6VR-0011-R2a-SM-7RHGZ"	"GTEX-1C6VR"	"Brain - Substantia nigra"	26	29	3.29583686600433	3.40119738166216
"GTEX-1C6VR-0011-R4b-SM-9QEGZ"	"GTEX-1C6VR"	"Brain - Amygdala"	26	21	3.29583686600433	3.09104245335832
"GTEX-1C6VR-0011-R5a-SM-9QEH1"	"GTEX-1C6VR"	"Brain - Caudate (basal ganglia)"	23	25	3.17805383034795	3.25809653802148
"GTEX-1C6VR-0011-R6a-SM-7MXU8"	"GTEX-1C6VR"	"Brain - Nucleus accumbens (basal ganglia)"	22	18	3.13549421592915	2.94443897916644
"GTEX-1C6VR-0011-R8b-SM-7MXUF"	"GTEX-1C6VR"	"Brain - Hypothalamus"	15	23	2.77258872223978	3.17805383034795
"GTEX-1C6VR-3026-SM-7IGLW"	"GTEX-1C6VR"	"Brain - Cerebellum"	20	15	3.04452243772342	2.77258872223978
"GTEX-1C6VS-0011-R5a-SM-7MXU9"	"GTEX-1C6VS"	"Brain - Caudate (basal ganglia)"	64	64	4.17438726989564	4.17438726989564
"GTEX-1C6VS-0011-R9b-SM-9WG5W"	"GTEX-1C6VS"	"Brain - Spinal cord (cervical c-1)"	53	66	3.98898404656427	4.20469261939097
"GTEX-1C6VS-3026-SM-79OLA"	"GTEX-1C6VS"	"Brain - Cortex"	88	73	4.48863636973214	4.30406509320417
"GTEX-1C6WA-0011-R3a-SM-9OSVP"	"GTEX-1C6WA"	"Brain - Anterior cingulate cortex (BA24)"	39	35	3.68887945411394	3.58351893845611
"GTEX-1C6WA-0011-R4a-SM-9QEH2"	"GTEX-1C6WA"	"Brain - Amygdala"	19	27	2.99573227355399	3.3322045101752
"GTEX-1C6WA-0011-R5a-SM-9WG5X"	"GTEX-1C6WA"	"Brain - Caudate (basal ganglia)"	45	48	3.8286413964891	3.89182029811063
"GTEX-1C6WA-0011-R6a-SM-7PBYP"	"GTEX-1C6WA"	"Brain - Nucleus accumbens (basal ganglia)"	65	59	4.18965474202643	4.0943445622221
"GTEX-1C6WA-0011-R7b-SM-7P8S8"	"GTEX-1C6WA"	"Brain - Putamen (basal ganglia)"	22	19	3.13549421592915	2.99573227355399
"GTEX-1C6WA-0011-R8b-SM-7P8S7"	"GTEX-1C6WA"	"Brain - Hypothalamus"	46	28	3.85014760171006	3.36729582998647
"GTEX-1C6WA-3026-SM-7P8RQ"	"GTEX-1C6WA"	"Brain - Cortex"	45	43	3.8286413964891	3.78418963391826
"GTEX-1C6WA-3326-SM-7MKGN"	"GTEX-1C6WA"	"Brain - Cerebellum"	4	5	1.6094379124341	1.79175946922806
"GTEX-1CAMQ-0011-R8a-SM-ARU85"	"GTEX-1CAMQ"	"Brain - Hypothalamus"	22	25	3.13549421592915	3.25809653802148
"GTEX-1CAMQ-0011-R9a-SM-9WG5Z"	"GTEX-1CAMQ"	"Brain - Spinal cord (cervical c-1)"	53	56	3.98898404656427	4.04305126783455
"GTEX-1CAV2-0011-R11a-SM-ARU8D"	"GTEX-1CAV2"	"Brain - Cerebellar Hemisphere"	21	11	3.09104245335832	2.484906649788
"GTEX-1CAV2-0011-R1a-SM-ARZML"	"GTEX-1CAV2"	"Brain - Hippocampus"	14	11	2.70805020110221	2.484906649788
"GTEX-1CAV2-0011-R5b-SM-9QEH4"	"GTEX-1CAV2"	"Brain - Caudate (basal ganglia)"	24	19	3.2188758248682	2.99573227355399
"GTEX-1CAV2-0011-R9b-SM-9WG5M"	"GTEX-1CAV2"	"Brain - Spinal cord (cervical c-1)"	63	51	4.15888308335967	3.95124371858143
"GTEX-1CAV2-2726-SM-7IGNN"	"GTEX-1CAV2"	"Brain - Cortex"	42	37	3.76120011569356	3.63758615972639
"GTEX-1CB4G-0011-R10a-SM-9QEHS"	"GTEX-1CB4G"	"Brain - Frontal Cortex (BA9)"	61	60	4.12713438504509	4.11087386417331
"GTEX-1CB4G-0011-R11a-SM-9OSWG"	"GTEX-1CB4G"	"Brain - Cerebellar Hemisphere"	21	16	3.09104245335832	2.83321334405622
"GTEX-1CB4G-0011-R1b-SM-9QEHT"	"GTEX-1CB4G"	"Brain - Hippocampus"	52	40	3.97029191355212	3.71357206670431
"GTEX-1CB4G-0011-R2a-SM-9QEGQ"	"GTEX-1CB4G"	"Brain - Substantia nigra"	29	24	3.40119738166216	3.2188758248682
"GTEX-1CB4G-0011-R3a-SM-CE6QQ"	"GTEX-1CB4G"	"Brain - Anterior cingulate cortex (BA24)"	37	29	3.63758615972639	3.40119738166216
"GTEX-1CB4G-0011-R4b-SM-CJI28"	"GTEX-1CB4G"	"Brain - Amygdala"	25	19	3.25809653802148	2.99573227355399
"GTEX-1CB4G-0011-R5a-SM-CKZNM"	"GTEX-1CB4G"	"Brain - Caudate (basal ganglia)"	51	52	3.95124371858143	3.97029191355212
"GTEX-1CB4G-0011-R6b-SM-9QEGO"	"GTEX-1CB4G"	"Brain - Nucleus accumbens (basal ganglia)"	39	32	3.68887945411394	3.49650756146648
"GTEX-1CB4G-0011-R7b-SM-9QEGP"	"GTEX-1CB4G"	"Brain - Putamen (basal ganglia)"	39	33	3.68887945411394	3.52636052461616
"GTEX-1CB4G-0011-R8b-SM-9WG7H"	"GTEX-1CB4G"	"Brain - Hypothalamus"	37	23	3.63758615972639	3.17805383034795
"GTEX-1CB4G-2926-SM-7MKFQ"	"GTEX-1CB4G"	"Brain - Cerebellum"	35	23	3.58351893845611	3.17805383034795
"GTEX-1CB4H-0011-R10b-SM-9QEH3"	"GTEX-1CB4H"	"Brain - Frontal Cortex (BA9)"	58	57	4.07753744390572	4.06044301054642
"GTEX-1CB4H-0011-R3b-SM-9OSVI"	"GTEX-1CB4H"	"Brain - Anterior cingulate cortex (BA24)"	88	60	4.48863636973214	4.11087386417331
"GTEX-1CB4H-0011-R5b-SM-9QEGN"	"GTEX-1CB4H"	"Brain - Caudate (basal ganglia)"	84	107	4.44265125649032	4.68213122712422
"GTEX-1CB4H-0011-R6b-SM-CKZNK"	"GTEX-1CB4H"	"Brain - Nucleus accumbens (basal ganglia)"	49	44	3.91202300542815	3.80666248977032
"GTEX-1CB4H-0011-R7b-SM-CJI27"	"GTEX-1CB4H"	"Brain - Putamen (basal ganglia)"	61	71	4.12713438504509	4.27666611901606
"GTEX-1CB4H-0011-R8b-SM-CJI26"	"GTEX-1CB4H"	"Brain - Hypothalamus"	31	23	3.46573590279973	3.17805383034795
"GTEX-1CB4H-0011-R9a-SM-CKZNL"	"GTEX-1CB4H"	"Brain - Spinal cord (cervical c-1)"	57	65	4.06044301054642	4.18965474202643
"GTEX-1CB4H-3026-SM-79OLX"	"GTEX-1CB4H"	"Brain - Cerebellum"	25	30	3.25809653802148	3.43398720448515
"GTEX-1CB4H-3126-SM-7IGN4"	"GTEX-1CB4H"	"Brain - Cortex"	70	68	4.26267987704132	4.23410650459726
"GTEX-1CB4J-0011-R10a-SM-9WG63"	"GTEX-1CB4J"	"Brain - Frontal Cortex (BA9)"	110	99	4.70953020131233	4.60517018598809
"GTEX-1CB4J-0011-R1a-SM-9WG64"	"GTEX-1CB4J"	"Brain - Hippocampus"	28	37	3.36729582998647	3.63758615972639
"GTEX-1CB4J-0011-R4b-SM-9WG5P"	"GTEX-1CB4J"	"Brain - Amygdala"	63	56	4.15888308335967	4.04305126783455
"GTEX-1CB4J-0011-R6b-SM-9WG7B"	"GTEX-1CB4J"	"Brain - Nucleus accumbens (basal ganglia)"	105	89	4.66343909411207	4.49980967033027
"GTEX-1CB4J-0011-R8a-SM-9QEHU"	"GTEX-1CB4J"	"Brain - Hypothalamus"	22	20	3.13549421592915	3.04452243772342
"GTEX-1E1VI-0011-R10b-SM-ARU8F"	"GTEX-1E1VI"	"Brain - Frontal Cortex (BA9)"	45	34	3.8286413964891	3.55534806148941
"GTEX-1E1VI-0011-R11a-SM-9OSWI"	"GTEX-1E1VI"	"Brain - Cerebellar Hemisphere"	7	4	2.07944154167984	1.6094379124341
"GTEX-1E1VI-0011-R1a-SM-ARZMM"	"GTEX-1E1VI"	"Brain - Hippocampus"	16	11	2.83321334405622	2.484906649788
"GTEX-1E1VI-0011-R2a-SM-9QEGS"	"GTEX-1E1VI"	"Brain - Substantia nigra"	16	11	2.83321334405622	2.484906649788
"GTEX-1E1VI-0011-R3a-SM-9OSWH"	"GTEX-1E1VI"	"Brain - Anterior cingulate cortex (BA24)"	26	20	3.29583686600433	3.04452243772342
"GTEX-1E1VI-0011-R4b-SM-9QEHV"	"GTEX-1E1VI"	"Brain - Amygdala"	12	10	2.56494935746154	2.39789527279837
"GTEX-1E1VI-0011-R5b-SM-9WG5V"	"GTEX-1E1VI"	"Brain - Caudate (basal ganglia)"	29	21	3.40119738166216	3.09104245335832
"GTEX-1E1VI-0011-R6a-SM-9OSVJ"	"GTEX-1E1VI"	"Brain - Nucleus accumbens (basal ganglia)"	35	26	3.58351893845611	3.29583686600433
"GTEX-1E1VI-0011-R7b-SM-9QEGR"	"GTEX-1E1VI"	"Brain - Putamen (basal ganglia)"	14	13	2.70805020110221	2.63905732961526
"GTEX-1E1VI-0011-R8b-SM-ARU8E"	"GTEX-1E1VI"	"Brain - Hypothalamus"	12	16	2.56494935746154	2.83321334405622
"GTEX-1E1VI-2926-SM-7IGLT"	"GTEX-1E1VI"	"Brain - Cerebellum"	32	28	3.49650756146648	3.36729582998647
"GTEX-1E1VI-3026-SM-7RHHU"	"GTEX-1E1VI"	"Brain - Cortex"	53	46	3.98898404656427	3.85014760171006
"GTEX-1E2YA-0011-R1b-SM-CJI29"	"GTEX-1E2YA"	"Brain - Hippocampus"	47	38	3.87120101090789	3.66356164612965
"GTEX-1E2YA-0011-R5a-SM-9QEGT"	"GTEX-1E2YA"	"Brain - Caudate (basal ganglia)"	51	52	3.95124371858143	3.97029191355212
"GTEX-1E2YA-0011-R6b-SM-CE6R2"	"GTEX-1E2YA"	"Brain - Nucleus accumbens (basal ganglia)"	24	33	3.2188758248682	3.52636052461616
"GTEX-1E2YA-0011-R7a-SM-CJI1Z"	"GTEX-1E2YA"	"Brain - Putamen (basal ganglia)"	59	55	4.0943445622221	4.02535169073515
"GTEX-1E2YA-0011-R8a-SM-CKZNG"	"GTEX-1E2YA"	"Brain - Hypothalamus"	18	22	2.94443897916644	3.13549421592915
"GTEX-1E2YA-2926-SM-7MGWX"	"GTEX-1E2YA"	"Brain - Cerebellum"	14	10	2.70805020110221	2.39789527279837
"GTEX-1E2YA-3026-SM-7IGO7"	"GTEX-1E2YA"	"Brain - Cortex"	62	47	4.14313472639153	3.87120101090789
"GTEX-1EH9U-0011-R10a-SM-CJI2A"	"GTEX-1EH9U"	"Brain - Frontal Cortex (BA9)"	68	51	4.23410650459726	3.95124371858143
"GTEX-1EH9U-0011-R1b-SM-CJI2B"	"GTEX-1EH9U"	"Brain - Hippocampus"	60	54	4.11087386417331	4.00733318523247
"GTEX-1EH9U-0011-R3b-SM-CL534"	"GTEX-1EH9U"	"Brain - Anterior cingulate cortex (BA24)"	32	24	3.49650756146648	3.2188758248682
"GTEX-1EH9U-0011-R5a-SM-CJI2K"	"GTEX-1EH9U"	"Brain - Caudate (basal ganglia)"	38	54	3.66356164612965	4.00733318523247
"GTEX-1EH9U-0011-R6a-SM-CJI2C"	"GTEX-1EH9U"	"Brain - Nucleus accumbens (basal ganglia)"	30	30	3.43398720448515	3.43398720448515
"GTEX-1EH9U-0011-R7a-SM-9QEGU"	"GTEX-1EH9U"	"Brain - Putamen (basal ganglia)"	57	25	4.06044301054642	3.25809653802148
"GTEX-1EH9U-0011-R9b-SM-9WG5T"	"GTEX-1EH9U"	"Brain - Spinal cord (cervical c-1)"	89	87	4.49980967033027	4.47733681447821
"GTEX-1EH9U-3126-SM-7MXU5"	"GTEX-1EH9U"	"Brain - Cerebellum"	50	46	3.93182563272433	3.85014760171006
"GTEX-1EKGG-0011-R11a-SM-9QEHZ"	"GTEX-1EKGG"	"Brain - Cerebellar Hemisphere"	11	7	2.484906649788	2.07944154167984
"GTEX-1EKGG-0011-R1b-SM-9QEI1"	"GTEX-1EKGG"	"Brain - Hippocampus"	18	22	2.94443897916644	3.13549421592915
"GTEX-1EKGG-0011-R2a-SM-CE6R8"	"GTEX-1EKGG"	"Brain - Substantia nigra"	27	28	3.3322045101752	3.36729582998647
"GTEX-1EKGG-0011-R5a-SM-9OSVQ"	"GTEX-1EKGG"	"Brain - Caudate (basal ganglia)"	34	26	3.55534806148941	3.29583686600433
"GTEX-1EKGG-0011-R6a-SM-CL538"	"GTEX-1EKGG"	"Brain - Nucleus accumbens (basal ganglia)"	28	37	3.36729582998647	3.63758615972639
"GTEX-1EKGG-0011-R7a-SM-CKZNN"	"GTEX-1EKGG"	"Brain - Putamen (basal ganglia)"	31	22	3.46573590279973	3.13549421592915
"GTEX-1EKGG-0011-R9a-SM-CMKFV"	"GTEX-1EKGG"	"Brain - Spinal cord (cervical c-1)"	48	52	3.89182029811063	3.97029191355212
"GTEX-1EKGG-2926-SM-7EPIH"	"GTEX-1EKGG"	"Brain - Cortex"	95	70	4.56434819146784	4.26267987704132
"GTEX-1EKGG-3126-SM-9WPO5"	"GTEX-1EKGG"	"Brain - Cerebellum"	12	9	2.56494935746154	2.30258509299405
"GTEX-1EMGI-0011-R10a-SM-9OSWY"	"GTEX-1EMGI"	"Brain - Frontal Cortex (BA9)"	43	37	3.78418963391826	3.63758615972639
"GTEX-1EMGI-0011-R11b-SM-9OSWX"	"GTEX-1EMGI"	"Brain - Cerebellar Hemisphere"	11	8	2.484906649788	2.19722457733622
"GTEX-1EMGI-0011-R1b-SM-9OSWZ"	"GTEX-1EMGI"	"Brain - Hippocampus"	55	36	4.02535169073515	3.61091791264422
"GTEX-1EMGI-0011-R2b-SM-9OSVS"	"GTEX-1EMGI"	"Brain - Substantia nigra"	35	28	3.58351893845611	3.36729582998647
"GTEX-1EMGI-0011-R3b-SM-CE6R9"	"GTEX-1EMGI"	"Brain - Anterior cingulate cortex (BA24)"	68	51	4.23410650459726	3.95124371858143
"GTEX-1EMGI-0011-R4b-SM-CJI2D"	"GTEX-1EMGI"	"Brain - Amygdala"	48	41	3.89182029811063	3.73766961828337
"GTEX-1EMGI-0011-R5a-SM-CJI2E"	"GTEX-1EMGI"	"Brain - Caudate (basal ganglia)"	86	78	4.46590811865458	4.36944785246702
"GTEX-1EMGI-0011-R6a-SM-9OSVR"	"GTEX-1EMGI"	"Brain - Nucleus accumbens (basal ganglia)"	47	36	3.87120101090789	3.61091791264422
"GTEX-1EMGI-0011-R7b-SM-9QEH5"	"GTEX-1EMGI"	"Brain - Putamen (basal ganglia)"	28	24	3.36729582998647	3.2188758248682
"GTEX-1EMGI-0011-R8b-SM-9QEID"	"GTEX-1EMGI"	"Brain - Hypothalamus"	16	17	2.83321334405622	2.89037175789616
"GTEX-1EMGI-3026-SM-7P8P6"	"GTEX-1EMGI"	"Brain - Cortex"	77	57	4.35670882668959	4.06044301054642
"GTEX-1EMGI-3126-SM-7MXUR"	"GTEX-1EMGI"	"Brain - Cerebellum"	14	10	2.70805020110221	2.39789527279837
"GTEX-1EN7A-0011-R3a-SM-9OSVT"	"GTEX-1EN7A"	"Brain - Anterior cingulate cortex (BA24)"	32	23	3.49650756146648	3.17805383034795
"GTEX-1EN7A-0011-R5a-SM-9QEH6"	"GTEX-1EN7A"	"Brain - Caudate (basal ganglia)"	16	15	2.83321334405622	2.77258872223978
"GTEX-1EN7A-0011-R6b-SM-9QEHW"	"GTEX-1EN7A"	"Brain - Nucleus accumbens (basal ganglia)"	25	18	3.25809653802148	2.94443897916644
"GTEX-1EN7A-0011-R7b-SM-9QEHX"	"GTEX-1EN7A"	"Brain - Putamen (basal ganglia)"	9	16	2.30258509299405	2.83321334405622
"GTEX-1EN7A-3026-SM-7PBYT"	"GTEX-1EN7A"	"Brain - Cortex"	51	52	3.95124371858143	3.97029191355212
"GTEX-1EU9M-0011-R2b-SM-9QEH7"	"GTEX-1EU9M"	"Brain - Substantia nigra"	33	30	3.52636052461616	3.43398720448515
"GTEX-1EU9M-0011-R3a-SM-9QEHY"	"GTEX-1EU9M"	"Brain - Anterior cingulate cortex (BA24)"	31	21	3.46573590279973	3.09104245335832
"GTEX-1EU9M-0011-R7b-SM-9OSVU"	"GTEX-1EU9M"	"Brain - Putamen (basal ganglia)"	27	32	3.3322045101752	3.49650756146648
"GTEX-1EU9M-0011-R9a-SM-9WG61"	"GTEX-1EU9M"	"Brain - Spinal cord (cervical c-1)"	67	57	4.21950770517611	4.06044301054642
"GTEX-1EU9M-2926-SM-793DF"	"GTEX-1EU9M"	"Brain - Cerebellum"	13	12	2.63905732961526	2.56494935746154
"GTEX-1EWIQ-0011-R1a-SM-9OSX7"	"GTEX-1EWIQ"	"Brain - Hippocampus"	20	26	3.04452243772342	3.29583686600433
"GTEX-1EWIQ-0011-R6a-SM-ARU8G"	"GTEX-1EWIQ"	"Brain - Nucleus accumbens (basal ganglia)"	13	11	2.63905732961526	2.484906649788
"GTEX-1EWIQ-0011-R9a-SM-ARL8L"	"GTEX-1EWIQ"	"Brain - Spinal cord (cervical c-1)"	47	49	3.87120101090789	3.91202300542815
"GTEX-1EWIQ-3026-SM-7IGOJ"	"GTEX-1EWIQ"	"Brain - Cerebellum"	26	22	3.29583686600433	3.13549421592915
"GTEX-1EWIQ-3126-SM-7MXTI"	"GTEX-1EWIQ"	"Brain - Cortex"	57	41	4.06044301054642	3.73766961828337
"GTEX-1EX96-0011-R10b-SM-CE6QR"	"GTEX-1EX96"	"Brain - Frontal Cortex (BA9)"	44	46	3.80666248977032	3.85014760171006
"GTEX-1EX96-0011-R1a-SM-CE6R5"	"GTEX-1EX96"	"Brain - Hippocampus"	25	22	3.25809653802148	3.13549421592915
"GTEX-1EX96-0011-R3b-SM-ARZMH"	"GTEX-1EX96"	"Brain - Anterior cingulate cortex (BA24)"	27	12	3.3322045101752	2.56494935746154
"GTEX-1EX96-0011-R4a-SM-ARU82"	"GTEX-1EX96"	"Brain - Amygdala"	22	28	3.13549421592915	3.36729582998647
"GTEX-1EX96-0011-R5a-SM-ARU83"	"GTEX-1EX96"	"Brain - Caudate (basal ganglia)"	39	36	3.68887945411394	3.61091791264422
"GTEX-1EX96-0011-R6a-SM-9OSVV"	"GTEX-1EX96"	"Brain - Nucleus accumbens (basal ganglia)"	49	60	3.91202300542815	4.11087386417331
"GTEX-1EX96-0011-R7a-SM-9OSVW"	"GTEX-1EX96"	"Brain - Putamen (basal ganglia)"	52	46	3.97029191355212	3.85014760171006
"GTEX-1EX96-3026-SM-7RHH5"	"GTEX-1EX96"	"Brain - Cortex"	83	79	4.43081679884331	4.38202663467388
"GTEX-1EX96-3126-SM-9JGGC"	"GTEX-1EX96"	"Brain - Cerebellum"	29	17	3.40119738166216	2.89037175789616
"GTEX-1F48J-0011-R10a-SM-9QEIB"	"GTEX-1F48J"	"Brain - Frontal Cortex (BA9)"	75	54	4.33073334028633	4.00733318523247
"GTEX-1F48J-0011-R11b-SM-9OSWV"	"GTEX-1F48J"	"Brain - Cerebellar Hemisphere"	15	17	2.77258872223978	2.89037175789616
"GTEX-1F48J-0011-R1a-SM-9QEIC"	"GTEX-1F48J"	"Brain - Hippocampus"	75	73	4.33073334028633	4.30406509320417
"GTEX-1F48J-0011-R2a-SM-CL535"	"GTEX-1F48J"	"Brain - Substantia nigra"	50	42	3.93182563272433	3.76120011569356
"GTEX-1F48J-0011-R3b-SM-9OSVY"	"GTEX-1F48J"	"Brain - Anterior cingulate cortex (BA24)"	85	59	4.45434729625351	4.0943445622221
"GTEX-1F48J-0011-R4b-SM-9OSVX"	"GTEX-1F48J"	"Brain - Amygdala"	53	46	3.98898404656427	3.85014760171006
"GTEX-1F48J-0011-R5b-SM-9OSVZ"	"GTEX-1F48J"	"Brain - Caudate (basal ganglia)"	59	43	4.0943445622221	3.78418963391826
"GTEX-1F48J-0011-R6a-SM-CJI2F"	"GTEX-1F48J"	"Brain - Nucleus accumbens (basal ganglia)"	52	48	3.97029191355212	3.89182029811063
"GTEX-1F48J-0011-R7a-SM-CJI2G"	"GTEX-1F48J"	"Brain - Putamen (basal ganglia)"	64	50	4.17438726989564	3.93182563272433
"GTEX-1F48J-0011-R8a-SM-9OSWW"	"GTEX-1F48J"	"Brain - Hypothalamus"	53	41	3.98898404656427	3.73766961828337
"GTEX-1F48J-2726-SM-7P8PW"	"GTEX-1F48J"	"Brain - Cerebellum"	21	29	3.09104245335832	3.40119738166216
"GTEX-1F48J-2826-SM-7P8R4"	"GTEX-1F48J"	"Brain - Cortex"	120	93	4.79579054559674	4.54329478227
"GTEX-1F52S-0011-R11a-SM-CJI23"	"GTEX-1F52S"	"Brain - Cerebellar Hemisphere"	17	15	2.89037175789616	2.77258872223978
"GTEX-1F52S-0011-R3a-SM-CKZNI"	"GTEX-1F52S"	"Brain - Anterior cingulate cortex (BA24)"	32	24	3.49650756146648	3.2188758248682
"GTEX-1F52S-0011-R5a-SM-CJI22"	"GTEX-1F52S"	"Brain - Caudate (basal ganglia)"	63	58	4.15888308335967	4.07753744390572
"GTEX-1F52S-0011-R7b-SM-9QEH8"	"GTEX-1F52S"	"Brain - Putamen (basal ganglia)"	30	35	3.43398720448515	3.58351893845611
"GTEX-1F52S-0011-R8a-SM-9OSXA"	"GTEX-1F52S"	"Brain - Hypothalamus"	14	19	2.70805020110221	2.99573227355399
"GTEX-1F52S-0011-R9a-SM-9WG62"	"GTEX-1F52S"	"Brain - Spinal cord (cervical c-1)"	57	55	4.06044301054642	4.02535169073515
"GTEX-1F52S-3026-SM-7P8PV"	"GTEX-1F52S"	"Brain - Cerebellum"	30	26	3.43398720448515	3.29583686600433
"GTEX-1F52S-3126-SM-7PC3M"	"GTEX-1F52S"	"Brain - Cortex"	54	56	4.00733318523247	4.04305126783455
"GTEX-1F6I4-0011-R10b-SM-9OSWT"	"GTEX-1F6I4"	"Brain - Frontal Cortex (BA9)"	80	53	4.39444915467244	3.98898404656427
"GTEX-1F6I4-0011-R11b-SM-9OSWS"	"GTEX-1F6I4"	"Brain - Cerebellar Hemisphere"	10	13	2.39789527279837	2.63905732961526
"GTEX-1F6I4-0011-R1a-SM-9OSWU"	"GTEX-1F6I4"	"Brain - Hippocampus"	59	57	4.0943445622221	4.06044301054642
"GTEX-1F6I4-0011-R2a-SM-CL536"	"GTEX-1F6I4"	"Brain - Substantia nigra"	34	25	3.55534806148941	3.25809653802148
"GTEX-1F6I4-0011-R3a-SM-9QEH9"	"GTEX-1F6I4"	"Brain - Anterior cingulate cortex (BA24)"	32	20	3.49650756146648	3.04452243772342
"GTEX-1F6I4-0011-R5b-SM-9QEHA"	"GTEX-1F6I4"	"Brain - Caudate (basal ganglia)"	25	19	3.25809653802148	2.99573227355399
"GTEX-1F6I4-0011-R6a-SM-CE6R4"	"GTEX-1F6I4"	"Brain - Nucleus accumbens (basal ganglia)"	42	43	3.76120011569356	3.78418963391826
"GTEX-1F6I4-0011-R7a-SM-CJI24"	"GTEX-1F6I4"	"Brain - Putamen (basal ganglia)"	39	29	3.68887945411394	3.40119738166216
"GTEX-1F6I4-0011-R8a-SM-9QEIA"	"GTEX-1F6I4"	"Brain - Hypothalamus"	23	18	3.17805383034795	2.94443897916644
"GTEX-1F6I4-0011-R9a-SM-CMKFU"	"GTEX-1F6I4"	"Brain - Spinal cord (cervical c-1)"	113	83	4.7361984483945	4.43081679884331
"GTEX-1F6I4-3026-SM-7P8SI"	"GTEX-1F6I4"	"Brain - Cerebellum"	8	11	2.19722457733622	2.484906649788
"GTEX-1F6I4-3126-SM-7P8SD"	"GTEX-1F6I4"	"Brain - Cortex"	52	45	3.97029191355212	3.8286413964891
"GTEX-1F6IF-0011-R10a-SM-9QEIN"	"GTEX-1F6IF"	"Brain - Frontal Cortex (BA9)"	61	56	4.12713438504509	4.04305126783455
"GTEX-1F6IF-0011-R1b-SM-9WG78"	"GTEX-1F6IF"	"Brain - Hippocampus"	52	37	3.97029191355212	3.63758615972639
"GTEX-1F6IF-0011-R2b-SM-9QEHB"	"GTEX-1F6IF"	"Brain - Substantia nigra"	30	19	3.43398720448515	2.99573227355399
"GTEX-1F6IF-0011-R4b-SM-CKZNJ"	"GTEX-1F6IF"	"Brain - Amygdala"	22	24	3.13549421592915	3.2188758248682
"GTEX-1F6IF-0011-R5b-SM-CM2RH"	"GTEX-1F6IF"	"Brain - Caudate (basal ganglia)"	51	47	3.95124371858143	3.87120101090789
"GTEX-1F6IF-0011-R6a-SM-9QEIO"	"GTEX-1F6IF"	"Brain - Nucleus accumbens (basal ganglia)"	47	46	3.87120101090789	3.85014760171006
"GTEX-1F6IF-0011-R8a-SM-9OSX5"	"GTEX-1F6IF"	"Brain - Hypothalamus"	11	16	2.484906649788	2.83321334405622
"GTEX-1F6IF-3026-SM-7P8QN"	"GTEX-1F6IF"	"Brain - Cerebellum"	36	32	3.61091791264422	3.49650756146648
"GTEX-1F6RS-3126-SM-9MQK7"	"GTEX-1F6RS"	"Brain - Cortex"	43	58	3.78418963391826	4.07753744390572
"GTEX-1F75A-0011-R11a-SM-AHZ35"	"GTEX-1F75A"	"Brain - Cerebellar Hemisphere"	9	11	2.30258509299405	2.484906649788
"GTEX-1F75A-0011-R1b-SM-CE6RA"	"GTEX-1F75A"	"Brain - Hippocampus"	48	49	3.89182029811063	3.91202300542815
"GTEX-1F75A-0011-R3b-SM-ARL8K"	"GTEX-1F75A"	"Brain - Anterior cingulate cortex (BA24)"	34	46	3.55534806148941	3.85014760171006
"GTEX-1F75A-0011-R4a-SM-ARL8J"	"GTEX-1F75A"	"Brain - Amygdala"	18	21	2.94443897916644	3.09104245335832
"GTEX-1F75A-0011-R5a-SM-ARZMJ"	"GTEX-1F75A"	"Brain - Caudate (basal ganglia)"	27	26	3.3322045101752	3.29583686600433
"GTEX-1F75A-0011-R6b-SM-9QEHD"	"GTEX-1F75A"	"Brain - Nucleus accumbens (basal ganglia)"	57	45	4.06044301054642	3.8286413964891
"GTEX-1F75A-0011-R7b-SM-9QEHE"	"GTEX-1F75A"	"Brain - Putamen (basal ganglia)"	43	43	3.78418963391826	3.78418963391826
"GTEX-1F75A-0011-R8a-SM-CL539"	"GTEX-1F75A"	"Brain - Hypothalamus"	27	28	3.3322045101752	3.36729582998647
"GTEX-1F75A-2926-SM-7MXVN"	"GTEX-1F75A"	"Brain - Cerebellum"	9	8	2.30258509299405	2.19722457733622
"GTEX-1F75A-3026-SM-9KNU2"	"GTEX-1F75A"	"Brain - Cortex"	115	92	4.75359019110636	4.53259949315326
"GTEX-1F75B-0011-R2a-SM-ARL8I"	"GTEX-1F75B"	"Brain - Substantia nigra"	34	23	3.55534806148941	3.17805383034795
"GTEX-1F75B-0011-R5a-SM-9QEHC"	"GTEX-1F75B"	"Brain - Caudate (basal ganglia)"	82	51	4.4188406077966	3.95124371858143
"GTEX-1F75B-0011-R6a-SM-ARZMI"	"GTEX-1F75B"	"Brain - Nucleus accumbens (basal ganglia)"	33	58	3.52636052461616	4.07753744390572
"GTEX-1F75B-0011-R7a-SM-ARU84"	"GTEX-1F75B"	"Brain - Putamen (basal ganglia)"	51	61	3.95124371858143	4.12713438504509
"GTEX-1F75B-3026-SM-7PBZ7"	"GTEX-1F75B"	"Brain - Cortex"	66	68	4.20469261939097	4.23410650459726
"GTEX-1F75W-0011-R10b-SM-ARU7Z"	"GTEX-1F75W"	"Brain - Frontal Cortex (BA9)"	55	41	4.02535169073515	3.73766961828337
"GTEX-1F75W-0011-R11b-SM-AHZ34"	"GTEX-1F75W"	"Brain - Cerebellar Hemisphere"	3	5	1.38629436111989	1.79175946922806
"GTEX-1F75W-0011-R1a-SM-ARU81"	"GTEX-1F75W"	"Brain - Hippocampus"	19	15	2.99573227355399	2.77258872223978
"GTEX-1F75W-0011-R5b-SM-9QEGV"	"GTEX-1F75W"	"Brain - Caudate (basal ganglia)"	28	20	3.36729582998647	3.04452243772342
"GTEX-1F75W-0011-R6a-SM-9QEI5"	"GTEX-1F75W"	"Brain - Nucleus accumbens (basal ganglia)"	30	24	3.43398720448515	3.2188758248682
"GTEX-1F75W-0011-R7a-SM-9QEI6"	"GTEX-1F75W"	"Brain - Putamen (basal ganglia)"	26	19	3.29583686600433	2.99573227355399
"GTEX-1F75W-0011-R8a-SM-9QEI4"	"GTEX-1F75W"	"Brain - Hypothalamus"	15	14	2.77258872223978	2.70805020110221
"GTEX-1F75W-3126-SM-7P8SJ"	"GTEX-1F75W"	"Brain - Cerebellum"	8	6	2.19722457733622	1.94591014905531
"GTEX-1F7RK-0011-R10b-SM-ARU7Y"	"GTEX-1F7RK"	"Brain - Frontal Cortex (BA9)"	66	50	4.20469261939097	3.93182563272433
"GTEX-1F7RK-0011-R11b-SM-9QEI2"	"GTEX-1F7RK"	"Brain - Cerebellar Hemisphere"	14	12	2.70805020110221	2.56494935746154
"GTEX-1F7RK-0011-R3b-SM-9OSWJ"	"GTEX-1F7RK"	"Brain - Anterior cingulate cortex (BA24)"	51	33	3.95124371858143	3.52636052461616
"GTEX-1F7RK-0011-R4b-SM-9QEI7"	"GTEX-1F7RK"	"Brain - Amygdala"	49	32	3.91202300542815	3.49650756146648
"GTEX-1F7RK-0011-R5b-SM-9WG5S"	"GTEX-1F7RK"	"Brain - Caudate (basal ganglia)"	39	29	3.68887945411394	3.40119738166216
"GTEX-1F7RK-0011-R6b-SM-ARZMG"	"GTEX-1F7RK"	"Brain - Nucleus accumbens (basal ganglia)"	47	31	3.87120101090789	3.46573590279973
"GTEX-1F7RK-1826-SM-7RHI4"	"GTEX-1F7RK"	"Brain - Cortex"	29	35	3.40119738166216	3.58351893845611
"GTEX-1F88E-0011-R6a-SM-CKZNW"	"GTEX-1F88E"	"Brain - Nucleus accumbens (basal ganglia)"	19	22	2.99573227355399	3.13549421592915
"GTEX-1F88E-0011-R8a-SM-CJI2H"	"GTEX-1F88E"	"Brain - Hypothalamus"	37	35	3.63758615972639	3.58351893845611
"GTEX-1F88E-2826-SM-7RHHE"	"GTEX-1F88E"	"Brain - Cortex"	54	42	4.00733318523247	3.76120011569356
"GTEX-1F88F-0011-R9b-SM-9WG7L"	"GTEX-1F88F"	"Brain - Spinal cord (cervical c-1)"	71	50	4.27666611901606	3.93182563272433
"GTEX-1GF9V-0011-R10b-SM-CKZNP"	"GTEX-1GF9V"	"Brain - Frontal Cortex (BA9)"	32	32	3.49650756146648	3.49650756146648
"GTEX-1GF9V-0011-R1a-SM-CKZNQ"	"GTEX-1GF9V"	"Brain - Hippocampus"	13	10	2.63905732961526	2.39789527279837
"GTEX-1GF9V-0011-R5a-SM-9QEI8"	"GTEX-1GF9V"	"Brain - Caudate (basal ganglia)"	22	17	3.13549421592915	2.89037175789616
"GTEX-1GF9V-0011-R6b-SM-CJI2Q"	"GTEX-1GF9V"	"Brain - Nucleus accumbens (basal ganglia)"	37	41	3.63758615972639	3.73766961828337
"GTEX-1GF9V-0011-R7a-SM-CJI2R"	"GTEX-1GF9V"	"Brain - Putamen (basal ganglia)"	30	26	3.43398720448515	3.29583686600433
"GTEX-1GF9V-0011-R8b-SM-CE6RB"	"GTEX-1GF9V"	"Brain - Hypothalamus"	18	12	2.94443897916644	2.56494935746154
"GTEX-1GF9V-0011-R9a-SM-CL53K"	"GTEX-1GF9V"	"Brain - Spinal cord (cervical c-1)"	84	65	4.44265125649032	4.18965474202643
"GTEX-1GF9V-2926-SM-7PBXO"	"GTEX-1GF9V"	"Brain - Cortex"	63	44	4.15888308335967	3.80666248977032
"GTEX-1GF9V-3026-SM-7P8R8"	"GTEX-1GF9V"	"Brain - Cerebellum"	21	20	3.09104245335832	3.04452243772342
"GTEX-1GF9W-0011-R10a-SM-9OSXH"	"GTEX-1GF9W"	"Brain - Frontal Cortex (BA9)"	70	62	4.26267987704132	4.14313472639153
"GTEX-1GF9W-0011-R11b-SM-9OSXG"	"GTEX-1GF9W"	"Brain - Cerebellar Hemisphere"	10	8	2.39789527279837	2.19722457733622
"GTEX-1GF9W-0011-R1a-SM-9QEIQ"	"GTEX-1GF9W"	"Brain - Hippocampus"	23	22	3.17805383034795	3.13549421592915
"GTEX-1GF9W-0011-R3b-SM-CJI2S"	"GTEX-1GF9W"	"Brain - Anterior cingulate cortex (BA24)"	57	39	4.06044301054642	3.68887945411394
"GTEX-1GF9W-0011-R4a-SM-CE6RH"	"GTEX-1GF9W"	"Brain - Amygdala"	15	13	2.77258872223978	2.63905732961526
"GTEX-1GF9W-0011-R5a-SM-CKZO4"	"GTEX-1GF9W"	"Brain - Caudate (basal ganglia)"	76	53	4.34380542185368	3.98898404656427
"GTEX-1GF9W-0011-R6b-SM-9QEIE"	"GTEX-1GF9W"	"Brain - Nucleus accumbens (basal ganglia)"	45	33	3.8286413964891	3.52636052461616
"GTEX-1GF9W-0011-R7b-SM-9QEIF"	"GTEX-1GF9W"	"Brain - Putamen (basal ganglia)"	12	12	2.56494935746154	2.56494935746154
"GTEX-1GF9W-0011-R8b-SM-9QEIR"	"GTEX-1GF9W"	"Brain - Hypothalamus"	30	22	3.43398720448515	3.13549421592915
"GTEX-1GF9W-0011-R9b-SM-9WG7J"	"GTEX-1GF9W"	"Brain - Spinal cord (cervical c-1)"	32	29	3.49650756146648	3.40119738166216
"GTEX-1GF9W-2626-SM-7P8TA"	"GTEX-1GF9W"	"Brain - Cortex"	67	55	4.21950770517611	4.02535169073515
"GTEX-1GF9W-2726-SM-9JGGW"	"GTEX-1GF9W"	"Brain - Cerebellum"	11	10	2.484906649788	2.39789527279837
"GTEX-1GMR8-0011-R10a-SM-CJI21"	"GTEX-1GMR8"	"Brain - Frontal Cortex (BA9)"	58	50	4.07753744390572	3.93182563272433
"GTEX-1GMR8-0011-R11b-SM-9OSX2"	"GTEX-1GMR8"	"Brain - Cerebellar Hemisphere"	17	24	2.89037175789616	3.2188758248682
"GTEX-1GMR8-0011-R1b-SM-CJI2O"	"GTEX-1GMR8"	"Brain - Hippocampus"	61	38	4.12713438504509	3.66356164612965
"GTEX-1GMR8-0011-R2a-SM-CE6RD"	"GTEX-1GMR8"	"Brain - Substantia nigra"	34	29	3.55534806148941	3.40119738166216
"GTEX-1GMR8-0011-R3b-SM-9QEIG"	"GTEX-1GMR8"	"Brain - Anterior cingulate cortex (BA24)"	69	52	4.24849524204936	3.97029191355212
"GTEX-1GMR8-0011-R4a-SM-9OSX1"	"GTEX-1GMR8"	"Brain - Amygdala"	42	41	3.76120011569356	3.73766961828337
"GTEX-1GMR8-0011-R5b-SM-9QEIH"	"GTEX-1GMR8"	"Brain - Caudate (basal ganglia)"	66	52	4.20469261939097	3.97029191355212
"GTEX-1GMR8-0011-R6b-SM-CE6RC"	"GTEX-1GMR8"	"Brain - Nucleus accumbens (basal ganglia)"	34	28	3.55534806148941	3.36729582998647
"GTEX-1GMR8-0011-R7b-SM-CJI2I"	"GTEX-1GMR8"	"Brain - Putamen (basal ganglia)"	50	53	3.93182563272433	3.98898404656427
"GTEX-1GMR8-0011-R8a-SM-CKZNX"	"GTEX-1GMR8"	"Brain - Hypothalamus"	24	41	3.2188758248682	3.73766961828337
"GTEX-1GMR8-3026-SM-9KNVF"	"GTEX-1GMR8"	"Brain - Cortex"	116	82	4.76217393479776	4.4188406077966
"GTEX-1GMRU-0011-R10b-SM-CJI2L"	"GTEX-1GMRU"	"Brain - Frontal Cortex (BA9)"	71	55	4.27666611901606	4.02535169073515
"GTEX-1GMRU-0011-R11b-SM-C1YQ4"	"GTEX-1GMRU"	"Brain - Cerebellar Hemisphere"	7	10	2.07944154167984	2.39789527279837
"GTEX-1GMRU-0011-R5a-SM-CKZNS"	"GTEX-1GMRU"	"Brain - Caudate (basal ganglia)"	26	21	3.29583686600433	3.09104245335832
"GTEX-1GMRU-0011-R6b-SM-A9G3B"	"GTEX-1GMRU"	"Brain - Nucleus accumbens (basal ganglia)"	22	17	3.13549421592915	2.89037175789616
"GTEX-1GMRU-0011-R7b-SM-A96TJ"	"GTEX-1GMRU"	"Brain - Putamen (basal ganglia)"	21	16	3.09104245335832	2.83321334405622
"GTEX-1GMRU-3026-SM-7P8TC"	"GTEX-1GMRU"	"Brain - Cortex"	62	61	4.14313472639153	4.12713438504509
"GTEX-1GN1U-0011-R10b-SM-CKZNH"	"GTEX-1GN1U"	"Brain - Frontal Cortex (BA9)"	52	43	3.97029191355212	3.78418963391826
"GTEX-1GN1U-0011-R1a-SM-CJI25"	"GTEX-1GN1U"	"Brain - Hippocampus"	65	54	4.18965474202643	4.00733318523247
"GTEX-1GN1U-0011-R2a-SM-CL53A"	"GTEX-1GN1U"	"Brain - Substantia nigra"	54	34	4.00733318523247	3.55534806148941
"GTEX-1GN1U-0011-R5a-SM-9QEIS"	"GTEX-1GN1U"	"Brain - Caudate (basal ganglia)"	49	29	3.91202300542815	3.40119738166216
"GTEX-1GN1U-0011-R6a-SM-CKZNO"	"GTEX-1GN1U"	"Brain - Nucleus accumbens (basal ganglia)"	61	37	4.12713438504509	3.63758615972639
"GTEX-1GN1U-0011-R8a-SM-CL537"	"GTEX-1GN1U"	"Brain - Hypothalamus"	64	65	4.17438726989564	4.18965474202643
"GTEX-1GN1U-0011-R9b-SM-CMKFW"	"GTEX-1GN1U"	"Brain - Spinal cord (cervical c-1)"	133	86	4.89783979995091	4.46590811865458
"GTEX-1GN1V-0011-R10a-SM-CKZNU"	"GTEX-1GN1V"	"Brain - Frontal Cortex (BA9)"	29	26	3.40119738166216	3.29583686600433
"GTEX-1GN1V-0011-R8a-SM-CKZNV"	"GTEX-1GN1V"	"Brain - Hypothalamus"	15	19	2.77258872223978	2.99573227355399
"GTEX-1GN1V-3126-SM-7PBZG"	"GTEX-1GN1V"	"Brain - Cortex"	41	30	3.73766961828337	3.43398720448515
"GTEX-1GN2E-0011-R10a-SM-CE6RI"	"GTEX-1GN2E"	"Brain - Frontal Cortex (BA9)"	29	37	3.40119738166216	3.63758615972639
"GTEX-1GN2E-0011-R1b-SM-CE6RJ"	"GTEX-1GN2E"	"Brain - Hippocampus"	19	19	2.99573227355399	2.99573227355399
"GTEX-1GN2E-0011-R2a-SM-9WG7D"	"GTEX-1GN2E"	"Brain - Substantia nigra"	14	21	2.70805020110221	3.09104245335832
"GTEX-1GN2E-0011-R5b-SM-CJI2M"	"GTEX-1GN2E"	"Brain - Caudate (basal ganglia)"	22	17	3.13549421592915	2.89037175789616
"GTEX-1GN2E-0011-R6b-SM-9QEII"	"GTEX-1GN2E"	"Brain - Nucleus accumbens (basal ganglia)"	24	24	3.2188758248682	3.2188758248682
"GTEX-1GN2E-0011-R7b-SM-9QEIJ"	"GTEX-1GN2E"	"Brain - Putamen (basal ganglia)"	20	25	3.04452243772342	3.25809653802148
"GTEX-1GN2E-0011-R8a-SM-CE6RK"	"GTEX-1GN2E"	"Brain - Hypothalamus"	25	18	3.25809653802148	2.94443897916644
"GTEX-1GN2E-0011-R9b-SM-9WG7F"	"GTEX-1GN2E"	"Brain - Spinal cord (cervical c-1)"	25	21	3.25809653802148	3.09104245335832
"GTEX-1GN2E-3026-SM-9WG6I"	"GTEX-1GN2E"	"Brain - Cortex"	65	42	4.18965474202643	3.76120011569356
"GTEX-1GN73-0011-R10b-SM-CKZNR"	"GTEX-1GN73"	"Brain - Frontal Cortex (BA9)"	49	39	3.91202300542815	3.68887945411394
"GTEX-1GN73-0011-R11b-SM-9OSX4"	"GTEX-1GN73"	"Brain - Cerebellar Hemisphere"	26	29	3.29583686600433	3.40119738166216
"GTEX-1GN73-0011-R1a-SM-CKZNT"	"GTEX-1GN73"	"Brain - Hippocampus"	30	27	3.43398720448515	3.3322045101752
"GTEX-1GN73-0011-R2a-SM-CJI2V"	"GTEX-1GN73"	"Brain - Substantia nigra"	57	65	4.06044301054642	4.18965474202643
"GTEX-1GN73-0011-R3b-SM-9QEIL"	"GTEX-1GN73"	"Brain - Anterior cingulate cortex (BA24)"	56	48	4.04305126783455	3.89182029811063
"GTEX-1GN73-0011-R4b-SM-9QEIK"	"GTEX-1GN73"	"Brain - Amygdala"	28	30	3.36729582998647	3.43398720448515
"GTEX-1GN73-0011-R5a-SM-9QEIM"	"GTEX-1GN73"	"Brain - Caudate (basal ganglia)"	70	60	4.26267987704132	4.11087386417331
"GTEX-1GN73-0011-R6b-SM-CJI2T"	"GTEX-1GN73"	"Brain - Nucleus accumbens (basal ganglia)"	99	63	4.60517018598809	4.15888308335967
"GTEX-1GN73-0011-R7a-SM-CJI2U"	"GTEX-1GN73"	"Brain - Putamen (basal ganglia)"	53	45	3.98898404656427	3.8286413964891
"GTEX-1GN73-0011-R8b-SM-CKZNY"	"GTEX-1GN73"	"Brain - Hypothalamus"	20	21	3.04452243772342	3.09104245335832
"GTEX-1GN73-0011-R9a-SM-CKZO5"	"GTEX-1GN73"	"Brain - Spinal cord (cervical c-1)"	82	54	4.4188406077966	4.00733318523247
"GTEX-1GN73-3026-SM-7MXV8"	"GTEX-1GN73"	"Brain - Cerebellum"	20	13	3.04452243772342	2.63905732961526
"GTEX-1GN73-3126-SM-9KNTY"	"GTEX-1GN73"	"Brain - Cortex"	53	50	3.98898404656427	3.93182563272433
"GTEX-1GPI6-0011-R5a-SM-CJI2W"	"GTEX-1GPI6"	"Brain - Caudate (basal ganglia)"	33	34	3.52636052461616	3.55534806148941
"GTEX-1GTWX-0011-R10b-SM-CJI2X"	"GTEX-1GTWX"	"Brain - Frontal Cortex (BA9)"	82	67	4.4188406077966	4.21950770517611
"GTEX-1GTWX-0011-R11b-SM-C1YQJ"	"GTEX-1GTWX"	"Brain - Cerebellar Hemisphere"	20	11	3.04452243772342	2.484906649788
"GTEX-1GTWX-0011-R1a-SM-CE6RL"	"GTEX-1GTWX"	"Brain - Hippocampus"	24	6	3.2188758248682	1.94591014905531
"GTEX-1GTWX-0011-R2b-SM-ADEH5"	"GTEX-1GTWX"	"Brain - Substantia nigra"	35	31	3.58351893845611	3.46573590279973
"GTEX-1GTWX-0011-R3b-SM-CJI2Z"	"GTEX-1GTWX"	"Brain - Anterior cingulate cortex (BA24)"	84	52	4.44265125649032	3.97029191355212
"GTEX-1GTWX-0011-R4a-SM-C1YQI"	"GTEX-1GTWX"	"Brain - Amygdala"	55	47	4.02535169073515	3.87120101090789
"GTEX-1GTWX-0011-R5b-SM-CKZO6"	"GTEX-1GTWX"	"Brain - Caudate (basal ganglia)"	48	47	3.89182029811063	3.87120101090789
"GTEX-1GTWX-0011-R6a-SM-A96RN"	"GTEX-1GTWX"	"Brain - Nucleus accumbens (basal ganglia)"	61	45	4.12713438504509	3.8286413964891
"GTEX-1GTWX-0011-R7a-SM-A96RO"	"GTEX-1GTWX"	"Brain - Putamen (basal ganglia)"	24	26	3.2188758248682	3.29583686600433
"GTEX-1GTWX-0011-R8a-SM-CE6RM"	"GTEX-1GTWX"	"Brain - Hypothalamus"	31	28	3.46573590279973	3.36729582998647
"GTEX-1GTWX-0011-R9a-SM-ADEH4"	"GTEX-1GTWX"	"Brain - Spinal cord (cervical c-1)"	121	105	4.80402104473326	4.66343909411207
"GTEX-1GTWX-2926-SM-7MXV4"	"GTEX-1GTWX"	"Brain - Cerebellum"	22	12	3.13549421592915	2.56494935746154
"GTEX-1GZ2Q-0011-R10b-SM-CE6RN"	"GTEX-1GZ2Q"	"Brain - Frontal Cortex (BA9)"	78	62	4.36944785246702	4.14313472639153
"GTEX-1GZ2Q-0011-R1a-SM-CJI2Y"	"GTEX-1GZ2Q"	"Brain - Hippocampus"	96	76	4.57471097850338	4.34380542185368
"GTEX-1GZ2Q-0011-R2b-SM-9OSWO"	"GTEX-1GZ2Q"	"Brain - Substantia nigra"	49	44	3.91202300542815	3.80666248977032
"GTEX-1GZ2Q-0011-R3a-SM-A96RP"	"GTEX-1GZ2Q"	"Brain - Anterior cingulate cortex (BA24)"	52	32	3.97029191355212	3.49650756146648
"GTEX-1GZ2Q-0011-R5a-SM-A96RQ"	"GTEX-1GZ2Q"	"Brain - Caudate (basal ganglia)"	70	50	4.26267987704132	3.93182563272433
"GTEX-1GZ2Q-0011-R6a-SM-9OSWM"	"GTEX-1GZ2Q"	"Brain - Nucleus accumbens (basal ganglia)"	63	31	4.15888308335967	3.46573590279973
"GTEX-1GZ2Q-0011-R7b-SM-9OSWN"	"GTEX-1GZ2Q"	"Brain - Putamen (basal ganglia)"	97	92	4.58496747867057	4.53259949315326
"GTEX-1GZ2Q-0011-R8a-SM-CE6RO"	"GTEX-1GZ2Q"	"Brain - Hypothalamus"	20	26	3.04452243772342	3.29583686600433
"GTEX-1GZ2Q-0011-R9a-SM-9WG7A"	"GTEX-1GZ2Q"	"Brain - Spinal cord (cervical c-1)"	108	84	4.69134788222914	4.44265125649032
"GTEX-1GZ2Q-3026-SM-9JGG3"	"GTEX-1GZ2Q"	"Brain - Cerebellum"	22	25	3.13549421592915	3.25809653802148
"GTEX-1GZ2Q-3226-SM-9WG6L"	"GTEX-1GZ2Q"	"Brain - Cortex"	174	142	5.16478597392351	4.96284463025991
"GTEX-1GZ4I-0011-R10a-SM-9OSX3"	"GTEX-1GZ4I"	"Brain - Frontal Cortex (BA9)"	52	59	3.97029191355212	4.0943445622221
"GTEX-1GZ4I-0011-R11b-SM-9OSWR"	"GTEX-1GZ4I"	"Brain - Cerebellar Hemisphere"	13	15	2.63905732961526	2.77258872223978
"GTEX-1GZ4I-0011-R3b-SM-9OSWP"	"GTEX-1GZ4I"	"Brain - Anterior cingulate cortex (BA24)"	22	34	3.13549421592915	3.55534806148941
"GTEX-1GZ4I-0011-R4a-SM-9QEI9"	"GTEX-1GZ4I"	"Brain - Amygdala"	18	19	2.94443897916644	2.99573227355399
"GTEX-1GZ4I-0011-R5a-SM-9OSWQ"	"GTEX-1GZ4I"	"Brain - Caudate (basal ganglia)"	56	44	4.04305126783455	3.80666248977032
"GTEX-1GZ4I-0011-R6b-SM-9WG77"	"GTEX-1GZ4I"	"Brain - Nucleus accumbens (basal ganglia)"	52	46	3.97029191355212	3.85014760171006
"GTEX-1GZ4I-0011-R7b-SM-ARU71"	"GTEX-1GZ4I"	"Brain - Putamen (basal ganglia)"	33	26	3.52636052461616	3.29583686600433
"GTEX-1GZ4I-0011-R8b-SM-9WG76"	"GTEX-1GZ4I"	"Brain - Hypothalamus"	18	21	2.94443897916644	3.09104245335832
"GTEX-1GZ4I-0011-R9b-SM-B2LY8"	"GTEX-1GZ4I"	"Brain - Spinal cord (cervical c-1)"	60	54	4.11087386417331	4.00733318523247
"GTEX-1GZ4I-2926-SM-9JGGO"	"GTEX-1GZ4I"	"Brain - Cerebellum"	25	15	3.25809653802148	2.77258872223978
"GTEX-1GZ4I-3026-SM-9KNTX"	"GTEX-1GZ4I"	"Brain - Cortex"	94	85	4.55387689160054	4.45434729625351
"GTEX-1GZHY-0011-R11a-SM-C1YRQ"	"GTEX-1GZHY"	"Brain - Cerebellar Hemisphere"	12	10	2.56494935746154	2.39789527279837
"GTEX-1GZHY-0011-R1a-SM-CE6RR"	"GTEX-1GZHY"	"Brain - Hippocampus"	34	33	3.55534806148941	3.52636052461616
"GTEX-1GZHY-0011-R6a-SM-9OSWL"	"GTEX-1GZHY"	"Brain - Nucleus accumbens (basal ganglia)"	27	30	3.3322045101752	3.43398720448515
"GTEX-1GZHY-0011-R8b-SM-9OSWK"	"GTEX-1GZHY"	"Brain - Hypothalamus"	45	48	3.8286413964891	3.89182029811063
"GTEX-1GZHY-0011-R9a-SM-9WG5R"	"GTEX-1GZHY"	"Brain - Spinal cord (cervical c-1)"	98	79	4.59511985013459	4.38202663467388
"GTEX-1GZHY-3026-SM-7MXVA"	"GTEX-1GZHY"	"Brain - Cerebellum"	12	6	2.56494935746154	1.94591014905531
"GTEX-1GZHY-3126-SM-9QEHH"	"GTEX-1GZHY"	"Brain - Cortex"	53	41	3.98898404656427	3.73766961828337
"GTEX-1H1CY-0011-R10a-SM-CE6SD"	"GTEX-1H1CY"	"Brain - Frontal Cortex (BA9)"	34	30	3.55534806148941	3.43398720448515
"GTEX-1H1CY-0011-R11a-SM-C1YQR"	"GTEX-1H1CY"	"Brain - Cerebellar Hemisphere"	15	8	2.77258872223978	2.19722457733622
"GTEX-1H1CY-0011-R1a-SM-CKZOZ"	"GTEX-1H1CY"	"Brain - Hippocampus"	36	32	3.61091791264422	3.49650756146648
"GTEX-1H1CY-0011-R4b-SM-CJI3G"	"GTEX-1H1CY"	"Brain - Amygdala"	16	19	2.83321334405622	2.99573227355399
"GTEX-1H1CY-0011-R5a-SM-CM2SN"	"GTEX-1H1CY"	"Brain - Caudate (basal ganglia)"	22	40	3.13549421592915	3.71357206670431
"GTEX-1H1CY-0011-R6b-SM-CE6RP"	"GTEX-1H1CY"	"Brain - Nucleus accumbens (basal ganglia)"	36	29	3.61091791264422	3.40119738166216
"GTEX-1H1CY-0011-R7a-SM-CJI32"	"GTEX-1H1CY"	"Brain - Putamen (basal ganglia)"	30	27	3.43398720448515	3.3322045101752
"GTEX-1H1CY-0011-R8b-SM-CJI31"	"GTEX-1H1CY"	"Brain - Hypothalamus"	47	38	3.87120101090789	3.66356164612965
"GTEX-1H1CY-3026-SM-9OSW7"	"GTEX-1H1CY"	"Brain - Cerebellum"	16	13	2.83321334405622	2.63905732961526
"GTEX-1H1DF-0011-R9b-SM-CM2RN"	"GTEX-1H1DF"	"Brain - Spinal cord (cervical c-1)"	21	11	3.09104245335832	2.484906649788
"GTEX-1H1DG-0011-R10b-SM-CE6S7"	"GTEX-1H1DG"	"Brain - Frontal Cortex (BA9)"	63	61	4.15888308335967	4.12713438504509
"GTEX-1H1DG-0011-R11a-SM-C1YQK"	"GTEX-1H1DG"	"Brain - Cerebellar Hemisphere"	19	14	2.99573227355399	2.70805020110221
"GTEX-1H1DG-0011-R1b-SM-CKZP1"	"GTEX-1H1DG"	"Brain - Hippocampus"	91	80	4.52178857704904	4.39444915467244
"GTEX-1H1DG-0011-R2a-SM-ADEIQ"	"GTEX-1H1DG"	"Brain - Substantia nigra"	62	53	4.14313472639153	3.98898404656427
"GTEX-1H1DG-0011-R4a-SM-CE6RQ"	"GTEX-1H1DG"	"Brain - Amygdala"	42	36	3.76120011569356	3.61091791264422
"GTEX-1H1DG-0011-R5b-SM-CJI33"	"GTEX-1H1DG"	"Brain - Caudate (basal ganglia)"	103	93	4.64439089914137	4.54329478227
"GTEX-1H1DG-0011-R6a-SM-A9SK8"	"GTEX-1H1DG"	"Brain - Nucleus accumbens (basal ganglia)"	74	66	4.31748811353631	4.20469261939097
"GTEX-1H1DG-0011-R7b-SM-A96RR"	"GTEX-1H1DG"	"Brain - Putamen (basal ganglia)"	53	43	3.98898404656427	3.78418963391826
"GTEX-1H1DG-0011-R8a-SM-CL54Z"	"GTEX-1H1DG"	"Brain - Hypothalamus"	91	103	4.52178857704904	4.64439089914137
"GTEX-1H1DG-0011-R9b-SM-ACKVB"	"GTEX-1H1DG"	"Brain - Spinal cord (cervical c-1)"	21	34	3.09104245335832	3.55534806148941
"GTEX-1H1DG-2826-SM-9JGHB"	"GTEX-1H1DG"	"Brain - Cerebellum"	34	33	3.55534806148941	3.52636052461616
"GTEX-1H1DG-2926-SM-9WYU3"	"GTEX-1H1DG"	"Brain - Cortex"	86	73	4.46590811865458	4.30406509320417
"GTEX-1H1ZS-0011-R10b-SM-A9SK9"	"GTEX-1H1ZS"	"Brain - Frontal Cortex (BA9)"	92	78	4.53259949315326	4.36944785246702
"GTEX-1H1ZS-0011-R11a-SM-C1YQM"	"GTEX-1H1ZS"	"Brain - Cerebellar Hemisphere"	14	10	2.70805020110221	2.39789527279837
"GTEX-1H1ZS-0011-R1b-SM-A9G1E"	"GTEX-1H1ZS"	"Brain - Hippocampus"	52	36	3.97029191355212	3.61091791264422
"GTEX-1H1ZS-0011-R2b-SM-CL54Q"	"GTEX-1H1ZS"	"Brain - Substantia nigra"	72	63	4.29045944114839	4.15888308335967
"GTEX-1H1ZS-0011-R3b-SM-CE6RS"	"GTEX-1H1ZS"	"Brain - Anterior cingulate cortex (BA24)"	85	67	4.45434729625351	4.21950770517611
"GTEX-1H1ZS-0011-R4b-SM-CKZO7"	"GTEX-1H1ZS"	"Brain - Amygdala"	40	23	3.71357206670431	3.17805383034795
"GTEX-1H1ZS-0011-R5b-SM-CL53L"	"GTEX-1H1ZS"	"Brain - Caudate (basal ganglia)"	99	100	4.60517018598809	4.61512051684126
"GTEX-1H1ZS-0011-R6b-SM-A9G1F"	"GTEX-1H1ZS"	"Brain - Nucleus accumbens (basal ganglia)"	64	47	4.17438726989564	3.87120101090789
"GTEX-1H1ZS-0011-R7a-SM-CL54P"	"GTEX-1H1ZS"	"Brain - Putamen (basal ganglia)"	73	68	4.30406509320417	4.23410650459726
"GTEX-1H1ZS-0011-R8b-SM-A9SKA"	"GTEX-1H1ZS"	"Brain - Hypothalamus"	29	35	3.40119738166216	3.58351893845611
"GTEX-1H1ZS-0011-R9a-SM-CM2SO"	"GTEX-1H1ZS"	"Brain - Spinal cord (cervical c-1)"	97	66	4.58496747867057	4.20469261939097
"GTEX-1H1ZS-2926-SM-9WPP2"	"GTEX-1H1ZS"	"Brain - Cerebellum"	15	14	2.77258872223978	2.70805020110221
"GTEX-1H1ZS-3026-SM-9KNUJ"	"GTEX-1H1ZS"	"Brain - Cortex"	74	74	4.31748811353631	4.31748811353631
"GTEX-1H23P-0011-R10a-SM-A96RS"	"GTEX-1H23P"	"Brain - Frontal Cortex (BA9)"	58	38	4.07753744390572	3.66356164612965
"GTEX-1H23P-0011-R1a-SM-ACKVC"	"GTEX-1H23P"	"Brain - Hippocampus"	54	49	4.00733318523247	3.91202300542815
"GTEX-1H23P-0011-R2a-SM-CKZP3"	"GTEX-1H23P"	"Brain - Substantia nigra"	51	74	3.95124371858143	4.31748811353631
"GTEX-1H23P-0011-R3b-SM-CL54S"	"GTEX-1H23P"	"Brain - Anterior cingulate cortex (BA24)"	89	56	4.49980967033027	4.04305126783455
"GTEX-1H23P-0011-R4b-SM-CL54R"	"GTEX-1H23P"	"Brain - Amygdala"	43	53	3.78418963391826	3.98898404656427
"GTEX-1H23P-0011-R5a-SM-CKZOI"	"GTEX-1H23P"	"Brain - Caudate (basal ganglia)"	65	64	4.18965474202643	4.17438726989564
"GTEX-1H23P-0011-R6b-SM-A9G1H"	"GTEX-1H23P"	"Brain - Nucleus accumbens (basal ganglia)"	46	41	3.85014760171006	3.73766961828337
"GTEX-1H23P-0011-R7b-SM-CKZP2"	"GTEX-1H23P"	"Brain - Putamen (basal ganglia)"	96	83	4.57471097850338	4.43081679884331
"GTEX-1H23P-0011-R8b-SM-A9G1G"	"GTEX-1H23P"	"Brain - Hypothalamus"	26	16	3.29583686600433	2.83321334405622
"GTEX-1H23P-0011-R9a-SM-CM2T1"	"GTEX-1H23P"	"Brain - Spinal cord (cervical c-1)"	86	83	4.46590811865458	4.43081679884331
"GTEX-1H23P-2926-SM-9WYU8"	"GTEX-1H23P"	"Brain - Cortex"	77	47	4.35670882668959	3.87120101090789
"GTEX-1H2FU-0011-R3b-SM-CKZP4"	"GTEX-1H2FU"	"Brain - Anterior cingulate cortex (BA24)"	28	35	3.36729582998647	3.58351893845611
"GTEX-1H2FU-0011-R4a-SM-CL551"	"GTEX-1H2FU"	"Brain - Amygdala"	60	40	4.11087386417331	3.71357206670431
"GTEX-1H2FU-0011-R5b-SM-CL552"	"GTEX-1H2FU"	"Brain - Caudate (basal ganglia)"	111	103	4.71849887129509	4.64439089914137
"GTEX-1H2FU-0011-R9b-SM-CE6S4"	"GTEX-1H2FU"	"Brain - Spinal cord (cervical c-1)"	132	126	4.89034912822175	4.84418708645859
"GTEX-1H2FU-3126-SM-9WYUJ"	"GTEX-1H2FU"	"Brain - Cortex"	62	77	4.14313472639153	4.35670882668959
"GTEX-1H3NZ-0011-R11b-SM-CE6SF"	"GTEX-1H3NZ"	"Brain - Cerebellar Hemisphere"	11	10	2.484906649788	2.39789527279837
"GTEX-1H3NZ-0011-R1a-SM-CKZP5"	"GTEX-1H3NZ"	"Brain - Hippocampus"	83	56	4.43081679884331	4.04305126783455
"GTEX-1H3NZ-0011-R4a-SM-CL54T"	"GTEX-1H3NZ"	"Brain - Amygdala"	91	79	4.52178857704904	4.38202663467388
"GTEX-1H3NZ-0011-R5a-SM-CM2SP"	"GTEX-1H3NZ"	"Brain - Caudate (basal ganglia)"	62	51	4.14313472639153	3.95124371858143
"GTEX-1H3NZ-0011-R6b-SM-A9G1N"	"GTEX-1H3NZ"	"Brain - Nucleus accumbens (basal ganglia)"	49	45	3.91202300542815	3.8286413964891
"GTEX-1H3NZ-0011-R7a-SM-A9SKD"	"GTEX-1H3NZ"	"Brain - Putamen (basal ganglia)"	48	40	3.89182029811063	3.71357206670431
"GTEX-1H3NZ-0011-R8a-SM-CKZP6"	"GTEX-1H3NZ"	"Brain - Hypothalamus"	43	50	3.78418963391826	3.93182563272433
"GTEX-1H3NZ-0011-R9a-SM-ADEH7"	"GTEX-1H3NZ"	"Brain - Spinal cord (cervical c-1)"	43	22	3.78418963391826	3.13549421592915
"GTEX-1H3NZ-2926-SM-9WPQ8"	"GTEX-1H3NZ"	"Brain - Cerebellum"	15	19	2.77258872223978	2.99573227355399
"GTEX-1H3NZ-3026-SM-9JGHW"	"GTEX-1H3NZ"	"Brain - Cortex"	62	54	4.14313472639153	4.00733318523247
"GTEX-1H3O1-0011-R10a-SM-CJI3O"	"GTEX-1H3O1"	"Brain - Frontal Cortex (BA9)"	91	84	4.52178857704904	4.44265125649032
"GTEX-1H3O1-0011-R11a-SM-A96RV"	"GTEX-1H3O1"	"Brain - Cerebellar Hemisphere"	6	3	1.94591014905531	1.38629436111989
"GTEX-1H3O1-0011-R1b-SM-CL554"	"GTEX-1H3O1"	"Brain - Hippocampus"	55	32	4.02535169073515	3.49650756146648
"GTEX-1H3O1-0011-R2b-SM-CKZOT"	"GTEX-1H3O1"	"Brain - Substantia nigra"	23	25	3.17805383034795	3.25809653802148
"GTEX-1H3O1-0011-R3a-SM-ACKVD"	"GTEX-1H3O1"	"Brain - Anterior cingulate cortex (BA24)"	51	30	3.95124371858143	3.43398720448515
"GTEX-1H3O1-0011-R4b-SM-A9SKE"	"GTEX-1H3O1"	"Brain - Amygdala"	41	33	3.73766961828337	3.52636052461616
"GTEX-1H3O1-0011-R5b-SM-ADEH8"	"GTEX-1H3O1"	"Brain - Caudate (basal ganglia)"	18	27	2.94443897916644	3.3322045101752
"GTEX-1H3O1-0011-R6b-SM-CL54U"	"GTEX-1H3O1"	"Brain - Nucleus accumbens (basal ganglia)"	26	23	3.29583686600433	3.17805383034795
"GTEX-1H3O1-0011-R7a-SM-CE6SJ"	"GTEX-1H3O1"	"Brain - Putamen (basal ganglia)"	16	22	2.83321334405622	3.13549421592915
"GTEX-1H3O1-0011-R8a-SM-CL555"	"GTEX-1H3O1"	"Brain - Hypothalamus"	35	41	3.58351893845611	3.73766961828337
"GTEX-1H3O1-0011-R9b-SM-CM2SQ"	"GTEX-1H3O1"	"Brain - Spinal cord (cervical c-1)"	36	36	3.61091791264422	3.61091791264422
"GTEX-1H3O1-1726-SM-9WYSR"	"GTEX-1H3O1"	"Brain - Cortex"	44	42	3.80666248977032	3.76120011569356
"GTEX-1H3O1-1826-SM-A96TO"	"GTEX-1H3O1"	"Brain - Cerebellum"	8	10	2.19722457733622	2.39789527279837
"GTEX-1H3VE-0011-R10b-SM-A9SKC"	"GTEX-1H3VE"	"Brain - Frontal Cortex (BA9)"	31	26	3.46573590279973	3.29583686600433
"GTEX-1H3VE-0011-R11b-SM-C1YRP"	"GTEX-1H3VE"	"Brain - Cerebellar Hemisphere"	9	9	2.30258509299405	2.30258509299405
"GTEX-1H3VE-0011-R1a-SM-A9G1K"	"GTEX-1H3VE"	"Brain - Hippocampus"	35	41	3.58351893845611	3.73766961828337
"GTEX-1H3VE-0011-R2a-SM-CE6SA"	"GTEX-1H3VE"	"Brain - Substantia nigra"	16	35	2.83321334405622	3.58351893845611
"GTEX-1H3VE-0011-R3a-SM-CE6SK"	"GTEX-1H3VE"	"Brain - Anterior cingulate cortex (BA24)"	14	10	2.70805020110221	2.39789527279837
"GTEX-1H3VE-0011-R5a-SM-CKZOU"	"GTEX-1H3VE"	"Brain - Caudate (basal ganglia)"	71	50	4.27666611901606	3.93182563272433
"GTEX-1H3VE-0011-R6b-SM-A9G1M"	"GTEX-1H3VE"	"Brain - Nucleus accumbens (basal ganglia)"	12	13	2.56494935746154	2.63905732961526
"GTEX-1H3VE-0011-R7b-SM-CE6S9"	"GTEX-1H3VE"	"Brain - Putamen (basal ganglia)"	41	48	3.73766961828337	3.89182029811063
"GTEX-1H3VE-0011-R8b-SM-A9G1L"	"GTEX-1H3VE"	"Brain - Hypothalamus"	85	75	4.45434729625351	4.33073334028633
"GTEX-1H3VE-2726-SM-9WPP3"	"GTEX-1H3VE"	"Brain - Cortex"	49	48	3.91202300542815	3.89182029811063
"GTEX-1H3VE-2826-SM-9WPOL"	"GTEX-1H3VE"	"Brain - Cerebellum"	38	39	3.66356164612965	3.68887945411394
"GTEX-1H4P4-0011-R10b-SM-CE6SG"	"GTEX-1H4P4"	"Brain - Frontal Cortex (BA9)"	12	15	2.56494935746154	2.77258872223978
"GTEX-1H4P4-0011-R11b-SM-CE6S8"	"GTEX-1H4P4"	"Brain - Cerebellar Hemisphere"	1	2	0.693147180559945	1.09861228866811
"GTEX-1H4P4-0011-R1b-SM-CL54V"	"GTEX-1H4P4"	"Brain - Hippocampus"	11	13	2.484906649788	2.63905732961526
"GTEX-1H4P4-0011-R6a-SM-ARZLR"	"GTEX-1H4P4"	"Brain - Nucleus accumbens (basal ganglia)"	15	15	2.77258872223978	2.77258872223978
"GTEX-1H4P4-0011-R7b-SM-ARU77"	"GTEX-1H4P4"	"Brain - Putamen (basal ganglia)"	15	26	2.77258872223978	3.29583686600433
"GTEX-1H4P4-2726-SM-9JGGB"	"GTEX-1H4P4"	"Brain - Cerebellum"	5	8	1.79175946922806	2.19722457733622
"GTEX-1HB9E-0011-R10a-SM-CJI3H"	"GTEX-1HB9E"	"Brain - Frontal Cortex (BA9)"	44	47	3.80666248977032	3.87120101090789
"GTEX-1HB9E-0011-R11b-SM-ARU79"	"GTEX-1HB9E"	"Brain - Cerebellar Hemisphere"	27	21	3.3322045101752	3.09104245335832
"GTEX-1HB9E-0011-R2b-SM-A96RW"	"GTEX-1HB9E"	"Brain - Substantia nigra"	52	50	3.97029191355212	3.93182563272433
"GTEX-1HB9E-0011-R3a-SM-ARL7D"	"GTEX-1HB9E"	"Brain - Anterior cingulate cortex (BA24)"	38	36	3.66356164612965	3.61091791264422
"GTEX-1HB9E-0011-R4b-SM-ARZLS"	"GTEX-1HB9E"	"Brain - Amygdala"	57	41	4.06044301054642	3.73766961828337
"GTEX-1HB9E-0011-R5b-SM-ARU78"	"GTEX-1HB9E"	"Brain - Caudate (basal ganglia)"	75	56	4.33073334028633	4.04305126783455
"GTEX-1HB9E-0011-R6b-SM-A9G1P"	"GTEX-1HB9E"	"Brain - Nucleus accumbens (basal ganglia)"	85	64	4.45434729625351	4.17438726989564
"GTEX-1HB9E-0011-R7b-SM-A9G1Q"	"GTEX-1HB9E"	"Brain - Putamen (basal ganglia)"	40	27	3.71357206670431	3.3322045101752
"GTEX-1HB9E-0011-R8b-SM-A9G1O"	"GTEX-1HB9E"	"Brain - Hypothalamus"	57	55	4.06044301054642	4.02535169073515
"GTEX-1HB9E-2926-SM-D4P3S"	"GTEX-1HB9E"	"Brain - Cortex"	64	56	4.17438726989564	4.04305126783455
"GTEX-1HB9E-3126-SM-AHZ4M"	"GTEX-1HB9E"	"Brain - Cerebellum"	41	35	3.73766961828337	3.58351893845611
"GTEX-1HBPH-0011-R10a-SM-CE6SI"	"GTEX-1HBPH"	"Brain - Frontal Cortex (BA9)"	40	35	3.71357206670431	3.58351893845611
"GTEX-1HBPH-0011-R3a-SM-A96RY"	"GTEX-1HBPH"	"Brain - Anterior cingulate cortex (BA24)"	26	17	3.29583686600433	2.89037175789616
"GTEX-1HBPH-0011-R4a-SM-A96RX"	"GTEX-1HBPH"	"Brain - Amygdala"	26	26	3.29583686600433	3.29583686600433
"GTEX-1HBPH-0011-R5b-SM-A9G1R"	"GTEX-1HBPH"	"Brain - Caudate (basal ganglia)"	13	22	2.63905732961526	3.13549421592915
"GTEX-1HBPH-0011-R6a-SM-CKZOV"	"GTEX-1HBPH"	"Brain - Nucleus accumbens (basal ganglia)"	25	34	3.25809653802148	3.55534806148941
"GTEX-1HBPH-0011-R8b-SM-CL556"	"GTEX-1HBPH"	"Brain - Hypothalamus"	54	40	4.00733318523247	3.71357206670431
"GTEX-1HBPH-0011-R9a-SM-CMKH3"	"GTEX-1HBPH"	"Brain - Spinal cord (cervical c-1)"	85	83	4.45434729625351	4.43081679884331
"GTEX-1HBPH-3026-SM-9WPNY"	"GTEX-1HBPH"	"Brain - Cerebellum"	13	22	2.63905732961526	3.13549421592915
"GTEX-1HBPH-3126-SM-9WYUV"	"GTEX-1HBPH"	"Brain - Cortex"	82	74	4.4188406077966	4.31748811353631
"GTEX-1HBPI-0011-R10a-SM-A96RZ"	"GTEX-1HBPI"	"Brain - Frontal Cortex (BA9)"	52	39	3.97029191355212	3.68887945411394
"GTEX-1HBPI-0011-R11b-SM-CE6SH"	"GTEX-1HBPI"	"Brain - Cerebellar Hemisphere"	12	11	2.56494935746154	2.484906649788
"GTEX-1HBPI-0011-R1b-SM-A9SKF"	"GTEX-1HBPI"	"Brain - Hippocampus"	55	40	4.02535169073515	3.71357206670431
"GTEX-1HBPI-0011-R4a-SM-CJI3K"	"GTEX-1HBPI"	"Brain - Amygdala"	31	25	3.46573590279973	3.25809653802148
"GTEX-1HBPI-0011-R5a-SM-CKZOW"	"GTEX-1HBPI"	"Brain - Caudate (basal ganglia)"	33	27	3.52636052461616	3.3322045101752
"GTEX-1HBPI-0011-R6b-SM-A9G1T"	"GTEX-1HBPI"	"Brain - Nucleus accumbens (basal ganglia)"	53	32	3.98898404656427	3.49650756146648
"GTEX-1HBPI-0011-R8a-SM-A9G1S"	"GTEX-1HBPI"	"Brain - Hypothalamus"	21	21	3.09104245335832	3.09104245335832
"GTEX-1HBPI-0011-R9b-SM-ARL76"	"GTEX-1HBPI"	"Brain - Spinal cord (cervical c-1)"	50	32	3.93182563272433	3.49650756146648
"GTEX-1HBPI-2726-SM-9WPPF"	"GTEX-1HBPI"	"Brain - Cerebellum"	24	19	3.2188758248682	2.99573227355399
"GTEX-1HBPI-2826-SM-ARZNO"	"GTEX-1HBPI"	"Brain - Cortex"	68	68	4.23410650459726	4.23410650459726
"GTEX-1HBPM-0011-R10a-SM-CJI3Q"	"GTEX-1HBPM"	"Brain - Frontal Cortex (BA9)"	36	35	3.61091791264422	3.58351893845611
"GTEX-1HBPM-0011-R6b-SM-ARU73"	"GTEX-1HBPM"	"Brain - Nucleus accumbens (basal ganglia)"	8	9	2.19722457733622	2.30258509299405
"GTEX-1HBPM-0011-R9b-SM-ARL7C"	"GTEX-1HBPM"	"Brain - Spinal cord (cervical c-1)"	40	34	3.71357206670431	3.55534806148941
"GTEX-1HBPM-2926-SM-CL54E"	"GTEX-1HBPM"	"Brain - Cortex"	50	48	3.93182563272433	3.89182029811063
"GTEX-1HCU6-0011-R10a-SM-CKZP8"	"GTEX-1HCU6"	"Brain - Frontal Cortex (BA9)"	62	54	4.14313472639153	4.00733318523247
"GTEX-1HCU6-0011-R11b-SM-AHZ2F"	"GTEX-1HCU6"	"Brain - Cerebellar Hemisphere"	8	6	2.19722457733622	1.94591014905531
"GTEX-1HCU6-0011-R3a-SM-ARU75"	"GTEX-1HCU6"	"Brain - Anterior cingulate cortex (BA24)"	38	28	3.66356164612965	3.36729582998647
"GTEX-1HCU6-0011-R4b-SM-ARU74"	"GTEX-1HCU6"	"Brain - Amygdala"	35	35	3.58351893845611	3.58351893845611
"GTEX-1HCU6-0011-R5a-SM-ARU76"	"GTEX-1HCU6"	"Brain - Caudate (basal ganglia)"	38	35	3.66356164612965	3.58351893845611
"GTEX-1HCU6-0011-R7b-SM-ARL77"	"GTEX-1HCU6"	"Brain - Putamen (basal ganglia)"	44	21	3.80666248977032	3.09104245335832
"GTEX-1HCU6-0011-R8a-SM-CJI3R"	"GTEX-1HCU6"	"Brain - Hypothalamus"	39	24	3.68887945411394	3.2188758248682
"GTEX-1HCU6-3126-SM-CL54L"	"GTEX-1HCU6"	"Brain - Cortex"	134	121	4.90527477843843	4.80402104473326
"GTEX-1HCVE-0011-R10a-SM-ARZLT"	"GTEX-1HCVE"	"Brain - Frontal Cortex (BA9)"	63	39	4.15888308335967	3.68887945411394
"GTEX-1HCVE-0011-R5b-SM-CKZP7"	"GTEX-1HCVE"	"Brain - Caudate (basal ganglia)"	39	28	3.68887945411394	3.36729582998647
"GTEX-1HCVE-0011-R7b-SM-A9G1I"	"GTEX-1HCVE"	"Brain - Putamen (basal ganglia)"	25	18	3.25809653802148	2.94443897916644
"GTEX-1HCVE-0011-R8a-SM-ARU7A"	"GTEX-1HCVE"	"Brain - Hypothalamus"	16	17	2.83321334405622	2.89037175789616
"GTEX-1HCVE-2926-SM-9WPPJ"	"GTEX-1HCVE"	"Brain - Cerebellum"	34	20	3.55534806148941	3.04452243772342
"GTEX-1HCVE-3026-SM-CL54G"	"GTEX-1HCVE"	"Brain - Cortex"	104	96	4.65396035015752	4.57471097850338
"GTEX-1HFI6-0011-R10b-SM-ARZLO"	"GTEX-1HFI6"	"Brain - Frontal Cortex (BA9)"	54	41	4.00733318523247	3.73766961828337
"GTEX-1HFI6-0011-R11b-SM-A96RU"	"GTEX-1HFI6"	"Brain - Cerebellar Hemisphere"	16	10	2.83321334405622	2.39789527279837
"GTEX-1HFI6-0011-R2a-SM-CMKH5"	"GTEX-1HFI6"	"Brain - Substantia nigra"	91	82	4.52178857704904	4.4188406077966
"GTEX-1HFI6-0011-R3b-SM-A9SKB"	"GTEX-1HFI6"	"Brain - Anterior cingulate cortex (BA24)"	94	79	4.55387689160054	4.38202663467388
"GTEX-1HFI6-0011-R4b-SM-A96RT"	"GTEX-1HFI6"	"Brain - Amygdala"	55	62	4.02535169073515	4.14313472639153
"GTEX-1HFI6-0011-R5a-SM-A9G1J"	"GTEX-1HFI6"	"Brain - Caudate (basal ganglia)"	40	49	3.71357206670431	3.91202300542815
"GTEX-1HFI6-0011-R6b-SM-CM2SR"	"GTEX-1HFI6"	"Brain - Nucleus accumbens (basal ganglia)"	62	61	4.14313472639153	4.12713438504509
"GTEX-1HFI6-0011-R7b-SM-CM2SS"	"GTEX-1HFI6"	"Brain - Putamen (basal ganglia)"	62	70	4.14313472639153	4.26267987704132
"GTEX-1HFI6-0011-R8a-SM-ARZLP"	"GTEX-1HFI6"	"Brain - Hypothalamus"	15	12	2.77258872223978	2.56494935746154
"GTEX-1HFI6-0011-R9b-SM-CMKH4"	"GTEX-1HFI6"	"Brain - Spinal cord (cervical c-1)"	65	60	4.18965474202643	4.11087386417331
"GTEX-1HFI6-3026-SM-CNPPJ"	"GTEX-1HFI6"	"Brain - Cortex"	36	36	3.61091791264422	3.61091791264422
"GTEX-1HGF4-0011-R10b-SM-CE6S5"	"GTEX-1HGF4"	"Brain - Frontal Cortex (BA9)"	71	62	4.27666611901606	4.14313472639153
"GTEX-1HGF4-0011-R11a-SM-C1YRR"	"GTEX-1HGF4"	"Brain - Cerebellar Hemisphere"	11	17	2.484906649788	2.89037175789616
"GTEX-1HGF4-0011-R1a-SM-CJI3S"	"GTEX-1HGF4"	"Brain - Hippocampus"	25	26	3.25809653802148	3.29583686600433
"GTEX-1HGF4-0011-R3b-SM-CL54W"	"GTEX-1HGF4"	"Brain - Anterior cingulate cortex (BA24)"	34	30	3.55534806148941	3.43398720448515
"GTEX-1HGF4-0011-R5b-SM-CM2ST"	"GTEX-1HGF4"	"Brain - Caudate (basal ganglia)"	79	73	4.38202663467388	4.30406509320417
"GTEX-1HGF4-0011-R6a-SM-A96S1"	"GTEX-1HGF4"	"Brain - Nucleus accumbens (basal ganglia)"	27	34	3.3322045101752	3.55534806148941
"GTEX-1HGF4-0011-R7a-SM-A96S2"	"GTEX-1HGF4"	"Brain - Putamen (basal ganglia)"	34	35	3.55534806148941	3.58351893845611
"GTEX-1HGF4-0011-R8b-SM-CKZP9"	"GTEX-1HGF4"	"Brain - Hypothalamus"	25	31	3.25809653802148	3.46573590279973
"GTEX-1HGF4-0011-R9a-SM-ADEH9"	"GTEX-1HGF4"	"Brain - Spinal cord (cervical c-1)"	18	14	2.94443897916644	2.70805020110221
"GTEX-1HGF4-3126-SM-CL54M"	"GTEX-1HGF4"	"Brain - Cortex"	115	82	4.75359019110636	4.4188406077966
"GTEX-1HR98-0011-R1a-SM-ARZLQ"	"GTEX-1HR98"	"Brain - Hippocampus"	6	2	1.94591014905531	1.09861228866811
"GTEX-1HR98-0011-R2a-SM-ARL7A"	"GTEX-1HR98"	"Brain - Substantia nigra"	28	29	3.36729582998647	3.40119738166216
"GTEX-1HR98-0011-R3b-SM-A9G1U"	"GTEX-1HR98"	"Brain - Anterior cingulate cortex (BA24)"	20	17	3.04452243772342	2.89037175789616
"GTEX-1HR98-0011-R5a-SM-A9G1V"	"GTEX-1HR98"	"Brain - Caudate (basal ganglia)"	45	48	3.8286413964891	3.89182029811063
"GTEX-1HR98-0011-R9b-SM-ARL79"	"GTEX-1HR98"	"Brain - Spinal cord (cervical c-1)"	20	12	3.04452243772342	2.56494935746154
"GTEX-1HR98-3026-SM-CNPPK"	"GTEX-1HR98"	"Brain - Cortex"	54	40	4.00733318523247	3.71357206670431
"GTEX-1HR9M-0011-R10a-SM-CM2SU"	"GTEX-1HR9M"	"Brain - Frontal Cortex (BA9)"	35	23	3.58351893845611	3.17805383034795
"GTEX-1HR9M-0011-R5a-SM-ARU72"	"GTEX-1HR9M"	"Brain - Caudate (basal ganglia)"	38	22	3.66356164612965	3.13549421592915
"GTEX-1HR9M-0011-R6a-SM-ARU6Z"	"GTEX-1HR9M"	"Brain - Nucleus accumbens (basal ganglia)"	23	22	3.17805383034795	3.13549421592915
"GTEX-1HSKV-0011-R10b-SM-CMKH6"	"GTEX-1HSKV"	"Brain - Frontal Cortex (BA9)"	54	49	4.00733318523247	3.91202300542815
"GTEX-1HSKV-0011-R11b-SM-AHZ2E"	"GTEX-1HSKV"	"Brain - Cerebellar Hemisphere"	22	15	3.13549421592915	2.77258872223978
"GTEX-1HSKV-0011-R1b-SM-CMKH7"	"GTEX-1HSKV"	"Brain - Hippocampus"	48	33	3.89182029811063	3.52636052461616
"GTEX-1HSKV-0011-R5b-SM-ARZLN"	"GTEX-1HSKV"	"Brain - Caudate (basal ganglia)"	27	23	3.3322045101752	3.17805383034795
"GTEX-1HSKV-0011-R8a-SM-CL54X"	"GTEX-1HSKV"	"Brain - Hypothalamus"	25	21	3.25809653802148	3.09104245335832
"GTEX-1HSKV-2926-SM-B2LWJ"	"GTEX-1HSKV"	"Brain - Cerebellum"	15	13	2.77258872223978	2.63905732961526
"GTEX-1HSKV-3026-SM-A96SL"	"GTEX-1HSKV"	"Brain - Cortex"	30	38	3.43398720448515	3.66356164612965
"GTEX-1HSMO-0011-R10a-SM-CL54Y"	"GTEX-1HSMO"	"Brain - Frontal Cortex (BA9)"	62	68	4.14313472639153	4.23410650459726
"GTEX-1HSMO-0011-R1a-SM-CM2SV"	"GTEX-1HSMO"	"Brain - Hippocampus"	61	44	4.12713438504509	3.80666248977032
"GTEX-1HSMO-0011-R2a-SM-CL553"	"GTEX-1HSMO"	"Brain - Substantia nigra"	38	42	3.66356164612965	3.76120011569356
"GTEX-1HSMO-0011-R9b-SM-CM2T2"	"GTEX-1HSMO"	"Brain - Spinal cord (cervical c-1)"	40	21	3.71357206670431	3.09104245335832
"GTEX-1HSMO-2926-SM-C1YR5"	"GTEX-1HSMO"	"Brain - Cerebellum"	17	26	2.89037175789616	3.29583686600433
"GTEX-1HSMO-3026-SM-A9G3F"	"GTEX-1HSMO"	"Brain - Cortex"	63	52	4.15888308335967	3.97029191355212
"GTEX-1HT8W-0011-R1b-SM-CJI3V"	"GTEX-1HT8W"	"Brain - Hippocampus"	47	36	3.87120101090789	3.61091791264422
"GTEX-1HT8W-0011-R2a-SM-CMKH9"	"GTEX-1HT8W"	"Brain - Substantia nigra"	46	28	3.85014760171006	3.36729582998647
"GTEX-1HT8W-0011-R5b-SM-CJI3P"	"GTEX-1HT8W"	"Brain - Caudate (basal ganglia)"	8	20	2.19722457733622	3.04452243772342
"GTEX-1HT8W-0011-R6a-SM-CM2SY"	"GTEX-1HT8W"	"Brain - Nucleus accumbens (basal ganglia)"	83	87	4.43081679884331	4.47733681447821
"GTEX-1HT8W-0011-R7b-SM-CMKH8"	"GTEX-1HT8W"	"Brain - Putamen (basal ganglia)"	45	48	3.8286413964891	3.89182029811063
"GTEX-1HT8W-0011-R8b-SM-CM2SX"	"GTEX-1HT8W"	"Brain - Hypothalamus"	23	15	3.17805383034795	2.77258872223978
"GTEX-1HT8W-3026-SM-CGQEO"	"GTEX-1HT8W"	"Brain - Cortex"	195	166	5.27811465923052	5.11799381241676
"GTEX-1HUB1-0011-R11b-SM-CE6SC"	"GTEX-1HUB1"	"Brain - Cerebellar Hemisphere"	11	11	2.484906649788	2.484906649788
"GTEX-1HUB1-0011-R3b-SM-CKZOX"	"GTEX-1HUB1"	"Brain - Anterior cingulate cortex (BA24)"	38	36	3.66356164612965	3.61091791264422
"GTEX-1HUB1-0011-R5a-SM-CKZOY"	"GTEX-1HUB1"	"Brain - Caudate (basal ganglia)"	45	47	3.8286413964891	3.87120101090789
"GTEX-1HUB1-0011-R6b-SM-ARU6W"	"GTEX-1HUB1"	"Brain - Nucleus accumbens (basal ganglia)"	19	14	2.99573227355399	2.70805020110221
"GTEX-1HUB1-2926-SM-ACKXA"	"GTEX-1HUB1"	"Brain - Cortex"	35	31	3.58351893845611	3.46573590279973
"GTEX-1I19N-0011-R11b-SM-ARU6Y"	"GTEX-1I19N"	"Brain - Cerebellar Hemisphere"	6	6	1.94591014905531	1.94591014905531
"GTEX-1I19N-0011-R5b-SM-ARU6X"	"GTEX-1I19N"	"Brain - Caudate (basal ganglia)"	51	37	3.95124371858143	3.63758615972639
"GTEX-1I19N-0011-R6b-SM-CY8GC"	"GTEX-1I19N"	"Brain - Nucleus accumbens (basal ganglia)"	23	22	3.17805383034795	3.13549421592915
"GTEX-1I19N-0011-R9a-SM-CMKHN"	"GTEX-1I19N"	"Brain - Spinal cord (cervical c-1)"	86	73	4.46590811865458	4.30406509320417
"GTEX-1I19N-3026-SM-CL55E"	"GTEX-1I19N"	"Brain - Cortex"	96	59	4.57471097850338	4.0943445622221
"GTEX-1I1CD-0011-R10b-SM-CJI3W"	"GTEX-1I1CD"	"Brain - Frontal Cortex (BA9)"	38	31	3.66356164612965	3.46573590279973
"GTEX-1I1CD-0011-R2a-SM-CM2T3"	"GTEX-1I1CD"	"Brain - Substantia nigra"	37	25	3.63758615972639	3.25809653802148
"GTEX-1I1CD-0011-R6b-SM-CJI3Y"	"GTEX-1I1CD"	"Brain - Nucleus accumbens (basal ganglia)"	83	85	4.43081679884331	4.45434729625351
"GTEX-1I1CD-0011-R7a-SM-CMKHA"	"GTEX-1I1CD"	"Brain - Putamen (basal ganglia)"	77	58	4.35670882668959	4.07753744390572
"GTEX-1I1CD-0011-R8b-SM-CJI3X"	"GTEX-1I1CD"	"Brain - Hypothalamus"	31	25	3.46573590279973	3.25809653802148
"GTEX-1I1CD-0011-R9a-SM-CMKHB"	"GTEX-1I1CD"	"Brain - Spinal cord (cervical c-1)"	61	69	4.12713438504509	4.24849524204936
"GTEX-1I1CD-2926-SM-A96SJ"	"GTEX-1I1CD"	"Brain - Cerebellum"	15	12	2.77258872223978	2.56494935746154
"GTEX-1I1CD-3026-SM-B2LY2"	"GTEX-1I1CD"	"Brain - Cortex"	69	58	4.24849524204936	4.07753744390572
"GTEX-1I1GQ-0011-R11b-SM-CKZPA"	"GTEX-1I1GQ"	"Brain - Cerebellar Hemisphere"	18	12	2.94443897916644	2.56494935746154
"GTEX-1I1GQ-0011-R1a-SM-CY8GG"	"GTEX-1I1GQ"	"Brain - Hippocampus"	74	57	4.31748811353631	4.06044301054642
"GTEX-1I1GQ-0011-R5a-SM-CMKHJ"	"GTEX-1I1GQ"	"Brain - Caudate (basal ganglia)"	45	37	3.8286413964891	3.63758615972639
"GTEX-1I1GQ-0011-R6b-SM-CE6SE"	"GTEX-1I1GQ"	"Brain - Nucleus accumbens (basal ganglia)"	31	26	3.46573590279973	3.29583686600433
"GTEX-1I1GQ-0011-R7a-SM-CJI41"	"GTEX-1I1GQ"	"Brain - Putamen (basal ganglia)"	27	23	3.3322045101752	3.17805383034795
"GTEX-1I1GQ-0011-R8a-SM-C1YRS"	"GTEX-1I1GQ"	"Brain - Hypothalamus"	28	26	3.36729582998647	3.29583686600433
"GTEX-1I1GQ-3026-SM-CL55K"	"GTEX-1I1GQ"	"Brain - Cortex"	74	61	4.31748811353631	4.12713438504509
"GTEX-1I1GR-0011-R11a-SM-CM2T5"	"GTEX-1I1GR"	"Brain - Cerebellar Hemisphere"	12	11	2.56494935746154	2.484906649788
"GTEX-1I1GR-0011-R3a-SM-CM2T4"	"GTEX-1I1GR"	"Brain - Anterior cingulate cortex (BA24)"	56	38	4.04305126783455	3.66356164612965
"GTEX-1I1GR-0011-R4a-SM-CMKHC"	"GTEX-1I1GR"	"Brain - Amygdala"	27	27	3.3322045101752	3.3322045101752
"GTEX-1I1GR-0011-R5a-SM-CMKHD"	"GTEX-1I1GR"	"Brain - Caudate (basal ganglia)"	37	29	3.63758615972639	3.40119738166216
"GTEX-1I1GR-0011-R6a-SM-CMKHI"	"GTEX-1I1GR"	"Brain - Nucleus accumbens (basal ganglia)"	40	45	3.71357206670431	3.8286413964891
"GTEX-1I1GR-2926-SM-CNNQG"	"GTEX-1I1GR"	"Brain - Cortex"	64	42	4.17438726989564	3.76120011569356
"GTEX-1I1GS-0011-R11a-SM-C1YRU"	"GTEX-1I1GS"	"Brain - Cerebellar Hemisphere"	8	13	2.19722457733622	2.63905732961526
"GTEX-1I1GS-0011-R1a-SM-CJI43"	"GTEX-1I1GS"	"Brain - Hippocampus"	22	21	3.13549421592915	3.09104245335832
"GTEX-1I1GS-0011-R2b-SM-CMKHG"	"GTEX-1I1GS"	"Brain - Substantia nigra"	41	35	3.73766961828337	3.58351893845611
"GTEX-1I1GS-0011-R3b-SM-CYPS7"	"GTEX-1I1GS"	"Brain - Anterior cingulate cortex (BA24)"	55	49	4.02535169073515	3.91202300542815
"GTEX-1I1GS-0011-R5a-SM-CKZPC"	"GTEX-1I1GS"	"Brain - Caudate (basal ganglia)"	59	42	4.0943445622221	3.76120011569356
"GTEX-1I1GS-0011-R6b-SM-CMKHE"	"GTEX-1I1GS"	"Brain - Nucleus accumbens (basal ganglia)"	37	32	3.63758615972639	3.49650756146648
"GTEX-1I1GS-0011-R7a-SM-CM2T6"	"GTEX-1I1GS"	"Brain - Putamen (basal ganglia)"	49	38	3.91202300542815	3.66356164612965
"GTEX-1I1GS-0011-R8b-SM-CKZPE"	"GTEX-1I1GS"	"Brain - Hypothalamus"	20	26	3.04452243772342	3.29583686600433
"GTEX-1I1GS-0011-R9b-SM-CMKHF"	"GTEX-1I1GS"	"Brain - Spinal cord (cervical c-1)"	48	34	3.89182029811063	3.55534806148941
"GTEX-1I1GV-0011-R10a-SM-CE6S6"	"GTEX-1I1GV"	"Brain - Frontal Cortex (BA9)"	37	31	3.63758615972639	3.46573590279973
"GTEX-1I1GV-0011-R11a-SM-CJI3Z"	"GTEX-1I1GV"	"Brain - Cerebellar Hemisphere"	12	15	2.56494935746154	2.77258872223978
"GTEX-1I1GV-0011-R1a-SM-CL559"	"GTEX-1I1GV"	"Brain - Hippocampus"	35	39	3.58351893845611	3.68887945411394
"GTEX-1I1GV-0011-R2a-SM-ARZLF"	"GTEX-1I1GV"	"Brain - Substantia nigra"	35	27	3.58351893845611	3.3322045101752
"GTEX-1I1GV-0011-R3a-SM-CL557"	"GTEX-1I1GV"	"Brain - Anterior cingulate cortex (BA24)"	52	58	3.97029191355212	4.07753744390572
"GTEX-1I1GV-0011-R5b-SM-CKZPD"	"GTEX-1I1GV"	"Brain - Caudate (basal ganglia)"	33	34	3.52636052461616	3.55534806148941
"GTEX-1I1GV-0011-R6b-SM-ARU6Q"	"GTEX-1I1GV"	"Brain - Nucleus accumbens (basal ganglia)"	58	37	4.07753744390572	3.63758615972639
"GTEX-1I1GV-0011-R7a-SM-ARU6R"	"GTEX-1I1GV"	"Brain - Putamen (basal ganglia)"	93	81	4.54329478227	4.40671924726425
"GTEX-1I1GV-0011-R9b-SM-ARZLE"	"GTEX-1I1GV"	"Brain - Spinal cord (cervical c-1)"	16	23	2.83321334405622	3.17805383034795
"GTEX-1I1GV-3026-SM-CNNR9"	"GTEX-1I1GV"	"Brain - Cerebellum"	30	33	3.43398720448515	3.52636052461616
"GTEX-1I1GV-3126-SM-A96SF"	"GTEX-1I1GV"	"Brain - Cortex"	45	38	3.8286413964891	3.66356164612965
"GTEX-1I1HK-0011-R10b-SM-CJI3M"	"GTEX-1I1HK"	"Brain - Frontal Cortex (BA9)"	99	70	4.60517018598809	4.26267987704132
"GTEX-1I1HK-0011-R11a-SM-B2LVN"	"GTEX-1I1HK"	"Brain - Cerebellar Hemisphere"	11	5	2.484906649788	1.79175946922806
"GTEX-1I1HK-0011-R1b-SM-CM2T7"	"GTEX-1I1HK"	"Brain - Hippocampus"	33	23	3.52636052461616	3.17805383034795
"GTEX-1I1HK-0011-R5b-SM-ARU6S"	"GTEX-1I1HK"	"Brain - Caudate (basal ganglia)"	31	33	3.46573590279973	3.52636052461616
"GTEX-1I1HK-0011-R6b-SM-CM2T9"	"GTEX-1I1HK"	"Brain - Nucleus accumbens (basal ganglia)"	31	29	3.46573590279973	3.40119738166216
"GTEX-1I1HK-0011-R8b-SM-E8VN9"	"GTEX-1I1HK"	"Brain - Hypothalamus"	31	19	3.46573590279973	2.99573227355399
"GTEX-1I1HK-0011-R9a-SM-CMKHK"	"GTEX-1I1HK"	"Brain - Spinal cord (cervical c-1)"	76	75	4.34380542185368	4.33073334028633
"GTEX-1I1HK-2726-SM-AHZ2M"	"GTEX-1I1HK"	"Brain - Cerebellum"	22	16	3.13549421592915	2.83321334405622
"GTEX-1I1HK-2826-SM-CKZPL"	"GTEX-1I1HK"	"Brain - Cortex"	44	50	3.80666248977032	3.93182563272433
"GTEX-1ICLZ-0011-R10a-SM-A9SM2"	"GTEX-1ICLZ"	"Brain - Frontal Cortex (BA9)"	37	40	3.63758615972639	3.71357206670431
"GTEX-1ICLZ-0011-R11a-SM-CJI3N"	"GTEX-1ICLZ"	"Brain - Cerebellar Hemisphere"	7	7	2.07944154167984	2.07944154167984
"GTEX-1ICLZ-0011-R1b-SM-A9SM3"	"GTEX-1ICLZ"	"Brain - Hippocampus"	31	26	3.46573590279973	3.29583686600433
"GTEX-1ICLZ-0011-R4a-SM-CMKHL"	"GTEX-1ICLZ"	"Brain - Amygdala"	47	36	3.87120101090789	3.61091791264422
"GTEX-1ICLZ-0011-R6b-SM-A9G3A"	"GTEX-1ICLZ"	"Brain - Nucleus accumbens (basal ganglia)"	63	59	4.15888308335967	4.0943445622221
"GTEX-1ICLZ-0011-R7a-SM-ARZLU"	"GTEX-1ICLZ"	"Brain - Putamen (basal ganglia)"	28	19	3.36729582998647	2.99573227355399
"GTEX-1ICLZ-0011-R8b-SM-ACKX4"	"GTEX-1ICLZ"	"Brain - Hypothalamus"	36	30	3.61091791264422	3.43398720448515
"GTEX-1ICLZ-0011-R9a-SM-ARL7E"	"GTEX-1ICLZ"	"Brain - Spinal cord (cervical c-1)"	24	28	3.2188758248682	3.36729582998647
"GTEX-1ICLZ-2826-SM-CL53U"	"GTEX-1ICLZ"	"Brain - Cortex"	74	63	4.31748811353631	4.15888308335967
"GTEX-1IDFM-2826-SM-ACKWJ"	"GTEX-1IDFM"	"Brain - Cortex"	35	23	3.58351893845611	3.17805383034795
"GTEX-1IDJH-0011-R10a-SM-ARZLK"	"GTEX-1IDJH"	"Brain - Frontal Cortex (BA9)"	57	46	4.06044301054642	3.85014760171006
"GTEX-1IDJH-0011-R11b-SM-C1YRT"	"GTEX-1IDJH"	"Brain - Cerebellar Hemisphere"	10	8	2.39789527279837	2.19722457733622
"GTEX-1IDJH-0011-R1b-SM-ARU6U"	"GTEX-1IDJH"	"Brain - Hippocampus"	65	55	4.18965474202643	4.02535169073515
"GTEX-1IDJH-0011-R3a-SM-CJI42"	"GTEX-1IDJH"	"Brain - Anterior cingulate cortex (BA24)"	77	76	4.35670882668959	4.34380542185368
"GTEX-1IDJH-0011-R5a-SM-CE6SR"	"GTEX-1IDJH"	"Brain - Caudate (basal ganglia)"	42	47	3.76120011569356	3.87120101090789
"GTEX-1IDJH-0011-R6a-SM-A9SLZ"	"GTEX-1IDJH"	"Brain - Nucleus accumbens (basal ganglia)"	47	50	3.87120101090789	3.93182563272433
"GTEX-1IDJH-0011-R7a-SM-A9SM1"	"GTEX-1IDJH"	"Brain - Putamen (basal ganglia)"	25	36	3.25809653802148	3.61091791264422
"GTEX-1IDJH-0011-R8b-SM-ARZLL"	"GTEX-1IDJH"	"Brain - Hypothalamus"	32	14	3.49650756146648	2.70805020110221
"GTEX-1IDJH-0011-R9a-SM-ADEIN"	"GTEX-1IDJH"	"Brain - Spinal cord (cervical c-1)"	89	89	4.49980967033027	4.49980967033027
"GTEX-1IDJH-3026-SM-CL53B"	"GTEX-1IDJH"	"Brain - Cortex"	113	108	4.7361984483945	4.69134788222914
"GTEX-1IDJH-3126-SM-C1YQS"	"GTEX-1IDJH"	"Brain - Cerebellum"	30	14	3.43398720448515	2.70805020110221
"GTEX-1IGQW-0011-R11a-SM-C1YRV"	"GTEX-1IGQW"	"Brain - Cerebellar Hemisphere"	7	10	2.07944154167984	2.39789527279837
"GTEX-1IGQW-0011-R2b-SM-D4P26"	"GTEX-1IGQW"	"Brain - Substantia nigra"	13	17	2.63905732961526	2.89037175789616
"GTEX-1IGQW-0011-R5b-SM-CJI44"	"GTEX-1IGQW"	"Brain - Caudate (basal ganglia)"	54	53	4.00733318523247	3.98898404656427
"GTEX-1IGQW-0011-R6a-SM-CM2TC"	"GTEX-1IGQW"	"Brain - Nucleus accumbens (basal ganglia)"	27	8	3.3322045101752	2.19722457733622
"GTEX-1IGQW-0011-R9b-SM-D4P25"	"GTEX-1IGQW"	"Brain - Spinal cord (cervical c-1)"	35	17	3.58351893845611	2.89037175789616
"GTEX-1IKJJ-0011-R2b-SM-ARZLJ"	"GTEX-1IKJJ"	"Brain - Substantia nigra"	37	25	3.63758615972639	3.25809653802148
"GTEX-1IKJJ-0011-R3b-SM-C1YRW"	"GTEX-1IKJJ"	"Brain - Anterior cingulate cortex (BA24)"	93	76	4.54329478227	4.34380542185368
"GTEX-1IKJJ-0011-R5b-SM-CE6SL"	"GTEX-1IKJJ"	"Brain - Caudate (basal ganglia)"	38	54	3.66356164612965	4.00733318523247
"GTEX-1IKJJ-0011-R7a-SM-ARZLH"	"GTEX-1IKJJ"	"Brain - Putamen (basal ganglia)"	36	30	3.61091791264422	3.43398720448515
"GTEX-1IKJJ-0011-R9a-SM-ARZLI"	"GTEX-1IKJJ"	"Brain - Spinal cord (cervical c-1)"	45	34	3.8286413964891	3.55534806148941
"GTEX-1IKJJ-2926-SM-A9G2N"	"GTEX-1IKJJ"	"Brain - Cortex"	29	30	3.40119738166216	3.43398720448515
"GTEX-1IKK5-0011-R10b-SM-CE6SP"	"GTEX-1IKK5"	"Brain - Frontal Cortex (BA9)"	31	24	3.46573590279973	3.2188758248682
"GTEX-1IKK5-0011-R11a-SM-C1YRX"	"GTEX-1IKK5"	"Brain - Cerebellar Hemisphere"	17	13	2.89037175789616	2.63905732961526
"GTEX-1IKK5-0011-R1b-SM-CE6SQ"	"GTEX-1IKK5"	"Brain - Hippocampus"	41	29	3.73766961828337	3.40119738166216
"GTEX-1IKK5-0011-R3b-SM-C1YRY"	"GTEX-1IKK5"	"Brain - Anterior cingulate cortex (BA24)"	24	21	3.2188758248682	3.09104245335832
"GTEX-1IKK5-0011-R5b-SM-CL55B"	"GTEX-1IKK5"	"Brain - Caudate (basal ganglia)"	20	16	3.04452243772342	2.83321334405622
"GTEX-1IKK5-0011-R6b-SM-A9SLY"	"GTEX-1IKK5"	"Brain - Nucleus accumbens (basal ganglia)"	29	35	3.40119738166216	3.58351893845611
"GTEX-1IKK5-0011-R7b-SM-A9G39"	"GTEX-1IKK5"	"Brain - Putamen (basal ganglia)"	22	24	3.13549421592915	3.2188758248682
"GTEX-1IKK5-0011-R8b-SM-CJI45"	"GTEX-1IKK5"	"Brain - Hypothalamus"	26	27	3.29583686600433	3.3322045101752
"GTEX-1IKK5-2926-SM-ARU7Q"	"GTEX-1IKK5"	"Brain - Cortex"	78	54	4.36944785246702	4.00733318523247
"GTEX-1IKOH-0011-R11a-SM-AHZ38"	"GTEX-1IKOH"	"Brain - Cerebellar Hemisphere"	9	4	2.30258509299405	1.6094379124341
"GTEX-1IKOH-0011-R2a-SM-CMKHO"	"GTEX-1IKOH"	"Brain - Substantia nigra"	5	2	1.79175946922806	1.09861228866811
"GTEX-1IKOH-0011-R5a-SM-ARU8C"	"GTEX-1IKOH"	"Brain - Caudate (basal ganglia)"	70	39	4.26267987704132	3.68887945411394
"GTEX-1IKOH-0011-R6b-SM-A9G1W"	"GTEX-1IKOH"	"Brain - Nucleus accumbens (basal ganglia)"	17	25	2.89037175789616	3.25809653802148
"GTEX-1IKOH-0011-R7b-SM-CKZPH"	"GTEX-1IKOH"	"Brain - Putamen (basal ganglia)"	8	5	2.19722457733622	1.79175946922806
"GTEX-1IKOH-0011-R8a-SM-A9SKG"	"GTEX-1IKOH"	"Brain - Hypothalamus"	29	32	3.40119738166216	3.49650756146648
"GTEX-1IKOH-2826-SM-CNNRC"	"GTEX-1IKOH"	"Brain - Cerebellum"	10	8	2.39789527279837	2.19722457733622
"GTEX-1IL2U-0011-R11a-SM-CE6SO"	"GTEX-1IL2U"	"Brain - Cerebellar Hemisphere"	16	17	2.83321334405622	2.89037175789616
"GTEX-1IL2U-0011-R2a-SM-ARU6V"	"GTEX-1IL2U"	"Brain - Substantia nigra"	36	22	3.61091791264422	3.13549421592915
"GTEX-1IL2U-0011-R5a-SM-CE6SN"	"GTEX-1IL2U"	"Brain - Caudate (basal ganglia)"	16	14	2.83321334405622	2.70805020110221
"GTEX-1IL2U-0011-R6a-SM-ARZLG"	"GTEX-1IL2U"	"Brain - Nucleus accumbens (basal ganglia)"	49	44	3.91202300542815	3.80666248977032
"GTEX-1IL2U-3026-SM-C1YSH"	"GTEX-1IL2U"	"Brain - Cortex"	56	39	4.04305126783455	3.68887945411394
"GTEX-1IL2V-0011-R10a-SM-CL55A"	"GTEX-1IL2V"	"Brain - Frontal Cortex (BA9)"	17	18	2.89037175789616	2.94443897916644
"GTEX-1IL2V-0011-R11a-SM-ARU6T"	"GTEX-1IL2V"	"Brain - Cerebellar Hemisphere"	14	17	2.70805020110221	2.89037175789616
"GTEX-1IL2V-0011-R5a-SM-ARL78"	"GTEX-1IL2V"	"Brain - Caudate (basal ganglia)"	44	27	3.80666248977032	3.3322045101752
"GTEX-1IL2V-3026-SM-CYPSA"	"GTEX-1IL2V"	"Brain - Cerebellum"	29	10	3.40119738166216	2.39789527279837
"GTEX-1IOXB-0011-R10a-SM-D3L8I"	"GTEX-1IOXB"	"Brain - Frontal Cortex (BA9)"	81	84	4.40671924726425	4.44265125649032
"GTEX-1IOXB-0011-R11a-SM-A9G1X"	"GTEX-1IOXB"	"Brain - Cerebellar Hemisphere"	5	7	1.79175946922806	2.07944154167984
"GTEX-1IOXB-0011-R1a-SM-D4P27"	"GTEX-1IOXB"	"Brain - Hippocampus"	43	38	3.78418963391826	3.66356164612965
"GTEX-1IOXB-0011-R7b-SM-CE6SM"	"GTEX-1IOXB"	"Brain - Putamen (basal ganglia)"	26	26	3.29583686600433	3.29583686600433
"GTEX-1IOXB-3126-SM-CKZO1"	"GTEX-1IOXB"	"Brain - Cortex"	28	28	3.36729582998647	3.36729582998647
"GTEX-1IY9M-0011-R11b-SM-A96TI"	"GTEX-1IY9M"	"Brain - Cerebellar Hemisphere"	20	14	3.04452243772342	2.70805020110221
"GTEX-1IY9M-0011-R1a-SM-EXURZ"	"GTEX-1IY9M"	"Brain - Hippocampus"	27	27	3.3322045101752	3.3322045101752
"GTEX-1IY9M-0011-R2a-SM-D4P29"	"GTEX-1IY9M"	"Brain - Substantia nigra"	49	56	3.91202300542815	4.04305126783455
"GTEX-1IY9M-0011-R4a-SM-C1YQ2"	"GTEX-1IY9M"	"Brain - Amygdala"	65	49	4.18965474202643	3.91202300542815
"GTEX-1IY9M-0011-R5a-SM-A9SLX"	"GTEX-1IY9M"	"Brain - Caudate (basal ganglia)"	38	29	3.66356164612965	3.40119738166216
"GTEX-1IY9M-0011-R6a-SM-D4P28"	"GTEX-1IY9M"	"Brain - Nucleus accumbens (basal ganglia)"	59	38	4.0943445622221	3.66356164612965
"GTEX-1IY9M-0011-R7a-SM-D4P49"	"GTEX-1IY9M"	"Brain - Putamen (basal ganglia)"	44	36	3.80666248977032	3.61091791264422
"GTEX-1IY9M-0011-R8a-SM-EYYWW"	"GTEX-1IY9M"	"Brain - Hypothalamus"	32	28	3.49650756146648	3.36729582998647
"GTEX-1IY9M-0011-R9b-SM-D3L8J"	"GTEX-1IY9M"	"Brain - Spinal cord (cervical c-1)"	47	61	3.87120101090789	4.12713438504509
"GTEX-1IY9M-3026-SM-A9G37"	"GTEX-1IY9M"	"Brain - Cortex"	87	74	4.47733681447821	4.31748811353631
"GTEX-1IY9M-3126-SM-AHZ3A"	"GTEX-1IY9M"	"Brain - Cerebellum"	12	12	2.56494935746154	2.56494935746154
"GTEX-1J1OQ-0011-R10a-SM-A9G1Y"	"GTEX-1J1OQ"	"Brain - Frontal Cortex (BA9)"	72	60	4.29045944114839	4.11087386417331
"GTEX-1J1OQ-0011-R11a-SM-A96S3"	"GTEX-1J1OQ"	"Brain - Cerebellar Hemisphere"	14	7	2.70805020110221	2.07944154167984
"GTEX-1J1OQ-0011-R1a-SM-A9G1Z"	"GTEX-1J1OQ"	"Brain - Hippocampus"	20	17	3.04452243772342	2.89037175789616
"GTEX-1J1OQ-0011-R2b-SM-ARU88"	"GTEX-1J1OQ"	"Brain - Substantia nigra"	31	35	3.46573590279973	3.58351893845611
"GTEX-1J1OQ-0011-R3b-SM-D4P2B"	"GTEX-1J1OQ"	"Brain - Anterior cingulate cortex (BA24)"	76	72	4.34380542185368	4.29045944114839
"GTEX-1J1OQ-0011-R4a-SM-D4P2A"	"GTEX-1J1OQ"	"Brain - Amygdala"	64	61	4.17438726989564	4.12713438504509
"GTEX-1J1OQ-0011-R5a-SM-D3L8K"	"GTEX-1J1OQ"	"Brain - Caudate (basal ganglia)"	70	55	4.26267987704132	4.02535169073515
"GTEX-1J1OQ-0011-R6a-SM-ARU86"	"GTEX-1J1OQ"	"Brain - Nucleus accumbens (basal ganglia)"	55	42	4.02535169073515	3.76120011569356
"GTEX-1J1OQ-0011-R7b-SM-ARU87"	"GTEX-1J1OQ"	"Brain - Putamen (basal ganglia)"	65	48	4.18965474202643	3.89182029811063
"GTEX-1J1OQ-0011-R8a-SM-ACKVE"	"GTEX-1J1OQ"	"Brain - Hypothalamus"	44	24	3.80666248977032	3.2188758248682
"GTEX-1J1OQ-0011-R9b-SM-ARZMK"	"GTEX-1J1OQ"	"Brain - Spinal cord (cervical c-1)"	69	50	4.24849524204936	3.93182563272433
"GTEX-1J1OQ-3126-SM-D4P2O"	"GTEX-1J1OQ"	"Brain - Cerebellum"	12	13	2.56494935746154	2.63905732961526
"GTEX-1J1OQ-3226-SM-A9G2Q"	"GTEX-1J1OQ"	"Brain - Cortex"	89	63	4.49980967033027	4.15888308335967
"GTEX-1J8EW-0011-R11a-SM-AHZ37"	"GTEX-1J8EW"	"Brain - Cerebellar Hemisphere"	19	13	2.99573227355399	2.63905732961526
"GTEX-1J8EW-0011-R3a-SM-ARU8A"	"GTEX-1J8EW"	"Brain - Anterior cingulate cortex (BA24)"	32	20	3.49650756146648	3.04452243772342
"GTEX-1J8EW-0011-R4b-SM-ARU89"	"GTEX-1J8EW"	"Brain - Amygdala"	35	26	3.58351893845611	3.29583686600433
"GTEX-1J8EW-0011-R5b-SM-ARU8B"	"GTEX-1J8EW"	"Brain - Caudate (basal ganglia)"	47	25	3.87120101090789	3.25809653802148
"GTEX-1J8EW-0011-R9b-SM-D4P2F"	"GTEX-1J8EW"	"Brain - Spinal cord (cervical c-1)"	38	40	3.66356164612965	3.71357206670431
"GTEX-1J8JJ-0011-R5a-SM-D4P2G"	"GTEX-1J8JJ"	"Brain - Caudate (basal ganglia)"	25	20	3.25809653802148	3.04452243772342
"GTEX-1J8JJ-0011-R9a-SM-ACKVF"	"GTEX-1J8JJ"	"Brain - Spinal cord (cervical c-1)"	26	29	3.29583686600433	3.40119738166216
"GTEX-1J8Q2-0011-R10b-SM-D4P2C"	"GTEX-1J8Q2"	"Brain - Frontal Cortex (BA9)"	54	42	4.00733318523247	3.76120011569356
"GTEX-1J8Q2-0011-R11a-SM-A9SKI"	"GTEX-1J8Q2"	"Brain - Cerebellar Hemisphere"	10	6	2.39789527279837	1.94591014905531
"GTEX-1J8Q2-0011-R1a-SM-D4P2D"	"GTEX-1J8Q2"	"Brain - Hippocampus"	13	12	2.63905732961526	2.56494935746154
"GTEX-1J8Q2-0011-R2b-SM-EAZ2X"	"GTEX-1J8Q2"	"Brain - Substantia nigra"	30	22	3.43398720448515	3.13549421592915
"GTEX-1J8Q2-0011-R3b-SM-ACKVG"	"GTEX-1J8Q2"	"Brain - Anterior cingulate cortex (BA24)"	52	39	3.97029191355212	3.68887945411394
"GTEX-1J8Q2-0011-R4a-SM-ADEHA"	"GTEX-1J8Q2"	"Brain - Amygdala"	13	24	2.63905732961526	3.2188758248682
"GTEX-1J8Q2-0011-R5b-SM-A9SKH"	"GTEX-1J8Q2"	"Brain - Caudate (basal ganglia)"	54	44	4.00733318523247	3.80666248977032
"GTEX-1J8Q2-0011-R6a-SM-CKZPG"	"GTEX-1J8Q2"	"Brain - Nucleus accumbens (basal ganglia)"	79	70	4.38202663467388	4.26267987704132
"GTEX-1J8Q2-0011-R7a-SM-CKZPF"	"GTEX-1J8Q2"	"Brain - Putamen (basal ganglia)"	11	14	2.484906649788	2.70805020110221
"GTEX-1J8Q2-0011-R8b-SM-D4P2E"	"GTEX-1J8Q2"	"Brain - Hypothalamus"	42	26	3.76120011569356	3.29583686600433
"GTEX-1J8Q2-3026-SM-CKZN8"	"GTEX-1J8Q2"	"Brain - Cortex"	91	73	4.52178857704904	4.30406509320417
"GTEX-1JJ6O-0011-R11b-SM-EXUS2"	"GTEX-1JJ6O"	"Brain - Cerebellar Hemisphere"	23	18	3.17805383034795	2.94443897916644
"GTEX-1JJ6O-0011-R7b-SM-EXUTB"	"GTEX-1JJ6O"	"Brain - Putamen (basal ganglia)"	29	32	3.40119738166216	3.49650756146648
"GTEX-1JJ6O-0011-R9a-SM-EYYXP"	"GTEX-1JJ6O"	"Brain - Spinal cord (cervical c-1)"	15	19	2.77258872223978	2.99573227355399
"GTEX-1JJ6O-3026-SM-C1YQH"	"GTEX-1JJ6O"	"Brain - Cerebellum"	28	27	3.36729582998647	3.3322045101752
"GTEX-1JJ6O-3126-SM-CNNP8"	"GTEX-1JJ6O"	"Brain - Cortex"	104	92	4.65396035015752	4.53259949315326
"GTEX-1JJE9-2926-SM-CY8HV"	"GTEX-1JJE9"	"Brain - Cortex"	41	47	3.73766961828337	3.87120101090789
"GTEX-1JJE9-3026-SM-CNNPA"	"GTEX-1JJE9"	"Brain - Cerebellum"	29	22	3.40119738166216	3.13549421592915
"GTEX-1JJEA-0011-R11a-SM-EXUTE"	"GTEX-1JJEA"	"Brain - Cerebellar Hemisphere"	14	6	2.70805020110221	1.94591014905531
"GTEX-1JJEA-0011-R3b-SM-EXUTD"	"GTEX-1JJEA"	"Brain - Anterior cingulate cortex (BA24)"	42	61	3.76120011569356	4.12713438504509
"GTEX-1JJEA-0011-R4a-SM-EXUTC"	"GTEX-1JJEA"	"Brain - Amygdala"	11	25	2.484906649788	3.25809653802148
"GTEX-1JJEA-0011-R6a-SM-EXUS1"	"GTEX-1JJEA"	"Brain - Nucleus accumbens (basal ganglia)"	39	27	3.68887945411394	3.3322045101752
"GTEX-1JJEA-2826-SM-ARU8R"	"GTEX-1JJEA"	"Brain - Cortex"	56	44	4.04305126783455	3.80666248977032
"GTEX-1JJEA-2926-SM-C1YSK"	"GTEX-1JJEA"	"Brain - Cerebellum"	23	32	3.17805383034795	3.49650756146648
"GTEX-1JMLX-0011-R6b-SM-EXUT9"	"GTEX-1JMLX"	"Brain - Nucleus accumbens (basal ganglia)"	32	31	3.49650756146648	3.46573590279973
"GTEX-1JMLX-0011-R9a-SM-EYYXM"	"GTEX-1JMLX"	"Brain - Spinal cord (cervical c-1)"	59	57	4.0943445622221	4.06044301054642
"GTEX-1JMLX-2926-SM-CL54C"	"GTEX-1JMLX"	"Brain - Cortex"	105	80	4.66343909411207	4.39444915467244
"GTEX-1JMLX-3026-SM-EV79Q"	"GTEX-1JMLX"	"Brain - Cerebellum"	30	11	3.43398720448515	2.484906649788
"GTEX-1JMOU-0011-R11b-SM-EXUTA"	"GTEX-1JMOU"	"Brain - Cerebellar Hemisphere"	13	10	2.63905732961526	2.39789527279837
"GTEX-1JMOU-0011-R3a-SM-EYYXN"	"GTEX-1JMOU"	"Brain - Anterior cingulate cortex (BA24)"	81	56	4.40671924726425	4.04305126783455
"GTEX-1JMOU-2726-SM-CY8IO"	"GTEX-1JMOU"	"Brain - Cortex"	43	43	3.78418963391826	3.78418963391826
"GTEX-1JMOU-2826-SM-EV79R"	"GTEX-1JMOU"	"Brain - Cerebellum"	37	21	3.63758615972639	3.09104245335832
"GTEX-1JMPZ-0011-R3a-SM-EYYWX"	"GTEX-1JMPZ"	"Brain - Anterior cingulate cortex (BA24)"	49	46	3.91202300542815	3.85014760171006
"GTEX-1JMPZ-0011-R5b-SM-EYYWY"	"GTEX-1JMPZ"	"Brain - Caudate (basal ganglia)"	30	26	3.43398720448515	3.29583686600433
"GTEX-1JMPZ-2726-SM-ARZNF"	"GTEX-1JMPZ"	"Brain - Cortex"	71	61	4.27666611901606	4.12713438504509
"GTEX-1JMPZ-2826-SM-C1YRA"	"GTEX-1JMPZ"	"Brain - Cerebellum"	27	24	3.3322045101752	3.2188758248682
"GTEX-1JMQJ-0011-R11a-SM-EXOJY"	"GTEX-1JMQJ"	"Brain - Cerebellar Hemisphere"	10	18	2.39789527279837	2.94443897916644
"GTEX-1JMQJ-0011-R4b-SM-EXUT8"	"GTEX-1JMQJ"	"Brain - Amygdala"	19	14	2.99573227355399	2.70805020110221
"GTEX-1JMQJ-0011-R5a-SM-EYYXO"	"GTEX-1JMQJ"	"Brain - Caudate (basal ganglia)"	36	20	3.61091791264422	3.04452243772342
"GTEX-1JMQJ-3126-SM-EV79G"	"GTEX-1JMQJ"	"Brain - Cerebellum"	16	9	2.83321334405622	2.30258509299405
"GTEX-1JMQK-0011-R2a-SM-EYYXQ"	"GTEX-1JMQK"	"Brain - Substantia nigra"	39	50	3.68887945411394	3.93182563272433
"GTEX-1JMQK-0011-R7b-SM-EXUTF"	"GTEX-1JMQK"	"Brain - Putamen (basal ganglia)"	38	47	3.66356164612965	3.87120101090789
"GTEX-1JMQK-2926-SM-D4P2T"	"GTEX-1JMQK"	"Brain - Cerebellum"	14	17	2.70805020110221	2.89037175789616
"GTEX-1JMQK-3026-SM-ARL95"	"GTEX-1JMQK"	"Brain - Cortex"	50	35	3.93182563272433	3.58351893845611
"GTEX-1JMQL-2826-SM-ARU91"	"GTEX-1JMQL"	"Brain - Cortex"	63	51	4.15888308335967	3.95124371858143
"GTEX-1JN1M-0011-R9a-SM-EZ6MR"	"GTEX-1JN1M"	"Brain - Spinal cord (cervical c-1)"	45	49	3.8286413964891	3.91202300542815
"GTEX-1JN1M-3126-SM-AHZ4E"	"GTEX-1JN1M"	"Brain - Cerebellum"	13	14	2.63905732961526	2.70805020110221
"GTEX-1JN6P-0011-R4a-SM-EZ6MS"	"GTEX-1JN6P"	"Brain - Amygdala"	19	13	2.99573227355399	2.63905732961526
"GTEX-1KANB-0011-R9b-SM-EZ6MO"	"GTEX-1KANB"	"Brain - Spinal cord (cervical c-1)"	62	55	4.14313472639153	4.02535169073515
"GTEX-1KANB-3226-SM-D4P3G"	"GTEX-1KANB"	"Brain - Cerebellum"	32	21	3.49650756146648	3.09104245335832
"GTEX-1KD4Q-0011-R11b-SM-EXOIE"	"GTEX-1KD4Q"	"Brain - Cerebellar Hemisphere"	7	17	2.07944154167984	2.89037175789616
"GTEX-1KD4Q-0011-R3b-SM-EXOID"	"GTEX-1KD4Q"	"Brain - Anterior cingulate cortex (BA24)"	21	17	3.09104245335832	2.89037175789616
"GTEX-1KD4Q-2926-SM-D3L9N"	"GTEX-1KD4Q"	"Brain - Cortex"	91	97	4.52178857704904	4.58496747867057
"GTEX-1KD4Q-3026-SM-EV7A7"	"GTEX-1KD4Q"	"Brain - Cerebellum"	29	22	3.40119738166216	3.13549421592915
"GTEX-1KWVE-2226-SM-CXZKN"	"GTEX-1KWVE"	"Brain - Cerebellum"	34	30	3.55534806148941	3.43398720448515
"GTEX-1KWVE-2326-SM-D4P3N"	"GTEX-1KWVE"	"Brain - Cortex"	122	111	4.81218435537242	4.71849887129509
"GTEX-1LB8K-0011-R1b-SM-EZ6MV"	"GTEX-1LB8K"	"Brain - Hippocampus"	66	55	4.20469261939097	4.02535169073515
"GTEX-1LB8K-0011-R2a-SM-EZ6MQ"	"GTEX-1LB8K"	"Brain - Substantia nigra"	23	23	3.17805383034795	3.17805383034795
"GTEX-1LB8K-0011-R6a-SM-EXURT"	"GTEX-1LB8K"	"Brain - Nucleus accumbens (basal ganglia)"	23	22	3.17805383034795	3.13549421592915
"GTEX-1LB8K-0011-R9a-SM-EZ6MP"	"GTEX-1LB8K"	"Brain - Spinal cord (cervical c-1)"	28	35	3.36729582998647	3.58351893845611
"GTEX-1LC47-0011-R10b-SM-EYYWE"	"GTEX-1LC47"	"Brain - Frontal Cortex (BA9)"	57	46	4.06044301054642	3.85014760171006
"GTEX-1LC47-0011-R6b-SM-EZ6MI"	"GTEX-1LC47"	"Brain - Nucleus accumbens (basal ganglia)"	42	30	3.76120011569356	3.43398720448515
"GTEX-1LC47-2926-SM-CXZKC"	"GTEX-1LC47"	"Brain - Cortex"	72	73	4.29045944114839	4.30406509320417
"GTEX-1LG7Y-0011-R11a-SM-EXOIH"	"GTEX-1LG7Y"	"Brain - Cerebellar Hemisphere"	12	9	2.56494935746154	2.30258509299405
"GTEX-1LG7Y-0011-R1a-SM-EYYWV"	"GTEX-1LG7Y"	"Brain - Hippocampus"	23	12	3.17805383034795	2.56494935746154
"GTEX-1LG7Y-0011-R5a-SM-EZ6MU"	"GTEX-1LG7Y"	"Brain - Caudate (basal ganglia)"	49	48	3.91202300542815	3.89182029811063
"GTEX-1LG7Y-3026-SM-D5OVI"	"GTEX-1LG7Y"	"Brain - Cortex"	60	39	4.11087386417331	3.68887945411394
"GTEX-1LG7Y-3126-SM-EV7AS"	"GTEX-1LG7Y"	"Brain - Cerebellum"	8	7	2.19722457733622	2.07944154167984
"GTEX-1LH75-0011-R2b-SM-EYYWQ"	"GTEX-1LH75"	"Brain - Substantia nigra"	57	52	4.06044301054642	3.97029191355212
"GTEX-1LH75-0011-R6a-SM-EXURS"	"GTEX-1LH75"	"Brain - Nucleus accumbens (basal ganglia)"	30	25	3.43398720448515	3.25809653802148
"GTEX-1LH75-0011-R7a-SM-EXOIF"	"GTEX-1LH75"	"Brain - Putamen (basal ganglia)"	39	45	3.68887945411394	3.8286413964891
"GTEX-1LKK1-0011-R11a-SM-EXOIG"	"GTEX-1LKK1"	"Brain - Cerebellar Hemisphere"	5	5	1.79175946922806	1.79175946922806
"GTEX-1LKK1-3126-SM-EWRNY"	"GTEX-1LKK1"	"Brain - Cortex"	67	67	4.21950770517611	4.21950770517611
"GTEX-1LSNL-0011-R2a-SM-EZ6MK"	"GTEX-1LSNL"	"Brain - Substantia nigra"	31	22	3.46573590279973	3.13549421592915
"GTEX-1LSNL-0011-R7a-SM-EYYWI"	"GTEX-1LSNL"	"Brain - Putamen (basal ganglia)"	14	12	2.70805020110221	2.56494935746154
"GTEX-1LSNL-0011-R9b-SM-EYYWK"	"GTEX-1LSNL"	"Brain - Spinal cord (cervical c-1)"	51	31	3.95124371858143	3.46573590279973
"GTEX-1LSVX-0011-R11b-SM-EXOIA"	"GTEX-1LSVX"	"Brain - Cerebellar Hemisphere"	9	4	2.30258509299405	1.6094379124341
"GTEX-1LSVX-0011-R4b-SM-EXURP"	"GTEX-1LSVX"	"Brain - Amygdala"	35	39	3.58351893845611	3.68887945411394
"GTEX-1LSVX-2826-SM-EVR58"	"GTEX-1LSVX"	"Brain - Cerebellum"	26	22	3.29583686600433	3.13549421592915
"GTEX-1LVA9-0011-R2a-SM-EZ6MJ"	"GTEX-1LVA9"	"Brain - Substantia nigra"	10	15	2.39789527279837	2.77258872223978
"GTEX-1LVA9-0011-R6a-SM-EYYWH"	"GTEX-1LVA9"	"Brain - Nucleus accumbens (basal ganglia)"	21	11	3.09104245335832	2.484906649788
"GTEX-1LVA9-0011-R7a-SM-EYYWG"	"GTEX-1LVA9"	"Brain - Putamen (basal ganglia)"	15	7	2.77258872223978	2.07944154167984
"GTEX-1LVA9-0011-R9a-SM-EYYWF"	"GTEX-1LVA9"	"Brain - Spinal cord (cervical c-1)"	22	16	3.13549421592915	2.83321334405622
"GTEX-1LVAO-0011-R11b-SM-EXOI8"	"GTEX-1LVAO"	"Brain - Cerebellar Hemisphere"	12	14	2.56494935746154	2.70805020110221
"GTEX-1LVAO-0011-R2a-SM-EYYX1"	"GTEX-1LVAO"	"Brain - Substantia nigra"	51	43	3.95124371858143	3.78418963391826
"GTEX-1LVAO-0011-R3a-SM-EXOI7"	"GTEX-1LVAO"	"Brain - Anterior cingulate cortex (BA24)"	94	85	4.55387689160054	4.45434729625351
"GTEX-1LVAO-0011-R4a-SM-EXURO"	"GTEX-1LVAO"	"Brain - Amygdala"	39	53	3.68887945411394	3.98898404656427
"GTEX-1LVAO-0011-R6b-SM-EZ6MX"	"GTEX-1LVAO"	"Brain - Nucleus accumbens (basal ganglia)"	44	43	3.80666248977032	3.78418963391826
"GTEX-1LVAO-0011-R7a-SM-EYYWZ"	"GTEX-1LVAO"	"Brain - Putamen (basal ganglia)"	41	38	3.73766961828337	3.66356164612965
"GTEX-1LVAO-0011-R9a-SM-EZ6MY"	"GTEX-1LVAO"	"Brain - Spinal cord (cervical c-1)"	30	20	3.43398720448515	3.04452243772342
"GTEX-1M4P7-0011-R11b-SM-EXOIK"	"GTEX-1M4P7"	"Brain - Cerebellar Hemisphere"	11	12	2.484906649788	2.56494935746154
"GTEX-1M4P7-2726-SM-E9TJQ"	"GTEX-1M4P7"	"Brain - Cortex"	47	31	3.87120101090789	3.46573590279973
"GTEX-1MA7X-0011-R2b-SM-EZ6MT"	"GTEX-1MA7X"	"Brain - Substantia nigra"	33	21	3.52636052461616	3.09104245335832
"GTEX-1MA7X-0011-R6a-SM-EYYWR"	"GTEX-1MA7X"	"Brain - Nucleus accumbens (basal ganglia)"	13	23	2.63905732961526	3.17805383034795
"GTEX-1MA7X-0011-R7b-SM-EYYWS"	"GTEX-1MA7X"	"Brain - Putamen (basal ganglia)"	14	12	2.70805020110221	2.56494935746154
"GTEX-1MCQQ-0011-R3a-SM-EXURW"	"GTEX-1MCQQ"	"Brain - Anterior cingulate cortex (BA24)"	15	16	2.77258872223978	2.83321334405622
"GTEX-1MJK2-0011-R6a-SM-EXUS3"	"GTEX-1MJK2"	"Brain - Nucleus accumbens (basal ganglia)"	44	43	3.80666248977032	3.78418963391826
"GTEX-1MJK2-0011-R7a-SM-EXUS4"	"GTEX-1MJK2"	"Brain - Putamen (basal ganglia)"	15	12	2.77258872223978	2.56494935746154
"GTEX-1MJK2-0011-R9b-SM-EZ6MZ"	"GTEX-1MJK2"	"Brain - Spinal cord (cervical c-1)"	56	28	4.04305126783455	3.36729582998647
"GTEX-1MJK2-3026-SM-EV7A5"	"GTEX-1MJK2"	"Brain - Cerebellum"	35	26	3.58351893845611	3.29583686600433
"GTEX-1N2DW-0011-R11b-SM-EXOIL"	"GTEX-1N2DW"	"Brain - Cerebellar Hemisphere"	2	6	1.09861228866811	1.94591014905531
"GTEX-1N2DW-0011-R4b-SM-EZ6MD"	"GTEX-1N2DW"	"Brain - Amygdala"	50	47	3.93182563272433	3.87120101090789
"GTEX-1N2DW-0011-R5a-SM-EYYX3"	"GTEX-1N2DW"	"Brain - Caudate (basal ganglia)"	20	24	3.04452243772342	3.2188758248682
"GTEX-1N2DW-0011-R6a-SM-EZ6MW"	"GTEX-1N2DW"	"Brain - Nucleus accumbens (basal ganglia)"	29	32	3.40119738166216	3.49650756146648
"GTEX-1N2DW-2826-SM-E9TK5"	"GTEX-1N2DW"	"Brain - Cortex"	33	25	3.52636052461616	3.25809653802148
"GTEX-1N2EE-0011-R11b-SM-EXOIJ"	"GTEX-1N2EE"	"Brain - Cerebellar Hemisphere"	26	19	3.29583686600433	2.99573227355399
"GTEX-1N2EE-0011-R3b-SM-EXURY"	"GTEX-1N2EE"	"Brain - Anterior cingulate cortex (BA24)"	52	19	3.97029191355212	2.99573227355399
"GTEX-1N2EE-0011-R4a-SM-EXOII"	"GTEX-1N2EE"	"Brain - Amygdala"	36	36	3.61091791264422	3.61091791264422
"GTEX-1N5O9-2926-SM-EXUSN"	"GTEX-1N5O9"	"Brain - Cortex"	47	37	3.87120101090789	3.63758615972639
"GTEX-1NV5F-3226-SM-EXUSL"	"GTEX-1NV5F"	"Brain - Cortex"	32	39	3.49650756146648	3.68887945411394
"GTEX-1NV8Z-3026-SM-DTX8Z"	"GTEX-1NV8Z"	"Brain - Cerebellum"	27	22	3.3322045101752	3.13549421592915
"GTEX-1NV8Z-3126-SM-E76R3"	"GTEX-1NV8Z"	"Brain - Cortex"	59	53	4.0943445622221	3.98898404656427
"GTEX-1O9I2-3026-SM-E76PX"	"GTEX-1O9I2"	"Brain - Cortex"	83	74	4.43081679884331	4.31748811353631
"GTEX-1OJC4-0011-R6a-SM-EXOIM"	"GTEX-1OJC4"	"Brain - Nucleus accumbens (basal ganglia)"	46	29	3.85014760171006	3.40119738166216
"GTEX-1OJC4-0011-R7a-SM-EYYX4"	"GTEX-1OJC4"	"Brain - Putamen (basal ganglia)"	18	20	2.94443897916644	3.04452243772342
"GTEX-1OJC4-0011-R9a-SM-EZ6N1"	"GTEX-1OJC4"	"Brain - Spinal cord (cervical c-1)"	28	21	3.36729582998647	3.09104245335832
"GTEX-1OJC4-2826-SM-E6CQX"	"GTEX-1OJC4"	"Brain - Cortex"	70	65	4.26267987704132	4.18965474202643
"GTEX-1P4AB-3026-SM-EXOJS"	"GTEX-1P4AB"	"Brain - Cerebellum"	11	9	2.484906649788	2.30258509299405
"GTEX-1PIIG-2726-SM-E76PQ"	"GTEX-1PIIG"	"Brain - Cortex"	104	83	4.65396035015752	4.43081679884331
"GTEX-1PIIG-2826-SM-DTX7O"	"GTEX-1PIIG"	"Brain - Cerebellum"	26	15	3.29583686600433	2.77258872223978
"GTEX-1POEN-2726-SM-E9U6B"	"GTEX-1POEN"	"Brain - Cerebellum"	15	12	2.77258872223978	2.56494935746154
"GTEX-1PPGY-3126-SM-EXUSR"	"GTEX-1PPGY"	"Brain - Cortex"	37	38	3.63758615972639	3.66356164612965
"GTEX-1PWST-3026-SM-EAZ3H"	"GTEX-1PWST"	"Brain - Cerebellum"	30	34	3.43398720448515	3.55534806148941
"GTEX-1PWST-3126-SM-EXUSE"	"GTEX-1PWST"	"Brain - Cortex"	71	51	4.27666611901606	3.95124371858143
"GTEX-1QEPI-3026-SM-EXOIW"	"GTEX-1QEPI"	"Brain - Cerebellum"	16	16	2.83321334405622	2.83321334405622
"GTEX-1QMI2-3126-SM-EXUT5"	"GTEX-1QMI2"	"Brain - Cortex"	35	37	3.58351893845611	3.63758615972639
"GTEX-1QP6S-2926-SM-DTXF8"	"GTEX-1QP6S"	"Brain - Cortex"	58	46	4.07753744390572	3.85014760171006
"GTEX-1QP6S-3026-SM-EAZ4N"	"GTEX-1QP6S"	"Brain - Cerebellum"	33	26	3.52636052461616	3.29583686600433
"GTEX-1R46S-0011-R6a-SM-EZ6N6"	"GTEX-1R46S"	"Brain - Nucleus accumbens (basal ganglia)"	29	35	3.40119738166216	3.58351893845611
"GTEX-1R46S-0011-R7b-SM-EXUTH"	"GTEX-1R46S"	"Brain - Putamen (basal ganglia)"	16	16	2.83321334405622	2.83321334405622
"GTEX-1R46S-0011-R9a-SM-EZ6N7"	"GTEX-1R46S"	"Brain - Spinal cord (cervical c-1)"	117	88	4.77068462446567	4.48863636973214
"GTEX-1R46S-3126-SM-DPRZ9"	"GTEX-1R46S"	"Brain - Cerebellum"	17	26	2.89037175789616	3.29583686600433
"GTEX-1R9K4-0011-R11a-SM-EZ6N9"	"GTEX-1R9K4"	"Brain - Cerebellar Hemisphere"	3	3	1.38629436111989	1.38629436111989
"GTEX-1R9K4-0011-R5b-SM-EZ6N8"	"GTEX-1R9K4"	"Brain - Caudate (basal ganglia)"	46	48	3.85014760171006	3.89182029811063
"GTEX-1R9K4-3126-SM-DTX9Y"	"GTEX-1R9K4"	"Brain - Cortex"	47	42	3.87120101090789	3.76120011569356
"GTEX-1R9PO-0011-R11b-SM-EZ6NB"	"GTEX-1R9PO"	"Brain - Cerebellar Hemisphere"	11	6	2.484906649788	1.94591014905531
"GTEX-1R9PO-0011-R5a-SM-EZ6NA"	"GTEX-1R9PO"	"Brain - Caudate (basal ganglia)"	34	35	3.55534806148941	3.58351893845611
"GTEX-1R9PO-2826-SM-E6CPV"	"GTEX-1R9PO"	"Brain - Cerebellum"	11	13	2.484906649788	2.63905732961526
"GTEX-1R9PO-2926-SM-EVYBR"	"GTEX-1R9PO"	"Brain - Cortex"	94	87	4.55387689160054	4.47733681447821
"GTEX-1RDX4-3226-SM-DPS14"	"GTEX-1RDX4"	"Brain - Cerebellum"	7	15	2.07944154167984	2.77258872223978
"GTEX-1RLM8-0011-R2a-SM-EZ6N4"	"GTEX-1RLM8"	"Brain - Substantia nigra"	20	18	3.04452243772342	2.94443897916644
"GTEX-1RLM8-0011-R6a-SM-EYYXS"	"GTEX-1RLM8"	"Brain - Nucleus accumbens (basal ganglia)"	6	6	1.94591014905531	1.94591014905531
"GTEX-1RLM8-0011-R8a-SM-EYYXR"	"GTEX-1RLM8"	"Brain - Hypothalamus"	24	25	3.2188758248682	3.25809653802148
"GTEX-1RNSC-0011-R5a-SM-EZ6N5"	"GTEX-1RNSC"	"Brain - Caudate (basal ganglia)"	32	32	3.49650756146648	3.49650756146648
"GTEX-1RNSC-3126-SM-EVR4V"	"GTEX-1RNSC"	"Brain - Cerebellum"	53	30	3.98898404656427	3.43398720448515
"GTEX-1RQEC-0011-R9a-SM-EZ6N3"	"GTEX-1RQEC"	"Brain - Spinal cord (cervical c-1)"	59	69	4.0943445622221	4.24849524204936
"GTEX-1RQEC-2926-SM-EVR5A"	"GTEX-1RQEC"	"Brain - Cortex"	43	31	3.78418963391826	3.46573590279973
"GTEX-1RQEC-3026-SM-DPRXM"	"GTEX-1RQEC"	"Brain - Cerebellum"	12	5	2.56494935746154	1.79175946922806
"GTEX-N7MS-0011-R10A-SM-2HMJK"	"GTEX-N7MS"	"Brain - Frontal Cortex (BA9)"	75	63	4.33073334028633	4.15888308335967
"GTEX-N7MS-0011-R11A-SM-2HMJS"	"GTEX-N7MS"	"Brain - Cerebellar Hemisphere"	9	5	2.30258509299405	1.79175946922806
"GTEX-N7MS-0011-R1a-SM-2HMJG"	"GTEX-N7MS"	"Brain - Hippocampus"	39	32	3.68887945411394	3.49650756146648
"GTEX-N7MS-0011-R2a-SM-2HML6"	"GTEX-N7MS"	"Brain - Substantia nigra"	29	24	3.40119738166216	3.2188758248682
"GTEX-N7MS-0011-R3a-SM-33HC6"	"GTEX-N7MS"	"Brain - Anterior cingulate cortex (BA24)"	153	180	5.03695260241363	5.19849703126583
"GTEX-N7MS-0011-R4a-SM-2HMKW"	"GTEX-N7MS"	"Brain - Amygdala"	26	32	3.29583686600433	3.49650756146648
"GTEX-N7MS-0011-R5a-SM-2HMK8"	"GTEX-N7MS"	"Brain - Caudate (basal ganglia)"	82	53	4.4188406077966	3.98898404656427
"GTEX-N7MS-0011-R6a-SM-2HMJ4"	"GTEX-N7MS"	"Brain - Nucleus accumbens (basal ganglia)"	60	36	4.11087386417331	3.61091791264422
"GTEX-N7MS-0011-R7a-SM-2HMKN"	"GTEX-N7MS"	"Brain - Putamen (basal ganglia)"	27	13	3.3322045101752	2.63905732961526
"GTEX-N7MS-0011-R8a-SM-2YUMK"	"GTEX-N7MS"	"Brain - Hypothalamus"	67	38	4.21950770517611	3.66356164612965
"GTEX-N7MS-2526-SM-2D7W3"	"GTEX-N7MS"	"Brain - Cerebellum"	18	10	2.94443897916644	2.39789527279837
"GTEX-N7MT-0011-R10A-SM-2I3E1"	"GTEX-N7MT"	"Brain - Frontal Cortex (BA9)"	47	40	3.87120101090789	3.71357206670431
"GTEX-N7MT-0011-R11A-SM-2I3DZ"	"GTEX-N7MT"	"Brain - Cerebellar Hemisphere"	39	40	3.68887945411394	3.71357206670431
"GTEX-N7MT-0011-R1a-SM-CNPO1"	"GTEX-N7MT"	"Brain - Hippocampus"	66	59	4.20469261939097	4.0943445622221
"GTEX-N7MT-0011-R2a-SM-2I3GI"	"GTEX-N7MT"	"Brain - Substantia nigra"	50	32	3.93182563272433	3.49650756146648
"GTEX-N7MT-0011-R3a-SM-2I3GC"	"GTEX-N7MT"	"Brain - Anterior cingulate cortex (BA24)"	32	34	3.49650756146648	3.55534806148941
"GTEX-N7MT-0011-R4a-SM-2I3G9"	"GTEX-N7MT"	"Brain - Amygdala"	40	32	3.71357206670431	3.49650756146648
"GTEX-N7MT-0011-R5a-SM-2I3G6"	"GTEX-N7MT"	"Brain - Caudate (basal ganglia)"	103	71	4.64439089914137	4.27666611901606
"GTEX-N7MT-0011-R6a-SM-2I3G3"	"GTEX-N7MT"	"Brain - Nucleus accumbens (basal ganglia)"	78	65	4.36944785246702	4.18965474202643
"GTEX-N7MT-0011-R7a-SM-2I3FZ"	"GTEX-N7MT"	"Brain - Putamen (basal ganglia)"	50	35	3.93182563272433	3.58351893845611
"GTEX-N7MT-0011-R8a-SM-2I5GU"	"GTEX-N7MT"	"Brain - Hypothalamus"	54	40	4.00733318523247	3.71357206670431
"GTEX-N7MT-1126-SM-CYPQY"	"GTEX-N7MT"	"Brain - Cortex"	60	51	4.11087386417331	3.95124371858143
"GTEX-N7MT-1226-SM-DKPOK"	"GTEX-N7MT"	"Brain - Cerebellum"	17	22	2.89037175789616	3.13549421592915
"GTEX-NL3H-0011-R10A-SM-2I3E9"	"GTEX-NL3H"	"Brain - Frontal Cortex (BA9)"	69	67	4.24849524204936	4.21950770517611
"GTEX-NL3H-0011-R11A-SM-2I3E6"	"GTEX-NL3H"	"Brain - Cerebellar Hemisphere"	10	11	2.39789527279837	2.484906649788
"GTEX-NL3H-0011-R1a-SM-48TDJ"	"GTEX-NL3H"	"Brain - Hippocampus"	24	21	3.2188758248682	3.09104245335832
"GTEX-NL3H-0011-R3a-SM-2I3GL"	"GTEX-NL3H"	"Brain - Anterior cingulate cortex (BA24)"	44	43	3.80666248977032	3.78418963391826
"GTEX-NL3H-0011-R4a-SM-2I3GK"	"GTEX-NL3H"	"Brain - Amygdala"	35	16	3.58351893845611	2.83321334405622
"GTEX-NL3H-0011-R5a-SM-2I3GB"	"GTEX-NL3H"	"Brain - Caudate (basal ganglia)"	38	41	3.66356164612965	3.73766961828337
"GTEX-NL3H-0011-R6a-SM-2I3G8"	"GTEX-NL3H"	"Brain - Nucleus accumbens (basal ganglia)"	49	33	3.91202300542815	3.52636052461616
"GTEX-NL3H-0011-R7a-SM-2I3G5"	"GTEX-NL3H"	"Brain - Putamen (basal ganglia)"	31	33	3.46573590279973	3.52636052461616
"GTEX-NL3H-0011-R8a-SM-DIPDY"	"GTEX-NL3H"	"Brain - Hypothalamus"	59	63	4.0943445622221	4.15888308335967
"GTEX-NL4W-0011-R10A-SM-2I3DY"	"GTEX-NL4W"	"Brain - Frontal Cortex (BA9)"	63	60	4.15888308335967	4.11087386417331
"GTEX-NL4W-0011-R11A-SM-2I3DW"	"GTEX-NL4W"	"Brain - Cerebellar Hemisphere"	3	8	1.38629436111989	2.19722457733622
"GTEX-NL4W-0011-R2a-SM-2I5GV"	"GTEX-NL4W"	"Brain - Substantia nigra"	44	37	3.80666248977032	3.63758615972639
"GTEX-NL4W-0011-R4a-SM-2I5GZ"	"GTEX-NL4W"	"Brain - Amygdala"	85	55	4.45434729625351	4.02535169073515
"GTEX-NL4W-0011-R5a-SM-2I3GD"	"GTEX-NL4W"	"Brain - Caudate (basal ganglia)"	58	69	4.07753744390572	4.24849524204936
"GTEX-NL4W-0011-R6a-SM-2I3GA"	"GTEX-NL4W"	"Brain - Nucleus accumbens (basal ganglia)"	65	74	4.18965474202643	4.31748811353631
"GTEX-NL4W-0011-R8a-SM-2I3G4"	"GTEX-NL4W"	"Brain - Hypothalamus"	45	41	3.8286413964891	3.73766961828337
"GTEX-NL4W-0011-R9a-SM-2I3G1"	"GTEX-NL4W"	"Brain - Spinal cord (cervical c-1)"	70	78	4.26267987704132	4.36944785246702
"GTEX-NPJ7-0011-R10A-SM-2I3E5"	"GTEX-NPJ7"	"Brain - Frontal Cortex (BA9)"	66	39	4.20469261939097	3.68887945411394
"GTEX-NPJ7-0011-R11A-SM-2I3E8"	"GTEX-NPJ7"	"Brain - Cerebellar Hemisphere"	26	25	3.29583686600433	3.25809653802148
"GTEX-NPJ7-0011-R1a-SM-3GACT"	"GTEX-NPJ7"	"Brain - Hippocampus"	54	33	4.00733318523247	3.52636052461616
"GTEX-NPJ7-0011-R2a-SM-2I3GF"	"GTEX-NPJ7"	"Brain - Substantia nigra"	72	58	4.29045944114839	4.07753744390572
"GTEX-NPJ7-0011-R4a-SM-2I3GJ"	"GTEX-NPJ7"	"Brain - Amygdala"	41	43	3.73766961828337	3.78418963391826
"GTEX-NPJ7-0011-R5a-SM-33HBK"	"GTEX-NPJ7"	"Brain - Caudate (basal ganglia)"	90	51	4.51085950651685	3.95124371858143
"GTEX-NPJ7-0011-R6a-SM-2I3G7"	"GTEX-NPJ7"	"Brain - Nucleus accumbens (basal ganglia)"	64	40	4.17438726989564	3.71357206670431
"GTEX-NPJ7-0011-R7a-SM-EV79B"	"GTEX-NPJ7"	"Brain - Putamen (basal ganglia)"	61	48	4.12713438504509	3.89182029811063
"GTEX-NPJ7-0011-R8a-SM-2I3G2"	"GTEX-NPJ7"	"Brain - Hypothalamus"	52	35	3.97029191355212	3.58351893845611
"GTEX-NPJ7-0011-R9a-SM-2TC5R"	"GTEX-NPJ7"	"Brain - Spinal cord (cervical c-1)"	17	12	2.89037175789616	2.56494935746154
"GTEX-NPJ7-2726-SM-2I3FT"	"GTEX-NPJ7"	"Brain - Cortex"	60	42	4.11087386417331	3.76120011569356
"GTEX-NPJ7-2826-SM-2I3FU"	"GTEX-NPJ7"	"Brain - Cerebellum"	36	25	3.61091791264422	3.25809653802148
"GTEX-NPJ8-0011-R10A-SM-2YUMO"	"GTEX-NPJ8"	"Brain - Frontal Cortex (BA9)"	75	77	4.33073334028633	4.35670882668959
"GTEX-NPJ8-0011-R11A-SM-2YUMS"	"GTEX-NPJ8"	"Brain - Cerebellar Hemisphere"	16	18	2.83321334405622	2.94443897916644
"GTEX-NPJ8-0011-R1a-SM-33HCB"	"GTEX-NPJ8"	"Brain - Hippocampus"	139	94	4.9416424226093	4.55387689160054
"GTEX-NPJ8-0011-R2a-SM-2TC6M"	"GTEX-NPJ8"	"Brain - Substantia nigra"	59	46	4.0943445622221	3.85014760171006
"GTEX-NPJ8-0011-R3a-SM-2HMIW"	"GTEX-NPJ8"	"Brain - Anterior cingulate cortex (BA24)"	126	106	4.84418708645859	4.67282883446191
"GTEX-NPJ8-0011-R4a-SM-2HML3"	"GTEX-NPJ8"	"Brain - Amygdala"	75	58	4.33073334028633	4.07753744390572
"GTEX-NPJ8-0011-R5a-SM-2HMJY"	"GTEX-NPJ8"	"Brain - Caudate (basal ganglia)"	94	75	4.55387689160054	4.33073334028633
"GTEX-NPJ8-0011-R6a-SM-2HMKB"	"GTEX-NPJ8"	"Brain - Nucleus accumbens (basal ganglia)"	93	69	4.54329478227	4.24849524204936
"GTEX-NPJ8-0011-R7a-SM-2HMJV"	"GTEX-NPJ8"	"Brain - Putamen (basal ganglia)"	72	58	4.29045944114839	4.07753744390572
"GTEX-NPJ8-0011-R8a-SM-2HMLG"	"GTEX-NPJ8"	"Brain - Hypothalamus"	66	45	4.20469261939097	3.8286413964891
"GTEX-NPJ8-0011-R9a-SM-2YUN5"	"GTEX-NPJ8"	"Brain - Spinal cord (cervical c-1)"	80	75	4.39444915467244	4.33073334028633
"GTEX-NPJ8-1526-SM-2D7VU"	"GTEX-NPJ8"	"Brain - Cortex"	56	53	4.04305126783455	3.98898404656427
"GTEX-NPJ8-2626-SM-2D7W2"	"GTEX-NPJ8"	"Brain - Cerebellum"	23	11	3.17805383034795	2.484906649788
"GTEX-OHPN-0011-R10A-SM-33HBU"	"GTEX-OHPN"	"Brain - Frontal Cortex (BA9)"	41	44	3.73766961828337	3.80666248977032
"GTEX-OHPN-0011-R11A-SM-2I5FM"	"GTEX-OHPN"	"Brain - Cerebellar Hemisphere"	8	10	2.19722457733622	2.39789527279837
"GTEX-OHPN-0011-R1A-SM-2I5GB"	"GTEX-OHPN"	"Brain - Hippocampus"	13	5	2.63905732961526	1.79175946922806
"GTEX-OHPN-0011-R2A-SM-2I5FB"	"GTEX-OHPN"	"Brain - Substantia nigra"	30	30	3.43398720448515	3.43398720448515
"GTEX-OHPN-0011-R4A-SM-2I5FD"	"GTEX-OHPN"	"Brain - Amygdala"	42	28	3.76120011569356	3.36729582998647
"GTEX-OHPN-0011-R6A-SM-2I5FH"	"GTEX-OHPN"	"Brain - Nucleus accumbens (basal ganglia)"	38	26	3.66356164612965	3.29583686600433
"GTEX-OHPN-0011-R7A-SM-2I5FI"	"GTEX-OHPN"	"Brain - Putamen (basal ganglia)"	28	19	3.36729582998647	2.99573227355399
"GTEX-OHPN-0011-R8A-SM-33HBT"	"GTEX-OHPN"	"Brain - Hypothalamus"	52	58	3.97029191355212	4.07753744390572
"GTEX-OHPN-0011-R9A-SM-5TDEJ"	"GTEX-OHPN"	"Brain - Spinal cord (cervical c-1)"	79	69	4.38202663467388	4.24849524204936
"GTEX-OHPN-2526-SM-2I5H3"	"GTEX-OHPN"	"Brain - Cortex"	95	74	4.56434819146784	4.31748811353631
"GTEX-OHPN-2626-SM-2I5H1"	"GTEX-OHPN"	"Brain - Cerebellum"	32	29	3.49650756146648	3.40119738166216
"GTEX-OXRN-0011-R10A-SM-2I5GC"	"GTEX-OXRN"	"Brain - Frontal Cortex (BA9)"	60	45	4.11087386417331	3.8286413964891
"GTEX-OXRN-0011-R5A-SM-2I5EF"	"GTEX-OXRN"	"Brain - Caudate (basal ganglia)"	22	13	3.13549421592915	2.63905732961526
"GTEX-OXRN-0011-R8A-SM-E9TI1"	"GTEX-OXRN"	"Brain - Hypothalamus"	13	16	2.63905732961526	2.83321334405622
"GTEX-OXRN-2426-SM-2I5EQ"	"GTEX-OXRN"	"Brain - Cortex"	56	42	4.04305126783455	3.76120011569356
"GTEX-OXRO-0011-R10A-SM-2I5EH"	"GTEX-OXRO"	"Brain - Frontal Cortex (BA9)"	37	39	3.63758615972639	3.68887945411394
"GTEX-OXRO-0011-R2A-SM-3NB1W"	"GTEX-OXRO"	"Brain - Substantia nigra"	53	33	3.98898404656427	3.52636052461616
"GTEX-OXRO-0011-R5A-SM-2I5EG"	"GTEX-OXRO"	"Brain - Caudate (basal ganglia)"	23	13	3.17805383034795	2.63905732961526
"GTEX-OXRO-0011-R9A-SM-3NB1X"	"GTEX-OXRO"	"Brain - Spinal cord (cervical c-1)"	92	81	4.53259949315326	4.40671924726425
"GTEX-P44G-0011-R10A-SM-2I3FF"	"GTEX-P44G"	"Brain - Frontal Cortex (BA9)"	86	82	4.46590811865458	4.4188406077966
"GTEX-P44G-0011-R11A-SM-2I3FD"	"GTEX-P44G"	"Brain - Cerebellar Hemisphere"	9	10	2.30258509299405	2.39789527279837
"GTEX-P44G-0011-R1A-SM-2I3FE"	"GTEX-P44G"	"Brain - Hippocampus"	57	48	4.06044301054642	3.89182029811063
"GTEX-P44G-0011-R2A-SM-2XCD2"	"GTEX-P44G"	"Brain - Substantia nigra"	24	15	3.2188758248682	2.77258872223978
"GTEX-P44G-0011-R3A-SM-2I3FC"	"GTEX-P44G"	"Brain - Anterior cingulate cortex (BA24)"	78	72	4.36944785246702	4.29045944114839
"GTEX-P44G-0011-R4A-SM-2I3FB"	"GTEX-P44G"	"Brain - Amygdala"	49	38	3.91202300542815	3.66356164612965
"GTEX-P44G-0011-R5A-SM-2I3FA"	"GTEX-P44G"	"Brain - Caudate (basal ganglia)"	42	49	3.76120011569356	3.91202300542815
"GTEX-P44G-0011-R6A-SM-2XCD3"	"GTEX-P44G"	"Brain - Nucleus accumbens (basal ganglia)"	53	38	3.98898404656427	3.66356164612965
"GTEX-P44G-0011-R7A-SM-2I3F9"	"GTEX-P44G"	"Brain - Putamen (basal ganglia)"	30	30	3.43398720448515	3.43398720448515
"GTEX-P44G-2426-SM-2I5ER"	"GTEX-P44G"	"Brain - Cortex"	147	99	4.99721227376412	4.60517018598809
"GTEX-P44G-2526-SM-2I5EK"	"GTEX-P44G"	"Brain - Cerebellum"	9	6	2.30258509299405	1.94591014905531
"GTEX-P44H-0011-R10A-SM-2XCEK"	"GTEX-P44H"	"Brain - Frontal Cortex (BA9)"	35	35	3.58351893845611	3.58351893845611
"GTEX-P44H-0011-R11A-SM-2XCER"	"GTEX-P44H"	"Brain - Cerebellar Hemisphere"	14	22	2.70805020110221	3.13549421592915
"GTEX-P44H-0011-R1A-SM-3NM8J"	"GTEX-P44H"	"Brain - Hippocampus"	131	73	4.88280192258637	4.30406509320417
"GTEX-P44H-0011-R3A-SM-D3L8E"	"GTEX-P44H"	"Brain - Anterior cingulate cortex (BA24)"	80	65	4.39444915467244	4.18965474202643
"GTEX-P44H-0011-R4A-SM-2XCEW"	"GTEX-P44H"	"Brain - Amygdala"	40	25	3.71357206670431	3.25809653802148
"GTEX-P44H-0011-R5A-SM-2XCEX"	"GTEX-P44H"	"Brain - Caudate (basal ganglia)"	62	53	4.14313472639153	3.98898404656427
"GTEX-P44H-0011-R6A-SM-2XCF3"	"GTEX-P44H"	"Brain - Nucleus accumbens (basal ganglia)"	48	41	3.89182029811063	3.73766961828337
"GTEX-P44H-0011-R8A-SM-2XCEL"	"GTEX-P44H"	"Brain - Hypothalamus"	48	48	3.89182029811063	3.89182029811063
"GTEX-P44H-2426-SM-2XCEJ"	"GTEX-P44H"	"Brain - Cerebellum"	11	21	2.484906649788	3.09104245335832
"GTEX-PVOW-0011-R10A-SM-EXOHB"	"GTEX-PVOW"	"Brain - Frontal Cortex (BA9)"	93	67	4.54329478227	4.21950770517611
"GTEX-PVOW-0011-R1A-SM-32PL6"	"GTEX-PVOW"	"Brain - Hippocampus"	28	82	3.36729582998647	4.4188406077966
"GTEX-PVOW-0011-R3A-SM-32PKX"	"GTEX-PVOW"	"Brain - Anterior cingulate cortex (BA24)"	132	139	4.89034912822175	4.9416424226093
"GTEX-PVOW-0011-R5A-SM-32PL7"	"GTEX-PVOW"	"Brain - Caudate (basal ganglia)"	68	79	4.23410650459726	4.38202663467388
"GTEX-PVOW-2526-SM-2XCF7"	"GTEX-PVOW"	"Brain - Cortex"	121	96	4.80402104473326	4.57471097850338
"GTEX-PVOW-2626-SM-32PL8"	"GTEX-PVOW"	"Brain - Cerebellum"	25	24	3.25809653802148	3.2188758248682
"GTEX-PWO3-0011-R1A-SM-2I5EW"	"GTEX-PWO3"	"Brain - Hippocampus"	34	26	3.55534806148941	3.29583686600433
"GTEX-PWO3-0011-R2A-SM-2S1OX"	"GTEX-PWO3"	"Brain - Substantia nigra"	32	15	3.49650756146648	2.77258872223978
"GTEX-PWO3-0011-R3A-SM-2I5EX"	"GTEX-PWO3"	"Brain - Anterior cingulate cortex (BA24)"	41	45	3.73766961828337	3.8286413964891
"GTEX-PWO3-0011-R5A-SM-2I5EZ"	"GTEX-PWO3"	"Brain - Caudate (basal ganglia)"	57	51	4.06044301054642	3.95124371858143
"GTEX-PWO3-0011-R6A-SM-2I5F3"	"GTEX-PWO3"	"Brain - Nucleus accumbens (basal ganglia)"	63	44	4.15888308335967	3.80666248977032
"GTEX-PWO3-0011-R8A-SM-2I5GD"	"GTEX-PWO3"	"Brain - Hypothalamus"	101	68	4.62497281328427	4.23410650459726
"GTEX-PWO3-0011-R9A-SM-EVR2V"	"GTEX-PWO3"	"Brain - Spinal cord (cervical c-1)"	34	43	3.55534806148941	3.78418963391826
"GTEX-PWO3-0926-SM-2I5EY"	"GTEX-PWO3"	"Brain - Cortex"	41	44	3.73766961828337	3.80666248977032
"GTEX-PWO3-1026-SM-2I5F2"	"GTEX-PWO3"	"Brain - Cerebellum"	20	19	3.04452243772342	2.99573227355399
"GTEX-Q2AG-0011-R10A-SM-2HMLA"	"GTEX-Q2AG"	"Brain - Frontal Cortex (BA9)"	97	91	4.58496747867057	4.52178857704904
"GTEX-Q2AG-0011-R11A-SM-2HMKZ"	"GTEX-Q2AG"	"Brain - Cerebellar Hemisphere"	23	32	3.17805383034795	3.49650756146648
"GTEX-Q2AG-0011-R1A-SM-2HMJI"	"GTEX-Q2AG"	"Brain - Hippocampus"	70	79	4.26267987704132	4.38202663467388
"GTEX-Q2AG-0011-R2A-SM-2HMIT"	"GTEX-Q2AG"	"Brain - Substantia nigra"	88	64	4.48863636973214	4.17438726989564
"GTEX-Q2AG-0011-R3A-SM-2HMJ9"	"GTEX-Q2AG"	"Brain - Anterior cingulate cortex (BA24)"	70	55	4.26267987704132	4.02535169073515
"GTEX-Q2AG-0011-R4A-SM-2HMKA"	"GTEX-Q2AG"	"Brain - Amygdala"	81	50	4.40671924726425	3.93182563272433
"GTEX-Q2AG-0011-R5A-SM-2HMJH"	"GTEX-Q2AG"	"Brain - Caudate (basal ganglia)"	89	70	4.49980967033027	4.26267987704132
"GTEX-Q2AG-0011-R6A-SM-2HML7"	"GTEX-Q2AG"	"Brain - Nucleus accumbens (basal ganglia)"	74	55	4.31748811353631	4.02535169073515
"GTEX-Q2AG-0011-R7A-SM-2HMJP"	"GTEX-Q2AG"	"Brain - Putamen (basal ganglia)"	61	53	4.12713438504509	3.98898404656427
"GTEX-Q2AG-0011-R8A-SM-2HMK5"	"GTEX-Q2AG"	"Brain - Hypothalamus"	42	24	3.76120011569356	3.2188758248682
"GTEX-Q2AG-0011-R9A-SM-2HMJ6"	"GTEX-Q2AG"	"Brain - Spinal cord (cervical c-1)"	39	37	3.68887945411394	3.63758615972639
"GTEX-Q2AG-2826-SM-2HMJQ"	"GTEX-Q2AG"	"Brain - Cerebellum"	9	10	2.30258509299405	2.39789527279837
"GTEX-Q2AG-2926-SM-2HMJ3"	"GTEX-Q2AG"	"Brain - Cortex"	36	37	3.61091791264422	3.63758615972639
"GTEX-QDT8-0011-R10A-SM-32PKG"	"GTEX-QDT8"	"Brain - Frontal Cortex (BA9)"	113	107	4.7361984483945	4.68213122712422
"GTEX-QDT8-0011-R11A-SM-32PKD"	"GTEX-QDT8"	"Brain - Cerebellar Hemisphere"	33	34	3.52636052461616	3.55534806148941
"GTEX-QDT8-0011-R1A-SM-32PKS"	"GTEX-QDT8"	"Brain - Hippocampus"	35	39	3.58351893845611	3.68887945411394
"GTEX-QDT8-0011-R2A-SM-32PKQ"	"GTEX-QDT8"	"Brain - Substantia nigra"	54	66	4.00733318523247	4.20469261939097
"GTEX-QDT8-0011-R3A-SM-32PKR"	"GTEX-QDT8"	"Brain - Anterior cingulate cortex (BA24)"	150	190	5.01727983681492	5.25227342804663
"GTEX-QDT8-0011-R4A-SM-32PKM"	"GTEX-QDT8"	"Brain - Amygdala"	82	74	4.4188406077966	4.31748811353631
"GTEX-QDT8-0011-R5A-SM-32PKN"	"GTEX-QDT8"	"Brain - Caudate (basal ganglia)"	66	69	4.20469261939097	4.24849524204936
"GTEX-QDT8-0011-R6A-SM-32PKI"	"GTEX-QDT8"	"Brain - Nucleus accumbens (basal ganglia)"	110	110	4.70953020131233	4.70953020131233
"GTEX-QDT8-0011-R7A-SM-32PKF"	"GTEX-QDT8"	"Brain - Putamen (basal ganglia)"	116	124	4.76217393479776	4.8283137373023
"GTEX-QDT8-0011-R8A-SM-32PKE"	"GTEX-QDT8"	"Brain - Hypothalamus"	11	16	2.484906649788	2.83321334405622
"GTEX-QDT8-0011-R9A-SM-CYPRD"	"GTEX-QDT8"	"Brain - Spinal cord (cervical c-1)"	76	65	4.34380542185368	4.18965474202643
"GTEX-QDT8-2926-SM-32PKC"	"GTEX-QDT8"	"Brain - Cortex"	99	89	4.60517018598809	4.49980967033027
"GTEX-QDT8-3026-SM-32PKB"	"GTEX-QDT8"	"Brain - Cerebellum"	22	27	3.13549421592915	3.3322045101752
"GTEX-QMR6-0011-R10A-SM-32PKO"	"GTEX-QMR6"	"Brain - Frontal Cortex (BA9)"	59	89	4.0943445622221	4.49980967033027
"GTEX-QMR6-0011-R11A-SM-32PKK"	"GTEX-QMR6"	"Brain - Cerebellar Hemisphere"	19	17	2.99573227355399	2.89037175789616
"GTEX-QMR6-0011-R1A-SM-32PKW"	"GTEX-QMR6"	"Brain - Hippocampus"	26	34	3.29583686600433	3.55534806148941
"GTEX-QMR6-0011-R2A-SM-32PKV"	"GTEX-QMR6"	"Brain - Substantia nigra"	56	45	4.04305126783455	3.8286413964891
"GTEX-QMR6-0011-R4A-SM-32PKU"	"GTEX-QMR6"	"Brain - Amygdala"	17	26	2.89037175789616	3.29583686600433
"GTEX-QMR6-0011-R5A-SM-32PKT"	"GTEX-QMR6"	"Brain - Caudate (basal ganglia)"	56	57	4.04305126783455	4.06044301054642
"GTEX-QMR6-0011-R6A-SM-32PKP"	"GTEX-QMR6"	"Brain - Nucleus accumbens (basal ganglia)"	81	106	4.40671924726425	4.67282883446191
"GTEX-QMR6-0011-R7A-SM-32PKL"	"GTEX-QMR6"	"Brain - Putamen (basal ganglia)"	42	53	3.76120011569356	3.98898404656427
"GTEX-QMR6-0011-R8A-SM-32PKJ"	"GTEX-QMR6"	"Brain - Hypothalamus"	58	41	4.07753744390572	3.73766961828337
"GTEX-QMR6-1326-SM-32PLB"	"GTEX-QMR6"	"Brain - Cerebellum"	30	32	3.43398720448515	3.49650756146648
"GTEX-QMR6-1426-SM-32PLA"	"GTEX-QMR6"	"Brain - Cortex"	85	130	4.45434729625351	4.87519732320115
"GTEX-QVJO-0011-R10A-SM-2S1QJ"	"GTEX-QVJO"	"Brain - Frontal Cortex (BA9)"	39	30	3.68887945411394	3.43398720448515
"GTEX-QVJO-0011-R1A-SM-2S1QI"	"GTEX-QVJO"	"Brain - Hippocampus"	33	32	3.52636052461616	3.49650756146648
"GTEX-QVJO-0011-R4A-SM-2S1QL"	"GTEX-QVJO"	"Brain - Amygdala"	79	54	4.38202663467388	4.00733318523247
"GTEX-QVJO-0011-R5A-SM-2S1QM"	"GTEX-QVJO"	"Brain - Caudate (basal ganglia)"	47	46	3.87120101090789	3.85014760171006
"GTEX-QVJO-0011-R6A-SM-2S1QN"	"GTEX-QVJO"	"Brain - Nucleus accumbens (basal ganglia)"	70	53	4.26267987704132	3.98898404656427
"GTEX-QVJO-0011-R7A-SM-2S1QO"	"GTEX-QVJO"	"Brain - Putamen (basal ganglia)"	8	8	2.19722457733622	2.19722457733622
"GTEX-QVJO-0011-R8A-SM-447C7"	"GTEX-QVJO"	"Brain - Hypothalamus"	29	32	3.40119738166216	3.49650756146648
"GTEX-QVJO-0011-R9A-SM-2S1QH"	"GTEX-QVJO"	"Brain - Spinal cord (cervical c-1)"	43	27	3.78418963391826	3.3322045101752
"GTEX-QVJO-1325-SM-2S1QX"	"GTEX-QVJO"	"Brain - Cerebellum"	10	11	2.39789527279837	2.484906649788
"GTEX-QVJO-1426-SM-2S1QY"	"GTEX-QVJO"	"Brain - Cortex"	33	26	3.52636052461616	3.29583686600433
"GTEX-QVUS-0011-R10A-SM-3GIK3"	"GTEX-QVUS"	"Brain - Frontal Cortex (BA9)"	47	49	3.87120101090789	3.91202300542815
"GTEX-QVUS-0011-R1A-SM-3GAD2"	"GTEX-QVUS"	"Brain - Hippocampus"	70	73	4.26267987704132	4.30406509320417
"GTEX-QVUS-0011-R3A-SM-3GAFD"	"GTEX-QVUS"	"Brain - Anterior cingulate cortex (BA24)"	44	52	3.80666248977032	3.97029191355212
"GTEX-QVUS-0011-R4A-SM-3GAE7"	"GTEX-QVUS"	"Brain - Amygdala"	39	52	3.68887945411394	3.97029191355212
"GTEX-QVUS-0011-R6A-SM-3GACX"	"GTEX-QVUS"	"Brain - Nucleus accumbens (basal ganglia)"	25	39	3.25809653802148	3.68887945411394
"GTEX-QVUS-0011-R8A-SM-3GAD7"	"GTEX-QVUS"	"Brain - Hypothalamus"	51	50	3.95124371858143	3.93182563272433
"GTEX-QVUS-0011-R9A-SM-3GIJA"	"GTEX-QVUS"	"Brain - Spinal cord (cervical c-1)"	8	9	2.19722457733622	2.30258509299405
"GTEX-QVUS-2826-SM-3GADB"	"GTEX-QVUS"	"Brain - Cortex"	38	56	3.66356164612965	4.04305126783455
"GTEX-QVUS-2926-SM-3GIJB"	"GTEX-QVUS"	"Brain - Cerebellum"	12	14	2.56494935746154	2.70805020110221
"GTEX-R55E-0011-R11A-SM-2TC6I"	"GTEX-R55E"	"Brain - Cerebellar Hemisphere"	34	22	3.55534806148941	3.13549421592915
"GTEX-R55E-0011-R1A-SM-2TC6N"	"GTEX-R55E"	"Brain - Hippocampus"	73	50	4.30406509320417	3.93182563272433
"GTEX-R55E-0011-R2A-SM-EYYV9"	"GTEX-R55E"	"Brain - Substantia nigra"	73	68	4.30406509320417	4.23410650459726
"GTEX-R55E-0011-R4A-SM-2TC5H"	"GTEX-R55E"	"Brain - Amygdala"	59	47	4.0943445622221	3.87120101090789
"GTEX-R55E-0011-R5A-SM-2TC5N"	"GTEX-R55E"	"Brain - Caudate (basal ganglia)"	37	25	3.63758615972639	3.25809653802148
"GTEX-R55E-0011-R6A-SM-2TC5T"	"GTEX-R55E"	"Brain - Nucleus accumbens (basal ganglia)"	55	39	4.02535169073515	3.68887945411394
"GTEX-R55E-0011-R7A-SM-2TC5Z"	"GTEX-R55E"	"Brain - Putamen (basal ganglia)"	44	32	3.80666248977032	3.49650756146648
"GTEX-R55E-0011-R8A-SM-2TC66"	"GTEX-R55E"	"Brain - Hypothalamus"	32	30	3.49650756146648	3.43398720448515
"GTEX-R55E-0011-R9A-SM-2TC6C"	"GTEX-R55E"	"Brain - Spinal cord (cervical c-1)"	27	19	3.3322045101752	2.99573227355399
"GTEX-R55E-2526-SM-2TC6H"	"GTEX-R55E"	"Brain - Cerebellum"	16	19	2.83321334405622	2.99573227355399
"GTEX-RNOR-0011-R1A-SM-CNNP5"	"GTEX-RNOR"	"Brain - Hippocampus"	80	59	4.39444915467244	4.0943445622221
"GTEX-RNOR-0011-R3A-SM-5SI8E"	"GTEX-RNOR"	"Brain - Anterior cingulate cortex (BA24)"	85	54	4.45434729625351	4.00733318523247
"GTEX-RNOR-0011-R4A-SM-3GAD3"	"GTEX-RNOR"	"Brain - Amygdala"	61	49	4.12713438504509	3.91202300542815
"GTEX-RNOR-0011-R5A-SM-2TF4J"	"GTEX-RNOR"	"Brain - Caudate (basal ganglia)"	48	49	3.89182029811063	3.91202300542815
"GTEX-RNOR-0011-R7A-SM-2TF4V"	"GTEX-RNOR"	"Brain - Putamen (basal ganglia)"	27	24	3.3322045101752	3.2188758248682
"GTEX-RNOR-0011-R8A-SM-EZ6MN"	"GTEX-RNOR"	"Brain - Hypothalamus"	19	14	2.99573227355399	2.70805020110221
"GTEX-RNOR-0011-R9A-SM-2TF52"	"GTEX-RNOR"	"Brain - Spinal cord (cervical c-1)"	40	22	3.71357206670431	3.13549421592915
"GTEX-RNOR-2226-SM-2TF5O"	"GTEX-RNOR"	"Brain - Cerebellum"	41	24	3.73766961828337	3.2188758248682
"GTEX-RNOR-2326-SM-2TF4I"	"GTEX-RNOR"	"Brain - Cortex"	76	65	4.34380542185368	4.18965474202643
"GTEX-RU72-0011-R11A-SM-CM2U1"	"GTEX-RU72"	"Brain - Cerebellar Hemisphere"	8	8	2.19722457733622	2.19722457733622
"GTEX-RU72-0011-R2A-SM-2TF6O"	"GTEX-RU72"	"Brain - Substantia nigra"	16	20	2.83321334405622	3.04452243772342
"GTEX-RU72-0011-R5A-SM-2TF6U"	"GTEX-RU72"	"Brain - Caudate (basal ganglia)"	34	21	3.55534806148941	3.09104245335832
"GTEX-RU72-0011-R6A-SM-2TF71"	"GTEX-RU72"	"Brain - Nucleus accumbens (basal ganglia)"	18	17	2.94443897916644	2.89037175789616
"GTEX-RU72-0011-R7A-SM-2TF5U"	"GTEX-RU72"	"Brain - Putamen (basal ganglia)"	14	9	2.70805020110221	2.30258509299405
"GTEX-RU72-0011-R8A-SM-2TF61"	"GTEX-RU72"	"Brain - Hypothalamus"	9	9	2.30258509299405	2.30258509299405
"GTEX-RU72-0011-R9A-SM-2TF67"	"GTEX-RU72"	"Brain - Spinal cord (cervical c-1)"	18	17	2.94443897916644	2.89037175789616
"GTEX-RU72-2926-SM-2TF66"	"GTEX-RU72"	"Brain - Cerebellum"	32	21	3.49650756146648	3.09104245335832
"GTEX-RU72-3026-SM-CYPRV"	"GTEX-RU72"	"Brain - Cortex"	54	60	4.00733318523247	4.11087386417331
"GTEX-RVPV-0011-R11A-SM-2TF6F"	"GTEX-RVPV"	"Brain - Cerebellar Hemisphere"	3	2	1.38629436111989	1.09861228866811
"GTEX-RVPV-0011-R3A-SM-2TF63"	"GTEX-RVPV"	"Brain - Anterior cingulate cortex (BA24)"	31	39	3.46573590279973	3.68887945411394
"GTEX-RVPV-0011-R5A-SM-2TF69"	"GTEX-RVPV"	"Brain - Caudate (basal ganglia)"	9	14	2.30258509299405	2.70805020110221
"GTEX-S7PM-0011-R5A-SM-3NM8G"	"GTEX-S7PM"	"Brain - Caudate (basal ganglia)"	21	37	3.09104245335832	3.63758615972639
"GTEX-S7PM-0011-R6A-SM-3NM8F"	"GTEX-S7PM"	"Brain - Nucleus accumbens (basal ganglia)"	38	41	3.66356164612965	3.73766961828337
"GTEX-S7SE-0011-R10A-SM-2XCDF"	"GTEX-S7SE"	"Brain - Frontal Cortex (BA9)"	65	53	4.18965474202643	3.98898404656427
"GTEX-S7SE-0011-R11A-SM-2XCDD"	"GTEX-S7SE"	"Brain - Cerebellar Hemisphere"	6	4	1.94591014905531	1.6094379124341
"GTEX-S7SE-0011-R1A-SM-2XCDE"	"GTEX-S7SE"	"Brain - Hippocampus"	33	28	3.52636052461616	3.36729582998647
"GTEX-S7SE-0011-R2A-SM-2XCDC"	"GTEX-S7SE"	"Brain - Substantia nigra"	36	54	3.61091791264422	4.00733318523247
"GTEX-S7SE-0011-R4A-SM-2XCDB"	"GTEX-S7SE"	"Brain - Amygdala"	80	55	4.39444915467244	4.02535169073515
"GTEX-S7SE-0011-R5A-SM-2XCDA"	"GTEX-S7SE"	"Brain - Caudate (basal ganglia)"	20	22	3.04452243772342	3.13549421592915
"GTEX-S7SE-0011-R6A-SM-2XCD9"	"GTEX-S7SE"	"Brain - Nucleus accumbens (basal ganglia)"	22	32	3.13549421592915	3.49650756146648
"GTEX-S7SE-0011-R7A-SM-2XCDI"	"GTEX-S7SE"	"Brain - Putamen (basal ganglia)"	30	26	3.43398720448515	3.29583686600433
"GTEX-S7SE-0011-R8A-SM-2XCDG"	"GTEX-S7SE"	"Brain - Hypothalamus"	27	21	3.3322045101752	3.09104245335832
"GTEX-S7SE-2526-SM-2XCDL"	"GTEX-S7SE"	"Brain - Cerebellum"	19	8	2.99573227355399	2.19722457733622
"GTEX-T2IS-0011-R11A-SM-32QPC"	"GTEX-T2IS"	"Brain - Cerebellar Hemisphere"	14	26	2.70805020110221	3.29583686600433
"GTEX-T2IS-0011-R2A-SM-32QPF"	"GTEX-T2IS"	"Brain - Substantia nigra"	62	95	4.14313472639153	4.56434819146784
"GTEX-T2IS-0011-R3A-SM-32QPB"	"GTEX-T2IS"	"Brain - Anterior cingulate cortex (BA24)"	80	130	4.39444915467244	4.87519732320115
"GTEX-T2IS-0011-R5A-SM-32QP4"	"GTEX-T2IS"	"Brain - Caudate (basal ganglia)"	63	76	4.15888308335967	4.34380542185368
"GTEX-T2IS-0011-R6A-SM-32QP2"	"GTEX-T2IS"	"Brain - Nucleus accumbens (basal ganglia)"	50	72	3.93182563272433	4.29045944114839
"GTEX-T2IS-2926-SM-32QPO"	"GTEX-T2IS"	"Brain - Cerebellum"	18	35	2.94443897916644	3.58351893845611
"GTEX-T2IS-3026-SM-32QPM"	"GTEX-T2IS"	"Brain - Cortex"	147	100	4.99721227376412	4.61512051684126
"GTEX-T5JC-0011-R10A-SM-32PM2"	"GTEX-T5JC"	"Brain - Frontal Cortex (BA9)"	126	103	4.84418708645859	4.64439089914137
"GTEX-T5JC-0011-R11A-SM-32PMB"	"GTEX-T5JC"	"Brain - Cerebellar Hemisphere"	22	22	3.13549421592915	3.13549421592915
"GTEX-T5JC-0011-R1A-SM-32PM6"	"GTEX-T5JC"	"Brain - Hippocampus"	24	13	3.2188758248682	2.63905732961526
"GTEX-T5JC-0011-R2A-SM-32PLZ"	"GTEX-T5JC"	"Brain - Substantia nigra"	84	92	4.44265125649032	4.53259949315326
"GTEX-T5JC-0011-R4A-SM-32PLT"	"GTEX-T5JC"	"Brain - Amygdala"	67	67	4.21950770517611	4.21950770517611
"GTEX-T5JC-0011-R5A-SM-32PLK"	"GTEX-T5JC"	"Brain - Caudate (basal ganglia)"	49	35	3.91202300542815	3.58351893845611
"GTEX-T5JC-0011-R6A-SM-D3L87"	"GTEX-T5JC"	"Brain - Nucleus accumbens (basal ganglia)"	96	87	4.57471097850338	4.47733681447821
"GTEX-T5JC-0011-R7A-SM-32PME"	"GTEX-T5JC"	"Brain - Putamen (basal ganglia)"	70	52	4.26267987704132	3.97029191355212
"GTEX-T5JC-0011-R8A-SM-32PLM"	"GTEX-T5JC"	"Brain - Hypothalamus"	123	119	4.82028156560504	4.78749174278205
"GTEX-T5JC-0011-R9A-SM-32PLV"	"GTEX-T5JC"	"Brain - Spinal cord (cervical c-1)"	204	160	5.32300997913841	5.08140436498446
"GTEX-T5JC-2326-SM-32PMR"	"GTEX-T5JC"	"Brain - Cerebellum"	22	22	3.13549421592915	3.13549421592915
"GTEX-T5JC-2426-SM-3NMDB"	"GTEX-T5JC"	"Brain - Cortex"	122	71	4.81218435537242	4.27666611901606
"GTEX-T6MN-0011-R10A-SM-32QP7"	"GTEX-T6MN"	"Brain - Frontal Cortex (BA9)"	111	119	4.71849887129509	4.78749174278205
"GTEX-T6MN-0011-R11A-SM-32QOX"	"GTEX-T6MN"	"Brain - Cerebellar Hemisphere"	14	28	2.70805020110221	3.36729582998647
"GTEX-T6MN-0011-R1A-SM-32QOY"	"GTEX-T6MN"	"Brain - Hippocampus"	35	38	3.58351893845611	3.66356164612965
"GTEX-T6MN-0011-R2A-SM-32QOW"	"GTEX-T6MN"	"Brain - Substantia nigra"	54	69	4.00733318523247	4.24849524204936
"GTEX-T6MN-0011-R4A-SM-32QPG"	"GTEX-T6MN"	"Brain - Amygdala"	19	13	2.99573227355399	2.63905732961526
"GTEX-T6MN-0011-R5A-SM-32QPD"	"GTEX-T6MN"	"Brain - Caudate (basal ganglia)"	85	51	4.45434729625351	3.95124371858143
"GTEX-T6MN-0011-R6A-SM-32QP8"	"GTEX-T6MN"	"Brain - Nucleus accumbens (basal ganglia)"	87	61	4.47733681447821	4.12713438504509
"GTEX-T6MN-0011-R7A-SM-32QP5"	"GTEX-T6MN"	"Brain - Putamen (basal ganglia)"	45	41	3.8286413964891	3.73766961828337
"GTEX-T6MN-0011-R8A-SM-32QP3"	"GTEX-T6MN"	"Brain - Hypothalamus"	41	26	3.73766961828337	3.29583686600433
"GTEX-T6MN-0011-R9A-SM-32QOZ"	"GTEX-T6MN"	"Brain - Spinal cord (cervical c-1)"	49	49	3.91202300542815	3.91202300542815
"GTEX-T6MN-2526-SM-32PMN"	"GTEX-T6MN"	"Brain - Cerebellum"	30	28	3.43398720448515	3.36729582998647
"GTEX-T6MN-2626-SM-32PMQ"	"GTEX-T6MN"	"Brain - Cortex"	94	90	4.55387689160054	4.51085950651685
"GTEX-TSE9-0011-R10A-SM-3DB7O"	"GTEX-TSE9"	"Brain - Frontal Cortex (BA9)"	90	103	4.51085950651685	4.64439089914137
"GTEX-TSE9-0011-R11A-SM-3DB7N"	"GTEX-TSE9"	"Brain - Cerebellar Hemisphere"	25	16	3.25809653802148	2.83321334405622
"GTEX-TSE9-0011-R1A-SM-3DB7E"	"GTEX-TSE9"	"Brain - Hippocampus"	30	20	3.43398720448515	3.04452243772342
"GTEX-TSE9-0011-R4A-SM-3DB7H"	"GTEX-TSE9"	"Brain - Amygdala"	53	59	3.98898404656427	4.0943445622221
"GTEX-TSE9-0011-R5A-SM-3DB7J"	"GTEX-TSE9"	"Brain - Caudate (basal ganglia)"	33	28	3.52636052461616	3.36729582998647
"GTEX-TSE9-0011-R6A-SM-3DB7L"	"GTEX-TSE9"	"Brain - Nucleus accumbens (basal ganglia)"	46	47	3.85014760171006	3.87120101090789
"GTEX-TSE9-0011-R7A-SM-3DB7P"	"GTEX-TSE9"	"Brain - Putamen (basal ganglia)"	31	20	3.46573590279973	3.04452243772342
"GTEX-TSE9-0011-R8A-SM-3DB7R"	"GTEX-TSE9"	"Brain - Hypothalamus"	23	25	3.17805383034795	3.25809653802148
"GTEX-TSE9-0011-R9A-SM-3DB7Q"	"GTEX-TSE9"	"Brain - Spinal cord (cervical c-1)"	48	65	3.89182029811063	4.18965474202643
"GTEX-TSE9-2926-SM-3DB77"	"GTEX-TSE9"	"Brain - Cerebellum"	31	36	3.46573590279973	3.61091791264422
"GTEX-TSE9-3026-SM-3DB76"	"GTEX-TSE9"	"Brain - Cortex"	104	90	4.65396035015752	4.51085950651685
"GTEX-UTHO-0011-R10A-SM-3GIJQ"	"GTEX-UTHO"	"Brain - Frontal Cortex (BA9)"	5	17	1.79175946922806	2.89037175789616
"GTEX-UTHO-0011-R11A-SM-3GIJE"	"GTEX-UTHO"	"Brain - Cerebellar Hemisphere"	3	3	1.38629436111989	1.38629436111989
"GTEX-UTHO-0011-R1A-SM-3GIJO"	"GTEX-UTHO"	"Brain - Hippocampus"	72	72	4.29045944114839	4.29045944114839
"GTEX-UTHO-0011-R2A-SM-3GIKC"	"GTEX-UTHO"	"Brain - Substantia nigra"	53	61	3.98898404656427	4.12713438504509
"GTEX-UTHO-0011-R3A-SM-3GIK8"	"GTEX-UTHO"	"Brain - Anterior cingulate cortex (BA24)"	15	16	2.77258872223978	2.83321334405622
"GTEX-UTHO-0011-R4A-SM-3GIJP"	"GTEX-UTHO"	"Brain - Amygdala"	93	51	4.54329478227	3.95124371858143
"GTEX-UTHO-0011-R5A-SM-3GIJD"	"GTEX-UTHO"	"Brain - Caudate (basal ganglia)"	7	7	2.07944154167984	2.07944154167984
"GTEX-UTHO-0011-R6A-SM-3GIJW"	"GTEX-UTHO"	"Brain - Nucleus accumbens (basal ganglia)"	74	33	4.31748811353631	3.52636052461616
"GTEX-UTHO-2926-SM-3P5Z9"	"GTEX-UTHO"	"Brain - Cerebellum"	35	9	3.58351893845611	2.30258509299405
"GTEX-UTHO-3026-SM-3GAFB"	"GTEX-UTHO"	"Brain - Cortex"	131	137	4.88280192258637	4.92725368515721
"GTEX-WHSE-0011-R10A-SM-EYYVG"	"GTEX-WHSE"	"Brain - Frontal Cortex (BA9)"	87	58	4.47733681447821	4.07753744390572
"GTEX-WHSE-0011-R11A-SM-3P5YY"	"GTEX-WHSE"	"Brain - Cerebellar Hemisphere"	23	20	3.17805383034795	3.04452243772342
"GTEX-WHSE-0011-R1A-SM-3P5ZK"	"GTEX-WHSE"	"Brain - Hippocampus"	74	67	4.31748811353631	4.21950770517611
"GTEX-WHSE-0011-R2A-SM-3P5ZL"	"GTEX-WHSE"	"Brain - Substantia nigra"	76	46	4.34380542185368	3.85014760171006
"GTEX-WHSE-0011-R3A-SM-3P5ZM"	"GTEX-WHSE"	"Brain - Anterior cingulate cortex (BA24)"	99	73	4.60517018598809	4.30406509320417
"GTEX-WHSE-0011-R4A-SM-3P5ZN"	"GTEX-WHSE"	"Brain - Amygdala"	102	68	4.63472898822964	4.23410650459726
"GTEX-WHSE-0011-R6A-SM-3P5ZP"	"GTEX-WHSE"	"Brain - Nucleus accumbens (basal ganglia)"	112	70	4.72738781871234	4.26267987704132
"GTEX-WHSE-0011-R7A-SM-3P5YZ"	"GTEX-WHSE"	"Brain - Putamen (basal ganglia)"	55	47	4.02535169073515	3.87120101090789
"GTEX-WHSE-0011-R8A-SM-3P5Z1"	"GTEX-WHSE"	"Brain - Hypothalamus"	65	48	4.18965474202643	3.89182029811063
"GTEX-WHSE-2926-SM-3NMBG"	"GTEX-WHSE"	"Brain - Cerebellum"	37	28	3.63758615972639	3.36729582998647
"GTEX-WHSE-3026-SM-3P5ZH"	"GTEX-WHSE"	"Brain - Cortex"	106	84	4.67282883446191	4.44265125649032
"GTEX-WL46-0011-R10A-SM-3MJFQ"	"GTEX-WL46"	"Brain - Frontal Cortex (BA9)"	136	114	4.91998092582813	4.74493212836325
"GTEX-WL46-0011-R11A-SM-3MJFT"	"GTEX-WL46"	"Brain - Cerebellar Hemisphere"	12	11	2.56494935746154	2.484906649788
"GTEX-WL46-0011-R1A-SM-3LK6M"	"GTEX-WL46"	"Brain - Hippocampus"	77	69	4.35670882668959	4.24849524204936
"GTEX-WL46-0011-R3A-SM-3TW8E"	"GTEX-WL46"	"Brain - Anterior cingulate cortex (BA24)"	85	71	4.45434729625351	4.27666611901606
"GTEX-WL46-0011-R5A-SM-3LK6V"	"GTEX-WL46"	"Brain - Caudate (basal ganglia)"	61	38	4.12713438504509	3.66356164612965
"GTEX-WL46-0011-R6A-SM-3LK6X"	"GTEX-WL46"	"Brain - Nucleus accumbens (basal ganglia)"	57	59	4.06044301054642	4.0943445622221
"GTEX-WL46-0011-R7A-SM-3LK7X"	"GTEX-WL46"	"Brain - Putamen (basal ganglia)"	69	48	4.24849524204936	3.89182029811063
"GTEX-WL46-0011-R9A-SM-3MJFP"	"GTEX-WL46"	"Brain - Spinal cord (cervical c-1)"	168	133	5.12989871492307	4.89783979995091
"GTEX-WL46-2826-SM-3LK81"	"GTEX-WL46"	"Brain - Cerebellum"	10	17	2.39789527279837	2.89037175789616
"GTEX-WL46-2926-SM-3LK82"	"GTEX-WL46"	"Brain - Cortex"	94	96	4.55387689160054	4.57471097850338
"GTEX-WVLH-0011-R10A-SM-3MJFM"	"GTEX-WVLH"	"Brain - Frontal Cortex (BA9)"	91	99	4.52178857704904	4.60517018598809
"GTEX-WVLH-0011-R11A-SM-3MJFO"	"GTEX-WVLH"	"Brain - Cerebellar Hemisphere"	14	13	2.70805020110221	2.63905732961526
"GTEX-WVLH-0011-R1A-SM-4MVOK"	"GTEX-WVLH"	"Brain - Hippocampus"	87	76	4.47733681447821	4.34380542185368
"GTEX-WVLH-0011-R4A-SM-3MJFS"	"GTEX-WVLH"	"Brain - Amygdala"	137	121	4.92725368515721	4.80402104473326
"GTEX-WVLH-0011-R5A-SM-3MJFW"	"GTEX-WVLH"	"Brain - Caudate (basal ganglia)"	66	72	4.20469261939097	4.29045944114839
"GTEX-WVLH-0011-R6A-SM-3MJFZ"	"GTEX-WVLH"	"Brain - Nucleus accumbens (basal ganglia)"	81	52	4.40671924726425	3.97029191355212
"GTEX-WVLH-0011-R7A-SM-3MJFB"	"GTEX-WVLH"	"Brain - Putamen (basal ganglia)"	48	45	3.89182029811063	3.8286413964891
"GTEX-WVLH-0011-R8A-SM-3MJFC"	"GTEX-WVLH"	"Brain - Hypothalamus"	71	62	4.27666611901606	4.14313472639153
"GTEX-WVLH-2926-SM-3MJG5"	"GTEX-WVLH"	"Brain - Cerebellum"	36	20	3.61091791264422	3.04452243772342
"GTEX-WVLH-3026-SM-3MJG9"	"GTEX-WVLH"	"Brain - Cortex"	89	67	4.49980967033027	4.21950770517611
"GTEX-WWYW-0011-R10A-SM-3NB35"	"GTEX-WWYW"	"Brain - Frontal Cortex (BA9)"	68	71	4.23410650459726	4.27666611901606
"GTEX-WWYW-0011-R11A-SM-3NB38"	"GTEX-WWYW"	"Brain - Cerebellar Hemisphere"	14	11	2.70805020110221	2.484906649788
"GTEX-WWYW-0011-R1A-SM-3TW8G"	"GTEX-WWYW"	"Brain - Hippocampus"	95	80	4.56434819146784	4.39444915467244
"GTEX-WWYW-0011-R5A-SM-3NB3E"	"GTEX-WWYW"	"Brain - Caudate (basal ganglia)"	89	86	4.49980967033027	4.46590811865458
"GTEX-WWYW-0011-R6A-SM-3NB3G"	"GTEX-WWYW"	"Brain - Nucleus accumbens (basal ganglia)"	126	96	4.84418708645859	4.57471097850338
"GTEX-WWYW-0011-R7A-SM-3NB3H"	"GTEX-WWYW"	"Brain - Putamen (basal ganglia)"	95	71	4.56434819146784	4.27666611901606
"GTEX-WWYW-0011-R8A-SM-3NB3S"	"GTEX-WWYW"	"Brain - Hypothalamus"	71	61	4.27666611901606	4.12713438504509
"GTEX-WWYW-3026-SM-3NB36"	"GTEX-WWYW"	"Brain - Cerebellum"	37	26	3.63758615972639	3.29583686600433
"GTEX-WWYW-3126-SM-3NB39"	"GTEX-WWYW"	"Brain - Cortex"	104	93	4.65396035015752	4.54329478227
"GTEX-WZTO-0011-R10B-SM-4E3KB"	"GTEX-WZTO"	"Brain - Frontal Cortex (BA9)"	102	97	4.63472898822964	4.58496747867057
"GTEX-WZTO-0011-R11A-SM-4E3K9"	"GTEX-WZTO"	"Brain - Cerebellar Hemisphere"	23	28	3.17805383034795	3.36729582998647
"GTEX-WZTO-0011-R1B-SM-3NMAR"	"GTEX-WZTO"	"Brain - Hippocampus"	82	81	4.4188406077966	4.40671924726425
"GTEX-WZTO-0011-R3B-SM-3NMC6"	"GTEX-WZTO"	"Brain - Anterior cingulate cortex (BA24)"	93	74	4.54329478227	4.31748811353631
"GTEX-WZTO-0011-R4A-SM-3NMC7"	"GTEX-WZTO"	"Brain - Amygdala"	63	63	4.15888308335967	4.15888308335967
"GTEX-WZTO-0011-R5B-SM-3NMC5"	"GTEX-WZTO"	"Brain - Caudate (basal ganglia)"	64	42	4.17438726989564	3.76120011569356
"GTEX-WZTO-0011-R6B-SM-4E3J6"	"GTEX-WZTO"	"Brain - Nucleus accumbens (basal ganglia)"	63	56	4.15888308335967	4.04305126783455
"GTEX-WZTO-0011-R7B-SM-4E3IS"	"GTEX-WZTO"	"Brain - Putamen (basal ganglia)"	43	48	3.78418963391826	3.89182029811063
"GTEX-WZTO-0011-R8A-SM-4E3II"	"GTEX-WZTO"	"Brain - Hypothalamus"	36	43	3.61091791264422	3.78418963391826
"GTEX-WZTO-2826-SM-3NM8P"	"GTEX-WZTO"	"Brain - Cerebellum"	32	40	3.49650756146648	3.71357206670431
"GTEX-WZTO-2926-SM-3NM9I"	"GTEX-WZTO"	"Brain - Cortex"	127	107	4.85203026391962	4.68213122712422
"GTEX-X261-0011-R10B-SM-4E3JT"	"GTEX-X261"	"Brain - Frontal Cortex (BA9)"	55	42	4.02535169073515	3.76120011569356
"GTEX-X261-0011-R11A-SM-4E3JY"	"GTEX-X261"	"Brain - Cerebellar Hemisphere"	12	5	2.56494935746154	1.79175946922806
"GTEX-X261-0011-R5A-SM-3NMB4"	"GTEX-X261"	"Brain - Caudate (basal ganglia)"	62	56	4.14313472639153	4.04305126783455
"GTEX-X261-0011-R6B-SM-4E3J8"	"GTEX-X261"	"Brain - Nucleus accumbens (basal ganglia)"	37	24	3.63758615972639	3.2188758248682
"GTEX-X261-0011-R7A-SM-4E3JJ"	"GTEX-X261"	"Brain - Putamen (basal ganglia)"	53	40	3.98898404656427	3.71357206670431
"GTEX-X261-0011-R8A-SM-4E3I5"	"GTEX-X261"	"Brain - Hypothalamus"	47	35	3.87120101090789	3.58351893845611
"GTEX-X261-3126-SM-4PQZC"	"GTEX-X261"	"Brain - Cerebellum"	10	8	2.39789527279837	2.19722457733622
"GTEX-X4EP-0011-R10B-SM-4QASJ"	"GTEX-X4EP"	"Brain - Frontal Cortex (BA9)"	80	63	4.39444915467244	4.15888308335967
"GTEX-X4EP-0011-R11B-SM-4QASK"	"GTEX-X4EP"	"Brain - Cerebellar Hemisphere"	9	8	2.30258509299405	2.19722457733622
"GTEX-X4EP-0011-R1A-SM-3P624"	"GTEX-X4EP"	"Brain - Hippocampus"	184	167	5.22035582507832	5.12396397940326
"GTEX-X4EP-0011-R3A-SM-3P626"	"GTEX-X4EP"	"Brain - Anterior cingulate cortex (BA24)"	170	146	5.14166355650266	4.99043258677874
"GTEX-X4EP-0011-R4B-SM-3P627"	"GTEX-X4EP"	"Brain - Amygdala"	349	282	5.85793315448346	5.64544689764324
"GTEX-X4EP-0011-R6A-SM-3P629"	"GTEX-X4EP"	"Brain - Nucleus accumbens (basal ganglia)"	165	136	5.11198778835654	4.91998092582813
"GTEX-X4EP-0011-R8B-SM-4QASL"	"GTEX-X4EP"	"Brain - Hypothalamus"	84	71	4.44265125649032	4.27666611901606
"GTEX-X4EP-3026-SM-3P5YP"	"GTEX-X4EP"	"Brain - Cerebellum"	31	16	3.46573590279973	2.83321334405622
"GTEX-X4XX-0011-R10B-SM-46MWO"	"GTEX-X4XX"	"Brain - Frontal Cortex (BA9)"	43	53	3.78418963391826	3.98898404656427
"GTEX-X4XX-0011-R11A-SM-46MWQ"	"GTEX-X4XX"	"Brain - Cerebellar Hemisphere"	15	8	2.77258872223978	2.19722457733622
"GTEX-X4XX-0011-R1B-SM-3P622"	"GTEX-X4XX"	"Brain - Hippocampus"	96	77	4.57471097850338	4.35670882668959
"GTEX-X4XX-0011-R2A-SM-3P623"	"GTEX-X4XX"	"Brain - Substantia nigra"	128	127	4.85981240436167	4.85203026391962
"GTEX-X4XX-0011-R3B-SM-46MWK"	"GTEX-X4XX"	"Brain - Anterior cingulate cortex (BA24)"	36	31	3.61091791264422	3.46573590279973
"GTEX-X4XX-0011-R4B-SM-46MWL"	"GTEX-X4XX"	"Brain - Amygdala"	31	24	3.46573590279973	3.2188758248682
"GTEX-X4XX-0011-R5A-SM-46MWN"	"GTEX-X4XX"	"Brain - Caudate (basal ganglia)"	56	48	4.04305126783455	3.89182029811063
"GTEX-X4XX-0011-R6B-SM-46MWP"	"GTEX-X4XX"	"Brain - Nucleus accumbens (basal ganglia)"	50	25	3.93182563272433	3.25809653802148
"GTEX-X4XX-0011-R8B-SM-46MWM"	"GTEX-X4XX"	"Brain - Hypothalamus"	51	32	3.95124371858143	3.49650756146648
"GTEX-X4XX-2926-SM-3NMB1"	"GTEX-X4XX"	"Brain - Cerebellum"	21	25	3.09104245335832	3.25809653802148
"GTEX-X4XX-3026-SM-3NMB2"	"GTEX-X4XX"	"Brain - Cortex"	121	105	4.80402104473326	4.66343909411207
"GTEX-X4XY-0011-R10B-SM-46MWS"	"GTEX-X4XY"	"Brain - Frontal Cortex (BA9)"	18	18	2.94443897916644	2.94443897916644
"GTEX-X4XY-0011-R3B-SM-EXOHI"	"GTEX-X4XY"	"Brain - Anterior cingulate cortex (BA24)"	38	22	3.66356164612965	3.13549421592915
"GTEX-X4XY-0011-R6B-SM-46MVB"	"GTEX-X4XY"	"Brain - Nucleus accumbens (basal ganglia)"	29	15	3.40119738166216	2.77258872223978
"GTEX-X4XY-0011-R8A-SM-46MVC"	"GTEX-X4XY"	"Brain - Hypothalamus"	42	32	3.76120011569356	3.49650756146648
"GTEX-X4XY-3026-SM-EWRM9"	"GTEX-X4XY"	"Brain - Cortex"	48	43	3.89182029811063	3.78418963391826
"GTEX-X585-0011-R10A-SM-46MUY"	"GTEX-X585"	"Brain - Frontal Cortex (BA9)"	89	65	4.49980967033027	4.18965474202643
"GTEX-X585-0011-R11B-SM-46MUZ"	"GTEX-X585"	"Brain - Cerebellar Hemisphere"	35	33	3.58351893845611	3.52636052461616
"GTEX-X585-0011-R1B-SM-46MVE"	"GTEX-X585"	"Brain - Hippocampus"	63	36	4.15888308335967	3.61091791264422
"GTEX-X585-0011-R2B-SM-46MVF"	"GTEX-X585"	"Brain - Substantia nigra"	91	63	4.52178857704904	4.15888308335967
"GTEX-X585-0011-R3B-SM-46MVG"	"GTEX-X585"	"Brain - Anterior cingulate cortex (BA24)"	55	61	4.02535169073515	4.12713438504509
"GTEX-X585-0011-R4B-SM-46MVH"	"GTEX-X585"	"Brain - Amygdala"	96	66	4.57471097850338	4.20469261939097
"GTEX-X585-0011-R5A-SM-46MVI"	"GTEX-X585"	"Brain - Caudate (basal ganglia)"	62	61	4.14313472639153	4.12713438504509
"GTEX-X585-0011-R6A-SM-46MVJ"	"GTEX-X585"	"Brain - Nucleus accumbens (basal ganglia)"	51	42	3.95124371858143	3.76120011569356
"GTEX-X585-0011-R8A-SM-46MUX"	"GTEX-X585"	"Brain - Hypothalamus"	54	27	4.00733318523247	3.3322045101752
"GTEX-X585-3026-SM-46MWF"	"GTEX-X585"	"Brain - Cortex"	76	73	4.34380542185368	4.30406509320417
"GTEX-XLM4-0011-R10A-SM-4AT5P"	"GTEX-XLM4"	"Brain - Frontal Cortex (BA9)"	56	35	4.04305126783455	3.58351893845611
"GTEX-XLM4-0011-R2B-SM-4AT5Z"	"GTEX-XLM4"	"Brain - Substantia nigra"	36	35	3.61091791264422	3.58351893845611
"GTEX-XLM4-0011-R3B-SM-4AT6E"	"GTEX-XLM4"	"Brain - Anterior cingulate cortex (BA24)"	78	73	4.36944785246702	4.30406509320417
"GTEX-XLM4-0011-R4B-SM-4AT5C"	"GTEX-XLM4"	"Brain - Amygdala"	38	50	3.66356164612965	3.93182563272433
"GTEX-XLM4-0011-R6A-SM-4AT4B"	"GTEX-XLM4"	"Brain - Nucleus accumbens (basal ganglia)"	75	42	4.33073334028633	3.76120011569356
"GTEX-XLM4-0011-R7A-SM-4AT5L"	"GTEX-XLM4"	"Brain - Putamen (basal ganglia)"	43	29	3.78418963391826	3.40119738166216
"GTEX-XLM4-0011-R8A-SM-4AT44"	"GTEX-XLM4"	"Brain - Hypothalamus"	74	48	4.31748811353631	3.89182029811063
"GTEX-XLM4-0011-R9A-SM-4AT45"	"GTEX-XLM4"	"Brain - Spinal cord (cervical c-1)"	45	41	3.8286413964891	3.73766961828337
"GTEX-XLM4-2926-SM-4AT59"	"GTEX-XLM4"	"Brain - Cerebellum"	7	11	2.07944154167984	2.484906649788
"GTEX-XLM4-3026-SM-4AT6L"	"GTEX-XLM4"	"Brain - Cortex"	38	33	3.66356164612965	3.52636052461616
"GTEX-XMD1-0011-R10A-SM-4AT4A"	"GTEX-XMD1"	"Brain - Frontal Cortex (BA9)"	54	48	4.00733318523247	3.89182029811063
"GTEX-XMD1-0011-R11A-SM-4AT5J"	"GTEX-XMD1"	"Brain - Cerebellar Hemisphere"	10	3	2.39789527279837	1.38629436111989
"GTEX-XMD1-0011-R1A-SM-4AT4C"	"GTEX-XMD1"	"Brain - Hippocampus"	88	55	4.48863636973214	4.02535169073515
"GTEX-XMD1-0011-R2B-SM-4AT5N"	"GTEX-XMD1"	"Brain - Substantia nigra"	45	48	3.8286413964891	3.89182029811063
"GTEX-XMD1-0011-R3B-SM-4AT5R"	"GTEX-XMD1"	"Brain - Anterior cingulate cortex (BA24)"	44	46	3.80666248977032	3.85014760171006
"GTEX-XMD1-0011-R5A-SM-4AT47"	"GTEX-XMD1"	"Brain - Caudate (basal ganglia)"	67	62	4.21950770517611	4.14313472639153
"GTEX-XMD1-0011-R6A-SM-4AT5K"	"GTEX-XMD1"	"Brain - Nucleus accumbens (basal ganglia)"	33	39	3.52636052461616	3.68887945411394
"GTEX-XMD1-0011-R8A-SM-4AT48"	"GTEX-XMD1"	"Brain - Hypothalamus"	93	70	4.54329478227	4.26267987704132
"GTEX-XMD1-0011-R9A-SM-4AT49"	"GTEX-XMD1"	"Brain - Spinal cord (cervical c-1)"	105	67	4.66343909411207	4.21950770517611
"GTEX-XMD1-2826-SM-4AT5F"	"GTEX-XMD1"	"Brain - Cerebellum"	10	8	2.39789527279837	2.19722457733622
"GTEX-Y111-2726-SM-4TT3N"	"GTEX-Y111"	"Brain - Cortex"	117	118	4.77068462446567	4.77912349311153
"GTEX-Y111-2826-SM-4TT3O"	"GTEX-Y111"	"Brain - Cerebellum"	5	13	1.79175946922806	2.63905732961526
"GTEX-Y8DK-0011-R10A-SM-4SOK1"	"GTEX-Y8DK"	"Brain - Frontal Cortex (BA9)"	41	35	3.73766961828337	3.58351893845611
"GTEX-Y8DK-0011-R11A-SM-4SOK2"	"GTEX-Y8DK"	"Brain - Cerebellar Hemisphere"	10	3	2.39789527279837	1.38629436111989
"GTEX-Y8DK-0011-R1A-SM-4RGLO"	"GTEX-Y8DK"	"Brain - Hippocampus"	8	11	2.19722457733622	2.484906649788
"GTEX-Y8DK-0011-R3A-SM-4RTW5"	"GTEX-Y8DK"	"Brain - Anterior cingulate cortex (BA24)"	34	36	3.55534806148941	3.61091791264422
"GTEX-Y8DK-0011-R4A-SM-EXUR1"	"GTEX-Y8DK"	"Brain - Amygdala"	8	10	2.19722457733622	2.39789527279837
"GTEX-Y8DK-0011-R5B-SM-4RTW6"	"GTEX-Y8DK"	"Brain - Caudate (basal ganglia)"	22	24	3.13549421592915	3.2188758248682
"GTEX-Y8DK-0011-R6A-SM-4V6EG"	"GTEX-Y8DK"	"Brain - Nucleus accumbens (basal ganglia)"	38	32	3.66356164612965	3.49650756146648
"GTEX-Y8DK-0011-R7A-SM-4SOJZ"	"GTEX-Y8DK"	"Brain - Putamen (basal ganglia)"	24	28	3.2188758248682	3.36729582998647
"GTEX-Y8DK-0011-R8B-SM-EYYVQ"	"GTEX-Y8DK"	"Brain - Hypothalamus"	22	17	3.13549421592915	2.89037175789616
"GTEX-Y8DK-0726-SM-4TT3S"	"GTEX-Y8DK"	"Brain - Cerebellum"	20	19	3.04452243772342	2.99573227355399
"GTEX-Y8DK-0826-SM-4TT3T"	"GTEX-Y8DK"	"Brain - Cortex"	60	46	4.11087386417331	3.85014760171006
"GTEX-YFC4-0011-R10a-SM-4SOK5"	"GTEX-YFC4"	"Brain - Frontal Cortex (BA9)"	33	47	3.52636052461616	3.87120101090789
"GTEX-YFC4-0011-R11a-SM-4SOK6"	"GTEX-YFC4"	"Brain - Cerebellar Hemisphere"	25	21	3.25809653802148	3.09104245335832
"GTEX-YFC4-0011-R1a-SM-4V6EH"	"GTEX-YFC4"	"Brain - Hippocampus"	103	86	4.64439089914137	4.46590811865458
"GTEX-YFC4-0011-R2a-SM-4V6DZ"	"GTEX-YFC4"	"Brain - Substantia nigra"	73	51	4.30406509320417	3.95124371858143
"GTEX-YFC4-0011-R3a-SM-4RGLP"	"GTEX-YFC4"	"Brain - Anterior cingulate cortex (BA24)"	66	39	4.20469261939097	3.68887945411394
"GTEX-YFC4-0011-R4a-SM-4RGLQ"	"GTEX-YFC4"	"Brain - Amygdala"	57	48	4.06044301054642	3.89182029811063
"GTEX-YFC4-0011-R5a-SM-4RGLR"	"GTEX-YFC4"	"Brain - Caudate (basal ganglia)"	48	45	3.89182029811063	3.8286413964891
"GTEX-YFC4-0011-R6b-SM-4V6E1"	"GTEX-YFC4"	"Brain - Nucleus accumbens (basal ganglia)"	45	35	3.8286413964891	3.58351893845611
"GTEX-YFC4-0011-R7b-SM-4V6E2"	"GTEX-YFC4"	"Brain - Putamen (basal ganglia)"	45	23	3.8286413964891	3.17805383034795
"GTEX-YFC4-0011-R8a-SM-4SOK3"	"GTEX-YFC4"	"Brain - Hypothalamus"	25	21	3.25809653802148	3.09104245335832
"GTEX-YFC4-0011-R9a-SM-4SOK4"	"GTEX-YFC4"	"Brain - Spinal cord (cervical c-1)"	78	57	4.36944785246702	4.06044301054642
"GTEX-YFC4-3026-SM-5IFJK"	"GTEX-YFC4"	"Brain - Cerebellum"	33	31	3.52636052461616	3.46573590279973
"GTEX-YFC4-3126-SM-5PNV6"	"GTEX-YFC4"	"Brain - Cortex"	50	59	3.93182563272433	4.0943445622221
"GTEX-YJ89-0011-R10a-SM-4SOK9"	"GTEX-YJ89"	"Brain - Frontal Cortex (BA9)"	45	52	3.8286413964891	3.97029191355212
"GTEX-YJ89-0011-R11a-SM-4SOKA"	"GTEX-YJ89"	"Brain - Cerebellar Hemisphere"	5	1	1.79175946922806	0.693147180559945
"GTEX-YJ89-0011-R1a-SM-4RGLS"	"GTEX-YJ89"	"Brain - Hippocampus"	30	19	3.43398720448515	2.99573227355399
"GTEX-YJ89-0011-R2b-SM-4RGLT"	"GTEX-YJ89"	"Brain - Substantia nigra"	24	19	3.2188758248682	2.99573227355399
"GTEX-YJ89-0011-R3b-SM-4V6EF"	"GTEX-YJ89"	"Brain - Anterior cingulate cortex (BA24)"	61	59	4.12713438504509	4.0943445622221
"GTEX-YJ89-0011-R5a-SM-4V6GM"	"GTEX-YJ89"	"Brain - Caudate (basal ganglia)"	19	20	2.99573227355399	3.04452243772342
"GTEX-YJ89-0011-R6a-SM-4V6GN"	"GTEX-YJ89"	"Brain - Nucleus accumbens (basal ganglia)"	25	32	3.25809653802148	3.49650756146648
"GTEX-YJ89-0011-R7a-SM-4V6GO"	"GTEX-YJ89"	"Brain - Putamen (basal ganglia)"	29	14	3.40119738166216	2.70805020110221
"GTEX-YJ89-0011-R8b-SM-4SOK8"	"GTEX-YJ89"	"Brain - Hypothalamus"	11	14	2.484906649788	2.70805020110221
"GTEX-YJ89-0011-R9a-SM-4SOK7"	"GTEX-YJ89"	"Brain - Spinal cord (cervical c-1)"	60	50	4.11087386417331	3.93182563272433
"GTEX-YJ89-2926-SM-5P9IT"	"GTEX-YJ89"	"Brain - Cerebellum"	28	23	3.36729582998647	3.17805383034795
"GTEX-YJ89-3026-SM-5IFJI"	"GTEX-YJ89"	"Brain - Cortex"	55	41	4.02535169073515	3.73766961828337
"GTEX-Z93S-0011-R10a-SM-4RGNM"	"GTEX-Z93S"	"Brain - Frontal Cortex (BA9)"	58	54	4.07753744390572	4.00733318523247
"GTEX-Z93S-0011-R11a-SM-4RGNN"	"GTEX-Z93S"	"Brain - Cerebellar Hemisphere"	5	3	1.79175946922806	1.38629436111989
"GTEX-Z93S-0011-R2a-SM-4RGNG"	"GTEX-Z93S"	"Brain - Substantia nigra"	14	5	2.70805020110221	1.79175946922806
"GTEX-Z93S-0011-R3b-SM-4RGNH"	"GTEX-Z93S"	"Brain - Anterior cingulate cortex (BA24)"	55	40	4.02535169073515	3.71357206670431
"GTEX-Z93S-0011-R5b-SM-4RGNI"	"GTEX-Z93S"	"Brain - Caudate (basal ganglia)"	15	18	2.77258872223978	2.94443897916644
"GTEX-Z93S-0011-R6b-SM-4RGNJ"	"GTEX-Z93S"	"Brain - Nucleus accumbens (basal ganglia)"	46	35	3.85014760171006	3.58351893845611
"GTEX-Z93S-0011-R7b-SM-4RGNK"	"GTEX-Z93S"	"Brain - Putamen (basal ganglia)"	19	22	2.99573227355399	3.13549421592915
"GTEX-Z93S-0011-R8a-SM-4RGNL"	"GTEX-Z93S"	"Brain - Hypothalamus"	19	18	2.99573227355399	2.94443897916644
"GTEX-Z93S-2826-SM-57WBL"	"GTEX-Z93S"	"Brain - Cerebellum"	7	7	2.07944154167984	2.07944154167984
"GTEX-Z93S-2926-SM-57WB9"	"GTEX-Z93S"	"Brain - Cortex"	73	57	4.30406509320417	4.06044301054642
"GTEX-ZAB4-0011-R10a-SM-4SOKH"	"GTEX-ZAB4"	"Brain - Frontal Cortex (BA9)"	59	48	4.0943445622221	3.89182029811063
"GTEX-ZAB4-0011-R11a-SM-4SOKI"	"GTEX-ZAB4"	"Brain - Cerebellar Hemisphere"	8	8	2.19722457733622	2.19722457733622
"GTEX-ZAB4-0011-R1a-SM-4RGNO"	"GTEX-ZAB4"	"Brain - Hippocampus"	40	49	3.71357206670431	3.91202300542815
"GTEX-ZAB4-0011-R2a-SM-4RGNP"	"GTEX-ZAB4"	"Brain - Substantia nigra"	49	49	3.91202300542815	3.91202300542815
"GTEX-ZAB4-0011-R3a-SM-4RGNQ"	"GTEX-ZAB4"	"Brain - Anterior cingulate cortex (BA24)"	78	83	4.36944785246702	4.43081679884331
"GTEX-ZAB4-0011-R4a-SM-4SOKB"	"GTEX-ZAB4"	"Brain - Amygdala"	25	29	3.25809653802148	3.40119738166216
"GTEX-ZAB4-0011-R5a-SM-4SOKC"	"GTEX-ZAB4"	"Brain - Caudate (basal ganglia)"	39	40	3.68887945411394	3.71357206670431
"GTEX-ZAB4-0011-R6a-SM-4SOKD"	"GTEX-ZAB4"	"Brain - Nucleus accumbens (basal ganglia)"	50	24	3.93182563272433	3.2188758248682
"GTEX-ZAB4-0011-R7a-SM-4SOKE"	"GTEX-ZAB4"	"Brain - Putamen (basal ganglia)"	49	29	3.91202300542815	3.40119738166216
"GTEX-ZAB4-0011-R8b-SM-4SOKF"	"GTEX-ZAB4"	"Brain - Hypothalamus"	49	38	3.91202300542815	3.66356164612965
"GTEX-ZAB4-0011-R9a-SM-4SOKG"	"GTEX-ZAB4"	"Brain - Spinal cord (cervical c-1)"	94	76	4.55387689160054	4.34380542185368
"GTEX-ZAB4-2926-SM-57WCV"	"GTEX-ZAB4"	"Brain - Cerebellum"	15	21	2.77258872223978	3.09104245335832
"GTEX-ZAJG-3026-SM-5HL92"	"GTEX-ZAJG"	"Brain - Cerebellum"	15	20	2.77258872223978	3.04452243772342
"GTEX-ZAJG-3126-SM-5HL9J"	"GTEX-ZAJG"	"Brain - Cortex"	28	40	3.36729582998647	3.71357206670431
"GTEX-ZAK1-0011-R4a-SM-6AJBK"	"GTEX-ZAK1"	"Brain - Amygdala"	34	25	3.55534806148941	3.25809653802148
"GTEX-ZAK1-2926-SM-5HL9S"	"GTEX-ZAK1"	"Brain - Cerebellum"	14	10	2.70805020110221	2.39789527279837
"GTEX-ZAK1-3026-SM-5S2MJ"	"GTEX-ZAK1"	"Brain - Cortex"	73	72	4.30406509320417	4.29045944114839
"GTEX-ZDXO-0011-R10a-SM-4WWD8"	"GTEX-ZDXO"	"Brain - Frontal Cortex (BA9)"	43	32	3.78418963391826	3.49650756146648
"GTEX-ZDXO-0011-R11a-SM-4WWD9"	"GTEX-ZDXO"	"Brain - Cerebellar Hemisphere"	6	7	1.94591014905531	2.07944154167984
"GTEX-ZDXO-0011-R1a-SM-4WKF4"	"GTEX-ZDXO"	"Brain - Hippocampus"	39	31	3.68887945411394	3.46573590279973
"GTEX-ZDXO-0011-R2b-SM-4WKFG"	"GTEX-ZDXO"	"Brain - Substantia nigra"	27	25	3.3322045101752	3.25809653802148
"GTEX-ZDXO-0011-R3a-SM-4WKFS"	"GTEX-ZDXO"	"Brain - Anterior cingulate cortex (BA24)"	65	59	4.18965474202643	4.0943445622221
"GTEX-ZDXO-0011-R5a-SM-4WKG5"	"GTEX-ZDXO"	"Brain - Caudate (basal ganglia)"	52	40	3.97029191355212	3.71357206670431
"GTEX-ZDXO-0011-R6a-SM-4WWCT"	"GTEX-ZDXO"	"Brain - Nucleus accumbens (basal ganglia)"	52	37	3.97029191355212	3.63758615972639
"GTEX-ZDXO-0011-R7a-SM-4WWCU"	"GTEX-ZDXO"	"Brain - Putamen (basal ganglia)"	23	13	3.17805383034795	2.63905732961526
"GTEX-ZDXO-0011-R8a-SM-4WWD7"	"GTEX-ZDXO"	"Brain - Hypothalamus"	23	15	3.17805383034795	2.77258872223978
"GTEX-ZDXO-2126-SM-4WKFI"	"GTEX-ZDXO"	"Brain - Cortex"	53	54	3.98898404656427	4.00733318523247
"GTEX-ZDXO-2926-SM-4WKFM"	"GTEX-ZDXO"	"Brain - Cerebellum"	7	3	2.07944154167984	1.38629436111989
"GTEX-ZE7O-0011-R10a-SM-57WAZ"	"GTEX-ZE7O"	"Brain - Frontal Cortex (BA9)"	26	19	3.29583686600433	2.99573227355399
"GTEX-ZE7O-0011-R11a-SM-57WBC"	"GTEX-ZE7O"	"Brain - Cerebellar Hemisphere"	10	7	2.39789527279837	2.07944154167984
"GTEX-ZE7O-0011-R1a-SM-57WDM"	"GTEX-ZE7O"	"Brain - Hippocampus"	19	12	2.99573227355399	2.56494935746154
"GTEX-ZE7O-0011-R5a-SM-57WBO"	"GTEX-ZE7O"	"Brain - Caudate (basal ganglia)"	38	23	3.66356164612965	3.17805383034795
"GTEX-ZE7O-0011-R6a-SM-57WCI"	"GTEX-ZE7O"	"Brain - Nucleus accumbens (basal ganglia)"	17	12	2.89037175789616	2.56494935746154
"GTEX-ZE7O-0011-R7a-SM-57WCU"	"GTEX-ZE7O"	"Brain - Putamen (basal ganglia)"	8	12	2.19722457733622	2.56494935746154
"GTEX-ZE7O-3126-SM-5HL5X"	"GTEX-ZE7O"	"Brain - Cortex"	26	29	3.29583686600433	3.40119738166216
"GTEX-ZE9C-0011-R11a-SM-4WKGG"	"GTEX-ZE9C"	"Brain - Cerebellar Hemisphere"	5	5	1.79175946922806	1.79175946922806
"GTEX-ZE9C-0011-R2a-SM-4WKGH"	"GTEX-ZE9C"	"Brain - Substantia nigra"	31	20	3.46573590279973	3.04452243772342
"GTEX-ZE9C-0011-R3a-SM-4WKGT"	"GTEX-ZE9C"	"Brain - Anterior cingulate cortex (BA24)"	30	26	3.43398720448515	3.29583686600433
"GTEX-ZE9C-0011-R4a-SM-4WKH6"	"GTEX-ZE9C"	"Brain - Amygdala"	11	12	2.484906649788	2.56494935746154
"GTEX-ZE9C-0011-R5a-SM-5EGLO"	"GTEX-ZE9C"	"Brain - Caudate (basal ganglia)"	48	30	3.89182029811063	3.43398720448515
"GTEX-ZE9C-0011-R6a-SM-4WWCW"	"GTEX-ZE9C"	"Brain - Nucleus accumbens (basal ganglia)"	39	39	3.68887945411394	3.68887945411394
"GTEX-ZE9C-0011-R7a-SM-4WWCX"	"GTEX-ZE9C"	"Brain - Putamen (basal ganglia)"	29	28	3.40119738166216	3.36729582998647
"GTEX-ZE9C-0011-R9a-SM-4WWCY"	"GTEX-ZE9C"	"Brain - Spinal cord (cervical c-1)"	105	127	4.66343909411207	4.85203026391962
"GTEX-ZE9C-3026-SM-4WKHB"	"GTEX-ZE9C"	"Brain - Cortex"	33	33	3.52636052461616	3.52636052461616
"GTEX-ZF28-0011-R10a-SM-4WWEH"	"GTEX-ZF28"	"Brain - Frontal Cortex (BA9)"	77	69	4.35670882668959	4.24849524204936
"GTEX-ZF28-0011-R11a-SM-4WWEI"	"GTEX-ZF28"	"Brain - Cerebellar Hemisphere"	11	12	2.484906649788	2.56494935746154
"GTEX-ZF28-0011-R1a-SM-4WWD1"	"GTEX-ZF28"	"Brain - Hippocampus"	16	15	2.83321334405622	2.77258872223978
"GTEX-ZF28-0011-R3a-SM-4WWDA"	"GTEX-ZF28"	"Brain - Anterior cingulate cortex (BA24)"	44	34	3.80666248977032	3.55534806148941
"GTEX-ZF28-0011-R5a-SM-4WWCZ"	"GTEX-ZF28"	"Brain - Caudate (basal ganglia)"	42	34	3.76120011569356	3.55534806148941
"GTEX-ZF28-0011-R6a-SM-4WKHI"	"GTEX-ZF28"	"Brain - Nucleus accumbens (basal ganglia)"	46	41	3.85014760171006	3.73766961828337
"GTEX-ZF28-0011-R7a-SM-4WKF5"	"GTEX-ZF28"	"Brain - Putamen (basal ganglia)"	18	19	2.94443897916644	2.99573227355399
"GTEX-ZF28-0011-R8a-SM-4WWFW"	"GTEX-ZF28"	"Brain - Hypothalamus"	31	25	3.46573590279973	3.25809653802148
"GTEX-ZF28-0011-R9a-SM-4WWDY"	"GTEX-ZF28"	"Brain - Spinal cord (cervical c-1)"	128	104	4.85981240436167	4.65396035015752
"GTEX-ZF28-2926-SM-4WKG1"	"GTEX-ZF28"	"Brain - Cerebellum"	27	29	3.3322045101752	3.40119738166216
"GTEX-ZF28-3026-SM-4WKHP"	"GTEX-ZF28"	"Brain - Cortex"	65	61	4.18965474202643	4.12713438504509
"GTEX-ZUA1-0011-R10a-SM-51MT6"	"GTEX-ZUA1"	"Brain - Frontal Cortex (BA9)"	38	44	3.66356164612965	3.80666248977032
"GTEX-ZUA1-0011-R11b-SM-51MTI"	"GTEX-ZUA1"	"Brain - Cerebellar Hemisphere"	9	7	2.30258509299405	2.07944154167984
"GTEX-ZUA1-0011-R1a-SM-4YCE2"	"GTEX-ZUA1"	"Brain - Hippocampus"	36	30	3.61091791264422	3.43398720448515
"GTEX-ZUA1-0011-R3a-SM-4YCEE"	"GTEX-ZUA1"	"Brain - Anterior cingulate cortex (BA24)"	41	41	3.73766961828337	3.73766961828337
"GTEX-ZUA1-0011-R5b-SM-51MTG"	"GTEX-ZUA1"	"Brain - Caudate (basal ganglia)"	34	26	3.55534806148941	3.29583686600433
"GTEX-ZUA1-0011-R6b-SM-4YCDD"	"GTEX-ZUA1"	"Brain - Nucleus accumbens (basal ganglia)"	70	54	4.26267987704132	4.00733318523247
"GTEX-ZUA1-0011-R7b-SM-4YCDP"	"GTEX-ZUA1"	"Brain - Putamen (basal ganglia)"	54	43	4.00733318523247	3.78418963391826
"GTEX-ZUA1-0011-R8b-SM-51MST"	"GTEX-ZUA1"	"Brain - Hypothalamus"	29	19	3.40119738166216	2.99573227355399
"GTEX-ZUA1-2926-SM-59HL3"	"GTEX-ZUA1"	"Brain - Cerebellum"	20	13	3.04452243772342	2.63905732961526
"GTEX-ZUA1-3026-SM-59HJC"	"GTEX-ZUA1"	"Brain - Cortex"	78	60	4.36944785246702	4.11087386417331
"GTEX-ZV68-0011-R10a-SM-51MT7"	"GTEX-ZV68"	"Brain - Frontal Cortex (BA9)"	27	24	3.3322045101752	3.2188758248682
"GTEX-ZV68-0011-R2a-SM-4YCDK"	"GTEX-ZV68"	"Brain - Substantia nigra"	18	12	2.94443897916644	2.56494935746154
"GTEX-ZV68-0011-R5a-SM-4YCDW"	"GTEX-ZV68"	"Brain - Caudate (basal ganglia)"	19	11	2.99573227355399	2.484906649788
"GTEX-ZV68-0011-R6a-SM-51MSR"	"GTEX-ZV68"	"Brain - Nucleus accumbens (basal ganglia)"	15	17	2.77258872223978	2.89037175789616
"GTEX-ZV68-0011-R7a-SM-51MT4"	"GTEX-ZV68"	"Brain - Putamen (basal ganglia)"	11	12	2.484906649788	2.56494935746154
"GTEX-ZVT3-0011-R10b-SM-57WB6"	"GTEX-ZVT3"	"Brain - Frontal Cortex (BA9)"	29	21	3.40119738166216	3.09104245335832
"GTEX-ZVT3-0011-R11b-SM-57WBI"	"GTEX-ZVT3"	"Brain - Cerebellar Hemisphere"	8	1	2.19722457733622	0.693147180559945
"GTEX-ZVT3-0011-R3b-SM-51MTJ"	"GTEX-ZVT3"	"Brain - Anterior cingulate cortex (BA24)"	23	19	3.17805383034795	2.99573227355399
"GTEX-ZVT3-0011-R5a-SM-51MSI"	"GTEX-ZVT3"	"Brain - Caudate (basal ganglia)"	43	30	3.78418963391826	3.43398720448515
"GTEX-ZVT3-0011-R6a-SM-51MSU"	"GTEX-ZVT3"	"Brain - Nucleus accumbens (basal ganglia)"	28	20	3.36729582998647	3.04452243772342
"GTEX-ZVT3-0011-R7a-SM-57WCO"	"GTEX-ZVT3"	"Brain - Putamen (basal ganglia)"	17	20	2.89037175789616	3.04452243772342
"GTEX-ZVT3-0011-R8b-SM-57WDJ"	"GTEX-ZVT3"	"Brain - Hypothalamus"	19	16	2.99573227355399	2.83321334405622
"GTEX-ZVT3-2926-SM-5GU6M"	"GTEX-ZVT3"	"Brain - Cerebellum"	14	11	2.70805020110221	2.484906649788
"GTEX-ZVT3-3026-SM-5E43N"	"GTEX-ZVT3"	"Brain - Cortex"	74	52	4.31748811353631	3.97029191355212
"GTEX-ZVZQ-0011-R10b-SM-51MRT"	"GTEX-ZVZQ"	"Brain - Frontal Cortex (BA9)"	71	58	4.27666611901606	4.07753744390572
"GTEX-ZVZQ-0011-R11a-SM-51MS6"	"GTEX-ZVZQ"	"Brain - Cerebellar Hemisphere"	16	8	2.83321334405622	2.19722457733622
"GTEX-ZVZQ-0011-R1a-SM-57WBU"	"GTEX-ZVZQ"	"Brain - Hippocampus"	19	10	2.99573227355399	2.39789527279837
"GTEX-ZVZQ-0011-R3a-SM-57WC7"	"GTEX-ZVZQ"	"Brain - Anterior cingulate cortex (BA24)"	26	23	3.29583686600433	3.17805383034795
"GTEX-ZVZQ-0011-R4b-SM-57WCZ"	"GTEX-ZVZQ"	"Brain - Amygdala"	40	45	3.71357206670431	3.8286413964891
"GTEX-ZVZQ-0011-R5b-SM-57WDC"	"GTEX-ZVZQ"	"Brain - Caudate (basal ganglia)"	41	36	3.73766961828337	3.61091791264422
"GTEX-ZVZQ-0011-R6b-SM-57WAY"	"GTEX-ZVZQ"	"Brain - Nucleus accumbens (basal ganglia)"	29	27	3.40119738166216	3.3322045101752
"GTEX-ZVZQ-0011-R7b-SM-57WBB"	"GTEX-ZVZQ"	"Brain - Putamen (basal ganglia)"	47	29	3.87120101090789	3.40119738166216
"GTEX-ZVZQ-0011-R8a-SM-51MR5"	"GTEX-ZVZQ"	"Brain - Hypothalamus"	21	13	3.09104245335832	2.63905732961526
"GTEX-ZVZQ-0011-R9a-SM-51MRH"	"GTEX-ZVZQ"	"Brain - Spinal cord (cervical c-1)"	74	88	4.31748811353631	4.48863636973214
"GTEX-ZXG5-0011-R10a-SM-57WDD"	"GTEX-ZXG5"	"Brain - Frontal Cortex (BA9)"	33	35	3.52636052461616	3.58351893845611
"GTEX-ZXG5-0011-R5b-SM-57WBN"	"GTEX-ZXG5"	"Brain - Caudate (basal ganglia)"	40	31	3.71357206670431	3.46573590279973
"GTEX-ZXG5-0011-R6a-SM-57WBZ"	"GTEX-ZXG5"	"Brain - Nucleus accumbens (basal ganglia)"	59	47	4.0943445622221	3.87120101090789
"GTEX-ZXG5-0011-R7b-SM-57WCC"	"GTEX-ZXG5"	"Brain - Putamen (basal ganglia)"	24	15	3.2188758248682	2.77258872223978
"GTEX-ZXG5-0011-R8a-SM-57WD1"	"GTEX-ZXG5"	"Brain - Hypothalamus"	64	45	4.17438726989564	3.8286413964891
"GTEX-ZYFD-2926-SM-5GID9"	"GTEX-ZYFD"	"Brain - Cerebellum"	23	26	3.17805383034795	3.29583686600433
"GTEX-ZYFD-3026-SM-5E44C"	"GTEX-ZYFD"	"Brain - Cortex"	103	71	4.64439089914137	4.27666611901606
"GTEX-ZYY3-3026-SM-5GIEJ"	"GTEX-ZYY3"	"Brain - Cerebellum"	26	21	3.29583686600433	3.09104245335832
"GTEX-ZYY3-3126-SM-5SI9L"	"GTEX-ZYY3"	"Brain - Cortex"	84	59	4.44265125649032	4.0943445622221
"GTEX-ZZPT-2926-SM-5EQ5S"	"GTEX-ZZPT"	"Brain - Cerebellum"	23	14	3.17805383034795	2.70805020110221
"GTEX-ZZPT-3026-SM-5GZXH"	"GTEX-ZZPT"	"Brain - Cortex"	48	49	3.89182029811063	3.91202300542815
